ride_id,scooter_id,user_id,start_time,end_time,start_lat,start_lng,end_lat,end_lng,battery_level,user_rating
RIDE_000000,SCOOT_0048,USER_00448,2026-06-21 4:03:12,1782014832,40.7405° N,-73.938,40.742477,-73.933396,55,
RIDE_000001,SCOOT_0358,USER_00866,2026-06-08 18:23:57,06/08/2026 7:04 PM,40.711863,-74.006937,40.716601,-74.004634,1%,2
RIDE_000002,SCOOT_0275,USER_00256,1781172421,2026-06-11 10:19:01,40.710922,-74.00383,40.709532,-74.005227,34,4
RIDE_000003,SCOOT_0120,USER_00207,1782827215,06/30/2026 1:54 PM,40.705339,-74.026266,40.700164,-74.027952,99%,1
RIDE_000004,SCOOT_0274,USER_01494,2026-06-13 10:07:14,06/13/2026 10:39 AM,40.7411° N,73.9713° W,40.738419,-73.975552,10%,2
RIDE_000005,SCOOT_0017,USER_00647,1780898217,06/08/2026 6:28 AM,40.7187° N,74.0069° W,40.718865,-74.011177,100,
RIDE_000006,SCOOT_0072,USER_00506,1781343893,1781344313,40.710622,74.0056° W,40.707169,-74.004429,83,3
RIDE_000007,SCOOT_0025,USER_00225,06/24/2026 8:26 PM,1782334999,40.710397,-74.007167,40.708592,-74.00161,ERROR,
RIDE_000008,SCOOT_0349,USER_01477,06/05/2026 10:50 PM,06/05/2026 11:03 PM,40.7058° N,-74.029954,40.708298,-74.033617,71,1
RIDE_000009,SCOOT_0260,USER_00218,2026-06-04 19:33:01,06/04/2026 7:53 PM,40.765577,-74.0168,40.761593,-74.016203,34,2
RIDE_000010,SCOOT_0166,USER_01001,06/28/2026 10:45 PM,2026-06-28 23:07:59,40.7637° N,-73.964573,40.763322,-73.965476,68,5
RIDE_000011,SCOOT_0393,USER_00258,2026-06-01 4:04:22,2026-06-01 4:30:22,40.6596° N,-74.058897,40.658248,-74.055726,9%,5
RIDE_000012,SCOOT_0205,USER_01376,06/05/2026 5:18 PM,06/05/2026 5:56 PM,40.7142,-74.0131,40.715147,-74.014207,89,3
RIDE_000013,SCOOT_0363,USER_01293,2026-06-21 13:35:44,2026-06-21 14:06:44,40.769562,73.9590° W,40.772655,-73.956173,29,
RIDE_000014,SCOOT_0243,USER_00834,2026-06-02 8:20:07,2026-06-02 8:27:07,40.7446° N,-73.983784,40.745609,-73.980858,74,2
RIDE_000015,SCOOT_0373,USER_00695,06/07/2026 3:26 AM,06/07/2026 3:35 AM,40.7518° N,73.9813° W,40.748498,-73.984902,LOW,
RIDE_000016,SCOOT_0051,USER_00104,06/26/2026 3:58 AM,2026-06-26 4:16:42,40.71605,-74.000575,40.715834,-73.997564,10,5
RIDE_000017,SCOOT_0200,USER_00544,2026-06-21 19:40:55,06/21/2026 7:43 PM,40.737833,-73.948102,40.738917,-73.943488,49,
RIDE_000018,SCOOT_0030,USER_00103,06/30/2026 4:33 PM,06/30/2026 4:54 PM,40.748183,-73.936707,40.740324,-73.934241,95,3
RIDE_000019,SCOOT_0062,USER_01167,2026-06-19 17:21:33,1781891793,40.750641,-73.97398,40.750916,-73.979943,87%,4
RIDE_000020,SCOOT_0136,USER_00811,2026-06-08 21:04:40,06/08/2026 9:45 PM,40.7119° N,-74.004572,40.716355,-74.006126,86,2
RIDE_000021,SCOOT_0036,USER_00501,2026-06-05 23:30:07,06/05/2026 11:52 PM,40.7418° N,-73.995535,40.744576,-73.994549,65,3
RIDE_000022,SCOOT_0069,USER_00542,1781259753,06/12/2026 10:35 AM,40.7383,73.9577° W,40.738596,-73.954829,71,1
RIDE_000023,SCOOT_0048,USER_01300,2026-06-04 3:53:49,2026-06-04 4:31:49,40.709992,74.0073° W,40.708815,-74.011701,65,1
RIDE_000024,SCOOT_0039,USER_01416,1781431465,06/14/2026 10:09 AM,40.713984,74.0050° W,40.714,-74.00566,55%,1
RIDE_000025,SCOOT_0350,USER_00512,06/29/2026 5:25 AM,06/29/2026 6:02 AM,40.707139,-74.007683,40.70611,-74.010089,6,2
RIDE_000026,SCOOT_0092,USER_00681,1782099873,1782101373,40.7029,-74.000719,40.708533,-74.000195,23,1
RIDE_000027,SCOOT_0180,USER_00626,2026-06-26 14:59:24,1782488664,40.735751,-73.9367,40.729995,-73.936768,29,4
RIDE_000028,SCOOT_0170,USER_00057,2026-06-27 8:17:11,2026-06-27 8:34:11,40.713,-73.9961,40.712464,-73.995242,83,5
RIDE_000029,SCOOT_0131,USER_00091,2026-06-04 9:30:37,06/04/2026 9:44 AM,40.688506,74.0679° W,40.691934,-74.065618,66,1
RIDE_000030,SCOOT_0161,USER_01359,1782229954,1782230134,40.7647° N,-73.986188,40.768929,-73.990393,86,5
RIDE_000031,SCOOT_0316,USER_01166,2026-06-28 4:32:14,1782622454,40.7178° N,-73.964991,40.714866,-73.96669,49%,2
RIDE_000032,SCOOT_0243,USER_00348,2026-06-10 14:47:05,06/10/2026 3:25 PM,40.6912° N,74.0546° W,40.686541,-74.054364,57,5
RIDE_000033,SCOOT_0126,USER_00974,2026-06-22 3:05:14,1782098774,40.6793° N,73.9785° W,40.676496,-73.973878,26,five star
RIDE_000034,SCOOT_0399,USER_00871,2026-06-20 2:39:05,1781925065,40.684835,-73.994441,40.687275,-73.998134,1%,1
RIDE_000035,SCOOT_0314,USER_01474,2026-06-08 6:24:13,1780902013,40.753449,-73.9419,40.748627,-73.941303,72%,4
RIDE_000036,SCOOT_0249,USER_01284,06/29/2026 6:22 PM,2026-06-29 18:52:42,40.7541,-73.952364,40.750387,-73.956325,82,5
RIDE_000037,SCOOT_0362,USER_00439,2026-06-08 9:59:52,2026-06-08 10:30:52,40.714888,-74.004812,40.715639,-74.003773,30,2
RIDE_000038,SCOOT_0392,USER_01180,06/03/2026 3:06 PM,2026-06-03 15:35:17,40.7101,-74.005071,40.710959,-74.007214,90,
RIDE_000039,SCOOT_0250,USER_00450,1781371318,1781371498,40.7265,-74.035023,40.722942,-74.033054,70%,2
RIDE_000040,SCOOT_0014,USER_00807,2026-06-09 15:52:05,1781022365,40.708901,-74.002852,40.712377,-74.005314,17,5
RIDE_000041,SCOOT_0390,USER_00777,06/19/2026 8:32 PM,2026-06-19 21:17:55,40.716654,-74.004349,40.71912,-73.998658,28,3
RIDE_000042,SCOOT_0387,USER_00064,2026-06-09 15:20:55,06/09/2026 3:39 PM,40.7782,-73.986275,40.775524,-73.988722,100%,1
RIDE_000043,SCOOT_0311,USER_01472,2026-06-08 7:15:30,06/08/2026 7:19 AM,40.7291° N,-73.928377,40.729888,-73.925895,99%,5
RIDE_000044,SCOOT_0354,USER_01285,2026-06-04 5:57:45,2026-06-04 6:19:45,40.7129° N,-74.0002,40.712058,-73.992025,92,5
RIDE_000045,SCOOT_0332,USER_00699,1780890156,1780891476,40.7130° N,-74.005143,40.709801,-74.003696,85,5
RIDE_000046,SCOOT_0316,USER_01103,1780327057,06/01/2026 3:51 PM,40.7119,74.0031° W,40.713326,-74.003362,94,3
RIDE_000047,SCOOT_0313,USER_01369,2026-06-25 17:36:12,1782410892,40.6836,-74.018297,40.682225,-74.015728,32,5
RIDE_000048,SCOOT_0006,USER_01059,2026-06-13 12:14:52,2026-06-13 12:18:52,40.7657° N,-74.002515,40.766201,-74.001359,90,5
RIDE_000049,SCOOT_0114,USER_00829,06/07/2026 3:07 AM,2026-06-07 3:25:01,40.765423,73.9681° W,40.765597,-73.971554,3,
RIDE_000050,SCOOT_0129,USER_00473,06/23/2026 8:51 AM,06/23/2026 9:13 AM,40.768556,73.9664° W,40.771805,-73.963223,90,3
RIDE_000051,SCOOT_0306,USER_00580,06/04/2026 7:00 AM,1780557822,40.707289,-74.009751,40.708834,-74.00821,93,5
RIDE_000052,SCOOT_0327,USER_01006,2026-06-04 7:04:03,2026-06-04 7:25:03,40.71486,-73.990589,40.716573,-73.987182,N/A,2
RIDE_000053,SCOOT_0252,USER_00152,06/04/2026 12:26 AM,06/04/2026 1:05 AM,40.7166,-74.003394,40.71567,-74.001118,15,4
RIDE_000054,SCOOT_0116,USER_01071,1781909702,1781910062,40.709709,-74.006947,40.708253,-74.006702,54%,5
RIDE_000055,SCOOT_0321,USER_00433,06/13/2026 4:24 PM,06/13/2026 4:55 PM,40.7221° N,-74.013469,40.724117,-74.018307,LOW,2
RIDE_000056,SCOOT_0360,USER_00930,06/09/2026 2:57 AM,2026-06-09 3:10:21,40.710912,74.0016° W,40.711105,-74.004877,5,3
RIDE_000057,SCOOT_0031,USER_00340,06/03/2026 8:29 AM,1780476535,40.686194,-73.974408,40.684003,-73.973759,35%,1
RIDE_000058,SCOOT_0225,USER_00165,1782472319,06/26/2026 11:52 AM,40.701411,-74.001032,40.707843,-73.99913,35,4
RIDE_000059,SCOOT_0296,USER_00083,2026-06-20 1:27:04,2026-06-20 1:57:04,40.66,-73.9843,40.658012,-73.981714,3%,3
RIDE_000060,SCOOT_0171,USER_00658,1782368562,2026-06-25 6:55:42,40.7672° N,73.9735° W,40.768765,-73.970897,12,4
RIDE_000061,SCOOT_0130,USER_00663,1782100110,2026-06-22 4:01:30,40.708,-74.0073,40.706574,-74.009298,59%,
RIDE_000062,SCOOT_0390,USER_00106,06/04/2026 2:42 PM,06/04/2026 3:17 PM,40.783709,-73.9776,40.779926,-73.974847,97,4
RIDE_000063,SCOOT_0283,USER_00029,2026-06-07 9:43:23,1780827683,40.721289,-74.00187,40.716731,-74.003323,31%,3
RIDE_000064,SCOOT_0213,USER_00989,1781794276,2026-06-18 14:59:16,40.7179,74.0088° W,40.719199,-74.006507,92,3
RIDE_000065,SCOOT_0175,USER_01040,2026-06-16 8:52:26,06/16/2026 9:24 AM,40.6876° N,-74.009991,40.677838,-74.013064,99,4
RIDE_000066,SCOOT_0194,USER_00933,06/09/2026 12:05 AM,06/09/2026 12:26 AM,40.6954,-74.012956,40.700346,-74.017246,43,5
RIDE_000067,SCOOT_0198,USER_01360,06/30/2026 11:42 AM,2026-06-30 11:57:56,40.7218° N,-73.932585,40.726123,-73.936893,91%,4
RIDE_000068,SCOOT_0008,USER_01480,2026-06-26 23:44:21,1782518181,40.771663,-73.985495,40.768719,-73.984109,13,4
RIDE_000069,SCOOT_0195,USER_00649,06/05/2026 2:55 PM,1780673976,40.761981,73.9975° W,40.762191,-73.99866,43%,5
RIDE_000070,SCOOT_0228,USER_00341,2026-06-21 17:45:56,06/21/2026 6:22 PM,40.7133,-74.0034,40.718012,-74.007065,56%,1
RIDE_000071,SCOOT_0088,USER_00359,1782212051,2026-06-23 10:58:11,40.721332,-74.013808,40.720877,-74.012043,73,2
RIDE_000072,SCOOT_0239,USER_00590,06/03/2026 10:11 PM,06/03/2026 10:38 PM,40.73622,73.9477° W,40.735595,-73.949133,86,
RIDE_000073,SCOOT_0197,USER_00990,1782158043,1782158823,40.710443,-74.0026,40.711514,-74.00468,59%,2
RIDE_000074,SCOOT_0311,USER_01018,2026-06-04 8:38:11,1780563911,40.718492,-73.9819,40.720931,-73.979965,2,1
RIDE_000075,SCOOT_0322,USER_01324,2026-06-27 10:25:12,2026-06-27 10:42:12,40.74482,73.9888° W,40.747062,-73.986973,88,1
RIDE_000076,SCOOT_0272,USER_01028,06/02/2026 11:14 AM,2026-06-02 11:45:52,40.7127,-74.005531,40.716549,-74.007305,26,three
RIDE_000077,SCOOT_0073,USER_00463,1782813320,06/30/2026 10:08 AM,40.715,74.0068° W,40.714335,-74.003512,15,1
RIDE_000078,SCOOT_0327,USER_00761,1782656889,2026-06-28 15:06:09,40.716102,-74.002746,40.720018,-74.002683,87%,4
RIDE_000079,SCOOT_0333,USER_00837,1780561847,06/04/2026 9:03 AM,40.7155,-74.007241,40.7165,-74.007631,60,3
RIDE_000080,SCOOT_0215,USER_01203,1780549520,2026-06-04 5:10:20,40.69114,-74.032597,40.688685,-74.02632,48,5
RIDE_000081,SCOOT_0051,USER_01405,06/24/2026 5:37 AM,1782281193,40.76298,73.9955° W,40.766454,-73.993109,57,3
RIDE_000082,SCOOT_0011,USER_00104,06/12/2026 7:49 PM,2026-06-12 20:33:24,40.715296,-74.0035,40.71526,-74.006178,85,5
RIDE_000083,SCOOT_0306,USER_00006,2026-06-26 12:08:33,1782476793,40.7020° N,74.0015° W,40.704941,-74.001984,30,2
RIDE_000084,SCOOT_0136,USER_00108,2026-06-09 5:16:04,1780982824,40.69629,-74.012428,40.697529,-74.014119,76,2
RIDE_000085,SCOOT_0373,USER_01350,2026-06-05 15:19:36,06/05/2026 3:55 PM,40.709511,74.0050° W,40.710246,-74.006546,29,1
RIDE_000086,SCOOT_0042,USER_00660,2026-06-17 10:58:55,06/17/2026 11:30 AM,40.738979,73.9811° W,40.734635,-73.985281,57,
RIDE_000087,SCOOT_0221,USER_00204,06/20/2026 5:24 AM,06/20/2026 5:31 AM,40.7099° N,-74.006854,40.710859,-74.002428,38%,5
RIDE_000088,SCOOT_0161,USER_00875,1782446996,2026-06-26 4:53:56,40.766053,-73.971199,40.765996,-73.974206,59,1
RIDE_000089,SCOOT_0288,USER_01151,2026-06-11 9:16:48,1781170968,40.78273,-73.976973,40.783698,-73.979455,17%,5
RIDE_000090,SCOOT_0260,USER_00436,06/11/2026 4:27 AM,1781153761,40.7149,73.9999° W,40.714551,-73.998664,N/A,5
RIDE_000091,SCOOT_0315,USER_01383,2026-06-05 23:54:39,1780705659,40.715561,74.0076° W,40.716233,-74.007567,55%,5
RIDE_000092,SCOOT_0337,USER_00821,2026-06-21 20:16:12,2026-06-21 20:20:12,40.6912° N,-74.06,40.691227,-74.058466,24,5
RIDE_000093,SCOOT_0306,USER_00174,1780463395,2026-06-03 5:52:55,40.787023,-73.966315,40.793482,-73.968617,93,5
RIDE_000094,SCOOT_0387,USER_01050,06/29/2026 1:54 AM,1782698815,40.716289,74.0053° W,40.722859,-74.007692,57,2
RIDE_000095,SCOOT_0105,USER_00618,1780576442,06/04/2026 1:04 PM,40.709441,-74.008398,40.703069,-74.009975,77,
RIDE_000096,SCOOT_0037,USER_00814,2026-06-07 4:59:47,06/07/2026 5:18 AM,40.709763,-74.005398,40.710789,-73.99977,30,3
RIDE_000097,SCOOT_0011,USER_00666,1782610344,1782612144,40.7166° N,74.0083° W,40.713906,-74.006832,54%,4
RIDE_000098,SCOOT_0114,USER_00683,2026-06-06 22:30:18,1780786938,40.734995,73.9410° W,40.738534,-73.942378,51,3
RIDE_000099,SCOOT_0132,USER_00405,06/25/2026 6:07 AM,2026-06-25 6:14:17,40.7237° N,-73.958423,40.723394,-73.954709,low,2
RIDE_000100,SCOOT_0330,USER_01302,2026-06-06 21:55:57,1780783677,40.726111,73.9975° W,40.726127,-73.997347,58,5
RIDE_000101,SCOOT_0237,USER_00926,06/20/2026 11:46 AM,06/20/2026 12:29 PM,40.7110° N,74.0035° W,40.707797,-74.003936,46%,3
RIDE_000102,SCOOT_0231,USER_01171,06/02/2026 2:04 AM,1780367416,40.760406,73.9752° W,40.762541,-73.978585,75,1
RIDE_000103,SCOOT_0331,USER_00354,2026-06-21 6:51:12,2026-06-21 7:14:12,40.718218,-73.9424,40.719215,-73.944692,92,
RIDE_000104,SCOOT_0324,USER_01326,06/02/2026 9:01 AM,2026-06-02 9:32:12,40.779923,-73.965687,40.783461,-73.965484,44,1
RIDE_000105,SCOOT_0340,USER_00290,1781144639,2026-06-11 2:47:59,40.7210° N,73.9990° W,40.720296,-73.996064,low,5
RIDE_000106,SCOOT_0048,USER_01324,2026-06-30 12:44:11,1782824771,40.719008,73.9814° W,40.716113,-73.979369,43%,5
RIDE_000107,SCOOT_0040,USER_00606,06/22/2026 3:24 PM,2026-06-22 15:59:56,40.717034,-74.013,40.713484,-74.019153,29,2
RIDE_000108,SCOOT_0085,USER_01477,2026-06-28 3:40:56,2026-06-28 4:15:56,40.7435° N,-73.953649,40.748019,-73.953427,21,5
RIDE_000109,SCOOT_0241,USER_00398,1781487326,1781489066,40.7193° N,74.0115° W,40.714204,-74.011687,30,3
RIDE_000110,SCOOT_0027,USER_01314,1781297166,06/12/2026 9:17 PM,40.696881,-74.045154,40.690679,-74.045421,78,three
RIDE_000111,SCOOT_0114,USER_00924,1781616655,2026-06-16 14:08:55,40.7228° N,-73.954607,40.72391,-73.957426,low,1
RIDE_000112,SCOOT_0075,USER_00282,06/29/2026 12:43 PM,2026-06-29 12:47:40,40.6958,-74.029984,40.695635,-74.027119,13,3
RIDE_000113,SCOOT_0373,USER_01247,1780396001,06/02/2026 10:59 AM,40.6931° N,-73.9959,40.691495,-73.998298,28,5
RIDE_000114,SCOOT_0306,USER_01098,2026-06-17 15:24:36,2026-06-17 15:34:36,40.728459,73.9559° W,40.726798,-73.959498,15,4
RIDE_000115,SCOOT_0185,USER_00139,2026-06-01 23:00:31,2026-06-01 23:35:31,40.752095,74.0053° W,40.749995,-74.004653,86,
RIDE_000116,SCOOT_0035,USER_00707,06/17/2026 7:48 PM,06/17/2026 8:23 PM,40.746653,73.9724° W,40.748496,-73.970147,N/A,3
RIDE_000117,SCOOT_0357,USER_00981,06/08/2026 11:55 PM,1780965507,40.710678,-74.008303,40.709853,-74.015209,83,4
RIDE_000118,SCOOT_0264,USER_00816,1782023891,06/21/2026 6:49 AM,40.706739,-74.000533,40.711674,-74.00128,6,3
RIDE_000119,SCOOT_0224,USER_00820,1782589576,2026-06-27 20:19:16,40.715106,74.0048° W,40.724343,-74.001396,43,3
RIDE_000120,SCOOT_0221,USER_01234,2026-06-24 16:00:37,1782318457,40.712288,74.0098° W,40.707469,-74.009212,11,1
RIDE_000121,SCOOT_0229,USER_00087,2026-06-27 6:34:12,2026-06-27 7:11:12,40.709775,-74.011689,40.707835,-74.014934,22%,3
RIDE_000122,SCOOT_0016,USER_00293,06/24/2026 12:50 PM,1782307930,40.722943,74.0269° W,40.722919,-74.022427,66,2
RIDE_000123,SCOOT_0190,USER_00762,2026-06-28 22:07:15,1782686295,40.713109,-74.009445,40.717679,-74.007828,78%,4
RIDE_000124,SCOOT_0288,USER_00242,06/15/2026 2:47 AM,2026-06-15 3:26:57,40.708651,-74.0068,40.706024,-74.01091,24,4
RIDE_000125,SCOOT_0045,USER_01397,06/09/2026 9:28 AM,1780999176,40.7165,-73.998362,40.712309,-73.996673,10,4
RIDE_000126,SCOOT_0261,USER_00460,2026-06-28 11:38:09,06/28/2026 12:23 PM,40.7102,-74.0079,40.70842,-74.01054,90%,3
RIDE_000127,SCOOT_0034,USER_00634,06/04/2026 7:19 AM,06/04/2026 7:30 AM,40.7130° N,-74.009324,40.713805,-74.009475,low,1
RIDE_000128,SCOOT_0400,USER_01130,1781371539,2026-06-13 18:01:39,40.7013,74.0270° W,40.699591,-74.024685,88,2
RIDE_000129,SCOOT_0178,USER_01063,06/21/2026 9:24 PM,1782077882,40.722818,-74.025551,40.723116,-74.023297,22,2
RIDE_000130,SCOOT_0298,USER_00316,06/29/2026 10:20 AM,06/29/2026 10:28 AM,40.706122,-74.003827,40.704135,-74.002115,65,5
RIDE_000131,SCOOT_0334,USER_00432,2026-06-06 23:59:01,1780792861,40.685235,-74.0241,40.680352,-74.023953,83,3
RIDE_000132,SCOOT_0038,USER_01411,06/25/2026 8:49 PM,06/25/2026 9:18 PM,40.753594,-74.0038,40.75551,-74.008771,88,4
RIDE_000133,SCOOT_0390,USER_00759,2026-06-02 5:45:19,06/02/2026 6:16 AM,40.781778,73.9954° W,40.779823,-73.995278,45%,2
RIDE_000134,SCOOT_0128,USER_00328,06/17/2026 8:26 PM,2026-06-17 20:35:56,40.709358,-74.007538,40.712377,-74.009269,50,4
RIDE_000135,SCOOT_0202,USER_01036,1782561317,06/27/2026 12:34 PM,40.747314,-73.957794,40.748903,-73.953469,3,
RIDE_000136,SCOOT_0056,USER_00883,2026-06-15 8:45:52,06/15/2026 9:01 AM,40.699,74.0016° W,40.700698,-74.002247,69,
RIDE_000137,SCOOT_0144,USER_01277,2026-06-05 9:37:44,2026-06-05 10:03:44,40.7688° N,-73.98968,40.769083,-73.990147,50,5
RIDE_000138,SCOOT_0206,USER_01025,2026-06-22 22:14:50,06/22/2026 10:24 PM,40.7175,74.0050° W,40.718484,-74.006218,19,5
RIDE_000139,SCOOT_0084,USER_00805,2026-06-02 1:38:58,06/02/2026 1:43 AM,40.71085,74.0077° W,40.712033,-74.008993,42,3
RIDE_000140,SCOOT_0214,USER_01196,1781952821,06/20/2026 11:33 AM,40.7140° N,-73.997698,40.716572,-73.998676,48,1
RIDE_000141,SCOOT_0323,USER_01477,1781132078,1781132318,40.7132° N,74.0527° W,40.70711,-74.055686,75%,5
RIDE_000142,SCOOT_0211,USER_01028,2026-06-20 13:50:32,1781964152,40.693184,-73.94223,40.693239,-73.937201,20,2
RIDE_000143,SCOOT_0236,USER_01092,1782425747,06/25/2026 10:48 PM,40.7549° N,-73.9901,40.757427,-73.996715,49,2
RIDE_000144,SCOOT_0354,USER_01444,06/11/2026 7:53 PM,2026-06-11 20:18:21,40.693912,74.0291° W,40.689477,-74.025651,39,2
RIDE_000145,SCOOT_0177,USER_00300,1781609555,1781611535,40.714154,-74.007661,40.716052,-74.000849,49%,4
RIDE_000146,SCOOT_0357,USER_00557,06/10/2026 1:31 AM,06/10/2026 1:52 AM,40.761637,-73.980536,40.760259,-73.983085,69,5
RIDE_000147,SCOOT_0052,USER_01396,2026-06-05 3:58:36,06/05/2026 4:40 AM,40.747207,73.9523° W,40.747421,-73.953755,53,4
RIDE_000148,SCOOT_0394,USER_00184,06/25/2026 5:00 AM,1782363798,40.7224,-73.999327,40.725492,-74.000857,37,1
RIDE_000149,SCOOT_0384,USER_00593,1782075252,2026-06-21 21:11:12,40.743,-74.005275,40.74167,-74.004143,ERROR,2
RIDE_000150,SCOOT_0259,USER_00959,06/29/2026 1:21 AM,1782696290,40.715828,-74.009689,40.718437,-74.005622,68%,2
RIDE_000151,SCOOT_0090,USER_01252,1780988472,06/09/2026 7:11 AM,40.7145° N,-73.998493,40.712132,-74.002227,38,2
RIDE_000152,SCOOT_0197,USER_00483,2026-06-28 23:15:19,06/28/2026 11:43 PM,40.713326,-73.9381,40.715289,-73.938246,32,
RIDE_000153,SCOOT_0208,USER_01406,1781516595,2026-06-15 10:07:15,40.7139° N,74.0105° W,40.721257,-74.010114,16,2
RIDE_000154,SCOOT_0242,USER_01101,06/17/2026 11:19 AM,2026-06-17 11:29:20,40.6914,-74.029985,40.692831,-74.029313,78,5
RIDE_000155,SCOOT_0294,USER_01100,1782460627,2026-06-26 8:15:07,40.684691,73.9786° W,40.690337,-73.974534,73,1
RIDE_000156,SCOOT_0213,USER_00936,2026-06-05 5:59:26,2026-06-05 6:22:26,40.8150° N,-73.981424,40.811995,-73.981802,8,5
RIDE_000157,SCOOT_0278,USER_00124,1781834767,06/19/2026 2:44 AM,40.6903,74.0226° W,40.685237,-74.018028,6%,1
RIDE_000158,SCOOT_0230,USER_00774,06/30/2026 2:30 AM,1782788626,40.7122° N,-74.0077,40.709132,-74.012672,54%,4
RIDE_000159,SCOOT_0388,USER_00047,06/13/2026 2:55 AM,06/13/2026 3:40 AM,40.729263,-74.004534,40.725394,-74.008419,94,1
RIDE_000160,SCOOT_0339,USER_00859,1781110286,2026-06-10 17:28:26,40.699384,-73.97542,40.698606,-73.979929,LOW,
RIDE_000161,SCOOT_0225,USER_00480,2026-06-20 0:34:10,2026-06-20 0:52:10,40.7118° N,74.0071° W,40.703726,-74.007254,95,
RIDE_000162,SCOOT_0122,USER_00619,1781769277,2026-06-18 8:00:37,40.7119,74.0032° W,40.717423,-73.999835,99%,3
RIDE_000163,SCOOT_0177,USER_01318,2026-06-29 5:12:57,2026-06-29 5:57:57,40.7007,-74.0309,40.708442,-74.030753,ERROR,1
RIDE_000164,SCOOT_0238,USER_00119,06/22/2026 1:52 PM,2026-06-22 14:28:38,40.712856,74.0061° W,40.71345,-74.00653,29,2
RIDE_000165,SCOOT_0371,USER_00391,06/18/2026 3:01 PM,2026-06-18 15:30:30,40.701327,-74.016937,40.701229,-74.018567,48,
RIDE_000166,SCOOT_0156,USER_00032,2026-06-02 9:46:27,2026-06-02 10:13:27,40.6862,73.9859° W,40.685478,-73.981359,28%,3
RIDE_000167,SCOOT_0239,USER_01093,1780815306,1780815906,40.7301° N,-73.94937,40.733819,-73.95559,42,4
RIDE_000168,SCOOT_0161,USER_00848,06/21/2026 1:04 PM,06/21/2026 1:26 PM,40.711429,-74.0075,40.707207,-74.009819,41,3
RIDE_000169,SCOOT_0126,USER_01023,2026-06-02 20:28:51,1780433151,40.7262° N,-73.950655,40.728996,-73.94684,43,5
RIDE_000170,SCOOT_0251,USER_00377,1781826600,1781828040,40.7157° N,-74.010516,40.714113,-74.009048,46,5
RIDE_000171,SCOOT_0035,USER_01449,2026-06-30 19:44:18,1782851298,40.7245,73.9537° W,40.723736,-73.954864,53,1
RIDE_000172,SCOOT_0283,USER_00843,2026-06-05 0:19:58,06/05/2026 12:35 AM,40.7756,-73.9687,40.774536,-73.965237,3%,
RIDE_000173,SCOOT_0269,USER_00305,1780274192,2026-06-01 1:12:32,40.7273,73.9557° W,40.729058,-73.95661,23,five star
RIDE_000174,SCOOT_0335,USER_01331,2026-06-08 6:59:16,06/08/2026 7:41 AM,40.767923,-74.002622,40.770695,-74.003177,90%,1
RIDE_000175,SCOOT_0290,USER_00196,06/25/2026 1:09 AM,2026-06-25 1:17:12,40.695646,-73.98782,40.693533,-73.992045,56,3
RIDE_000176,SCOOT_0337,USER_00068,1782760426,1782760726,40.7066° N,-74.003576,40.702732,-73.998312,N/A,5
RIDE_000177,SCOOT_0347,USER_01108,2026-06-06 11:27:00,1780745460,40.6589,-73.9541,40.659494,-73.954361,73,4
RIDE_000178,SCOOT_0305,USER_00813,06/11/2026 1:58 PM,1781186971,40.747102,-73.977517,40.746989,-73.974207,44,5
RIDE_000179,SCOOT_0152,USER_00505,06/25/2026 11:52 AM,06/25/2026 11:56 AM,40.7854,-73.968194,40.784294,-73.968365,85%,5
RIDE_000180,SCOOT_0158,USER_00911,06/23/2026 2:40 AM,1782182914,40.714031,-74.012841,40.709987,-74.010611,12,
RIDE_000181,SCOOT_0307,USER_00665,2026-06-12 9:49:18,06/12/2026 9:58 AM,40.7135° N,-74.006736,40.713539,-74.005693,46,5
RIDE_000182,SCOOT_0072,USER_00551,06/28/2026 2:01 PM,2026-06-28 14:04:33,40.7106,-74.0091,40.711228,-74.012048,low,2
RIDE_000183,SCOOT_0305,USER_01263,2026-06-10 9:46:20,2026-06-10 10:20:20,40.714433,74.0128° W,40.71752,-74.011393,32,4
RIDE_000184,SCOOT_0070,USER_00616,2026-06-07 16:40:12,06/07/2026 4:49 PM,40.7138,-74.002069,40.718821,-73.999026,57,5
RIDE_000185,SCOOT_0193,USER_00575,1781215064,1781215964,40.675983,74.0316° W,40.674108,-74.031513,74,3
RIDE_000186,SCOOT_0225,USER_00597,06/27/2026 2:18 PM,06/27/2026 2:44 PM,40.714871,74.0089° W,40.715431,-74.011169,94%,2
RIDE_000187,SCOOT_0246,USER_01193,06/27/2026 2:31 AM,2026-06-27 3:00:04,40.7006° N,74.0341° W,40.6978,-74.038188,10,5
RIDE_000188,SCOOT_0394,USER_00509,06/13/2026 7:27 PM,1781380940,40.686583,-73.9877,40.683734,-73.97983,82,1
RIDE_000189,SCOOT_0133,USER_00455,06/22/2026 12:55 PM,06/22/2026 1:08 PM,40.7583° N,-73.982,40.755691,-73.979902,56,five star
RIDE_000190,SCOOT_0248,USER_00215,2026-06-17 18:53:19,06/17/2026 7:31 PM,40.688987,73.9856° W,40.696667,-73.985848,20%,1
RIDE_000191,SCOOT_0225,USER_01479,1781104122,2026-06-10 15:16:42,40.717397,-74.008813,40.717292,-74.0035,62,1
RIDE_000192,SCOOT_0265,USER_00358,2026-06-23 16:28:23,1782233483,40.710292,-73.99875,40.712415,-74.000438,22,2
RIDE_000193,SCOOT_0231,USER_01213,2026-06-18 5:49:49,06/18/2026 6:13 AM,40.795748,73.9517° W,40.797614,-73.95646,4,2
RIDE_000194,SCOOT_0101,USER_00938,2026-06-14 14:09:25,1781446345,40.7161° N,73.9402° W,40.715834,-73.938288,69,3
RIDE_000195,SCOOT_0089,USER_01380,1780565587,2026-06-04 10:18:07,40.752454,-73.994707,40.753595,-73.992875,46,5
RIDE_000196,SCOOT_0295,USER_00786,2026-06-23 10:49:46,2026-06-23 11:31:46,40.723996,-73.984384,40.726498,-73.983007,50,2
RIDE_000197,SCOOT_0249,USER_00280,06/14/2026 6:45 AM,06/14/2026 7:19 AM,40.711397,-74.039219,40.712686,-74.038596,7,1
RIDE_000198,SCOOT_0390,USER_00452,06/07/2026 1:58 PM,06/07/2026 2:36 PM,40.7885° N,-73.996735,40.785288,-73.993576,73,
RIDE_000199,SCOOT_0138,USER_01113,2026-06-10 1:11:25,1781055085,40.7126° N,74.0033° W,40.712727,-74.003185,66,five star
RIDE_000200,SCOOT_0017,USER_00922,1782566485,06/27/2026 1:58 PM,40.767166,-73.996021,40.767454,-73.997408,84%,3
RIDE_000201,SCOOT_0085,USER_01262,1781008888,2026-06-09 12:49:28,40.7493,73.9917° W,40.749976,-73.99312,91,4
RIDE_000202,SCOOT_0348,USER_00196,06/05/2026 7:31 AM,2026-06-05 7:47:22,40.725615,-74.005892,40.725055,-74.007211,38%,5
RIDE_000203,SCOOT_0296,USER_01296,1780671548,2026-06-05 15:05:08,40.74174,-74.002069,40.744835,-74.006526,87,2
RIDE_000204,SCOOT_0233,USER_01000,2026-06-09 22:51:28,1781047228,40.7139° N,-74.002441,40.714115,-73.999245,89%,3
RIDE_000205,SCOOT_0109,USER_01014,1781212278,06/11/2026 9:14 PM,40.7477° N,-73.957313,40.754551,-73.958402,69,4
RIDE_000206,SCOOT_0321,USER_00942,06/09/2026 11:45 AM,06/09/2026 12:06 PM,40.711018,-74.000186,40.715757,-74.001755,7%,
RIDE_000207,SCOOT_0048,USER_01341,1780288284,06/01/2026 4:44 AM,40.74,-73.9913,40.735963,-73.994092,39,3
RIDE_000208,SCOOT_0361,USER_00195,1781255219,2026-06-12 9:14:59,40.708783,-74.009071,40.708679,-74.008369,30%,1
RIDE_000209,SCOOT_0356,USER_00271,06/01/2026 7:46 AM,06/01/2026 8:19 AM,40.719002,-74.009993,40.721955,-74.010635,16,4
RIDE_000210,SCOOT_0329,USER_01387,1781577283,2026-06-16 2:51:43,40.712602,-74.0033,40.709234,-74.002153,100,2
RIDE_000211,SCOOT_0112,USER_00178,06/05/2026 2:29 AM,06/05/2026 3:05 AM,40.7038° N,73.9782° W,40.704697,-73.970785,53,4
RIDE_000212,SCOOT_0284,USER_01231,1782704368,06/29/2026 3:50 AM,40.687745,73.9986° W,40.685876,-74.000286,83,
RIDE_000213,SCOOT_0123,USER_01014,1781993238,06/20/2026 10:28 PM,40.735652,-73.96192,40.739914,-73.963632,96,1
RIDE_000214,SCOOT_0216,USER_00749,2026-06-13 4:06:17,1781324657,40.683853,-73.978572,40.682196,-73.976673,50,5
RIDE_000215,SCOOT_0393,USER_00851,2026-06-18 6:17:25,2026-06-18 6:50:25,40.762058,-74.015815,40.766701,-74.010427,51,5
RIDE_000216,SCOOT_0301,USER_01300,06/14/2026 2:38 PM,2026-06-14 14:46:47,40.736644,-73.975754,40.737502,-73.974751,20,4
RIDE_000217,SCOOT_0159,USER_01365,1782430775,1782433415,40.7154,-73.997959,40.714903,-74.000354,56,five star
RIDE_000218,SCOOT_0065,USER_00551,1782345452,1782346292,40.707283,-74.0089,40.707183,-74.00354,93,3
RIDE_000219,SCOOT_0029,USER_01024,06/24/2026 4:17 AM,06/24/2026 4:21 AM,40.71073,-74.0051,40.71068,-74.00154,64%,3
RIDE_000220,SCOOT_0007,USER_00501,2026-06-28 20:38:22,2026-06-28 20:51:22,40.7229° N,74.0081° W,40.721439,-74.004991,66,
RIDE_000221,SCOOT_0214,USER_01476,2026-06-02 17:10:35,1780421795,40.7155,73.9986° W,40.717279,-73.999691,ERROR,2
RIDE_000222,SCOOT_0239,USER_00579,06/11/2026 9:52 AM,1781171974,40.769813,-73.9633,40.772275,-73.961804,ERROR,
RIDE_000223,SCOOT_0253,USER_00401,06/25/2026 11:18 AM,06/25/2026 11:41 AM,40.717067,74.0013° W,40.721213,-73.999377,32%,5
RIDE_000224,SCOOT_0389,USER_01347,1782330838,2026-06-24 20:11:58,40.712132,74.0054° W,40.715751,-74.007864,2%,1
RIDE_000225,SCOOT_0119,USER_01065,1781349106,06/13/2026 11:20 AM,40.7143,-74.0076,40.714361,-74.003738,36,
RIDE_000226,SCOOT_0122,USER_00598,06/14/2026 1:33 PM,06/14/2026 2:05 PM,40.7618° N,-73.984571,40.757742,-73.982333,8%,2
RIDE_000227,SCOOT_0085,USER_00921,2026-06-09 11:28:08,2026-06-09 11:56:08,40.77431,-73.934335,40.773386,-73.933677,75,five star
RIDE_000228,SCOOT_0361,USER_01428,06/15/2026 11:26 AM,1781524500,40.713798,-73.99969,40.713512,-73.998853,12,3
RIDE_000229,SCOOT_0016,USER_00829,2026-06-20 1:28:06,1781919846,40.7736,-73.973868,40.772219,-73.973286,39,2
RIDE_000230,SCOOT_0102,USER_00821,2026-06-28 16:27:50,2026-06-28 17:05:50,40.7521° N,-73.95573,40.752472,-73.957831,100,2
RIDE_000231,SCOOT_0048,USER_00680,06/12/2026 10:56 PM,1781307654,40.71758,-74.0121,40.715903,-74.010961,83,2
RIDE_000232,SCOOT_0096,USER_00564,1780536796,06/04/2026 2:05 AM,40.7191° N,-74.006263,40.717396,-74.00062,55,2
RIDE_000233,SCOOT_0197,USER_00282,06/09/2026 4:14 PM,2026-06-09 16:26:19,40.707008,-74.014795,40.708328,-74.016301,8%,
RIDE_000234,SCOOT_0249,USER_00705,2026-06-14 7:15:43,1781423983,40.728475,-73.953833,40.729207,-73.955525,92,5
RIDE_000235,SCOOT_0242,USER_01085,2026-06-30 20:35:41,2026-06-30 21:10:41,40.7077° N,-74.00251,40.709629,-74.002808,36,
RIDE_000236,SCOOT_0295,USER_00796,2026-06-12 21:15:44,2026-06-12 21:32:44,40.794933,74.0069° W,40.790356,-74.008977,98%,2
RIDE_000237,SCOOT_0073,USER_01154,2026-06-12 6:19:28,1781246008,40.712618,74.0050° W,40.711894,-74.00397,46%,5
RIDE_000238,SCOOT_0104,USER_00268,06/07/2026 5:55 PM,2026-06-07 18:32:17,40.707794,-74.000225,40.707547,-73.996873,1,5
RIDE_000239,SCOOT_0361,USER_01357,2026-06-11 6:27:40,1781160640,40.714171,-74.004173,40.71588,-74.00283,47,3
RIDE_000240,SCOOT_0363,USER_01151,2026-06-13 21:20:10,1781386150,40.7154° N,-74.000683,40.71596,-73.998556,63%,2
RIDE_000241,SCOOT_0360,USER_01174,06/23/2026 10:20 PM,2026-06-23 22:45:40,40.712441,74.0002° W,40.710412,-73.994837,94,
RIDE_000242,SCOOT_0122,USER_00711,2026-06-13 20:39:41,1781383481,40.7126° N,74.0117° W,40.713024,-74.013766,64,five star
RIDE_000243,SCOOT_0180,USER_00526,1781158005,1781160585,40.7748° N,-73.998552,40.773474,-74.004221,27,1
RIDE_000244,SCOOT_0246,USER_01184,06/26/2026 3:56 AM,06/26/2026 3:59 AM,40.710991,-74.015696,40.706239,-74.013414,45,1
RIDE_000245,SCOOT_0281,USER_00191,2026-06-21 8:12:47,2026-06-21 8:25:47,40.7641,-73.977191,40.761215,-73.977334,49,1
RIDE_000246,SCOOT_0210,USER_01428,06/11/2026 9:37 PM,06/11/2026 10:19 PM,40.7483° N,-74.008867,40.752838,-74.006235,43,2
RIDE_000247,SCOOT_0045,USER_00604,2026-06-18 19:39:55,2026-06-18 19:58:55,40.6848° N,-74.044,40.685406,-74.050087,47,
RIDE_000248,SCOOT_0251,USER_01354,2026-06-27 22:45:31,2026-06-27 23:26:31,40.753056,-73.99914,40.750052,-73.999983,40,4
RIDE_000249,SCOOT_0289,USER_00127,06/09/2026 3:19 AM,06/09/2026 4:03 AM,40.748754,-73.993183,40.74704,-73.991465,34,3
RIDE_000250,SCOOT_0352,USER_00973,06/05/2026 3:31 AM,1780630755,40.776887,-73.949507,40.777066,-73.951448,67,5
RIDE_000251,SCOOT_0076,USER_00247,06/19/2026 8:34 AM,1781860066,40.715593,74.0044° W,40.718278,-74.002521,74,5
RIDE_000252,SCOOT_0305,USER_00529,1782404456,1782405296,40.733791,-74.016705,40.737743,-74.016112,ERROR,2
RIDE_000253,SCOOT_0215,USER_00231,06/11/2026 2:26 AM,2026-06-11 2:34:23,40.721101,-74.008757,40.726309,-74.008163,90,5
RIDE_000254,SCOOT_0211,USER_00541,1781414813,1781415533,40.6875,73.9977° W,40.686511,-73.996405,37,3
RIDE_000255,SCOOT_0354,USER_00487,2026-06-13 23:50:24,2026-06-14 0:24:24,40.793557,73.9827° W,40.793484,-73.976247,5%,3
RIDE_000256,SCOOT_0117,USER_00276,2026-06-02 17:18:07,1780421887,40.782951,-73.977,40.783065,-73.976613,88,
RIDE_000257,SCOOT_0192,USER_00116,06/10/2026 4:07 PM,06/10/2026 4:30 PM,40.715254,-74.010091,40.714482,-74.015097,95,5
RIDE_000258,SCOOT_0030,USER_00511,06/17/2026 5:47 AM,2026-06-17 5:54:16,40.7144,-74.0034,40.712947,-73.998689,25,2
RIDE_000259,SCOOT_0305,USER_00914,2026-06-02 16:37:07,1780418587,40.706085,73.9645° W,40.706758,-73.961346,4,4
RIDE_000260,SCOOT_0293,USER_00439,2026-06-06 17:16:44,1780768604,40.7951° N,73.9868° W,40.798315,-73.986893,50,
RIDE_000261,SCOOT_0332,USER_00355,2026-06-28 8:03:32,06/28/2026 8:47 AM,40.712109,-74.0025,40.714066,-74.007195,LOW,2
RIDE_000262,SCOOT_0130,USER_00447,1781914709,2026-06-20 0:35:29,40.7187,74.0005° W,40.716829,-73.999292,49,4
RIDE_000263,SCOOT_0145,USER_00612,06/15/2026 11:00 AM,2026-06-15 11:36:02,40.716,-74.0036,40.71433,-74.005601,72,5
RIDE_000264,SCOOT_0265,USER_00493,1782100569,06/22/2026 4:29 AM,40.7127,-74.001309,40.714329,-74.002421,84%,2
RIDE_000265,SCOOT_0299,USER_01451,1782698641,1782701101,40.7768° N,-74.0346,40.78028,-74.03979,54,1
RIDE_000266,SCOOT_0093,USER_00602,1781852092,06/19/2026 7:18 AM,40.723351,-73.9576,40.719467,-73.954111,39,5
RIDE_000267,SCOOT_0216,USER_00679,1780592906,2026-06-04 17:19:26,40.7395° N,-73.96107,40.739405,-73.959639,46,3
RIDE_000268,SCOOT_0257,USER_00246,1781256552,06/12/2026 10:09 AM,40.7131,74.0111° W,40.716096,-74.012613,LOW,2
RIDE_000269,SCOOT_0074,USER_00648,2026-06-28 13:53:46,1782656986,40.706574,-74.007712,40.711076,-74.005162,73,4
RIDE_000270,SCOOT_0391,USER_00181,2026-06-28 6:33:59,2026-06-28 6:41:59,40.705827,-74.012985,40.704862,-74.006755,74,4
RIDE_000271,SCOOT_0098,USER_00037,06/05/2026 10:22 PM,06/05/2026 10:52 PM,40.713739,-74.000199,40.71683,-73.999483,2%,5
RIDE_000272,SCOOT_0024,USER_00611,1782086940,06/22/2026 12:52 AM,40.725419,-73.939127,40.725204,-73.939239,22%,
RIDE_000273,SCOOT_0010,USER_00468,06/10/2026 4:35 PM,1781111519,40.775953,-73.9766,40.778151,-73.976803,97,4
RIDE_000274,SCOOT_0320,USER_00100,06/08/2026 4:46 AM,2026-06-08 5:02:37,40.7021° N,74.0280° W,40.704822,-74.026925,82,5
RIDE_000275,SCOOT_0106,USER_01424,1781919886,2026-06-20 2:29:46,40.716792,-74.017585,40.723057,-74.018004,33,2
RIDE_000276,SCOOT_0061,USER_00579,06/22/2026 10:56 PM,06/22/2026 10:59 PM,40.717233,74.0102° W,40.719071,-74.01332,14,5
RIDE_000277,SCOOT_0255,USER_00426,2026-06-04 3:52:08,2026-06-04 4:26:08,40.710305,-73.998344,40.709733,-73.997692,38%,5
RIDE_000278,SCOOT_0371,USER_01482,2026-06-23 17:30:01,2026-06-23 17:54:01,40.71628,74.0040° W,40.716732,-74.002922,12,1
RIDE_000279,SCOOT_0347,USER_00641,1780564740,2026-06-04 10:03:00,40.722414,-74.00623,40.723017,-74.003079,6,3
RIDE_000280,SCOOT_0191,USER_00702,2026-06-14 4:13:11,2026-06-14 4:22:11,40.7705° N,-73.961959,40.772427,-73.965388,80,1
RIDE_000281,SCOOT_0082,USER_00213,2026-06-06 4:08:40,06/06/2026 4:36 AM,40.8158,73.9941° W,40.816677,-73.99639,22%,five star
RIDE_000282,SCOOT_0248,USER_01000,2026-06-14 21:30:30,06/14/2026 10:03 PM,40.781817,-73.964625,40.782781,-73.963359,94%,2
RIDE_000283,SCOOT_0343,USER_00693,2026-06-04 14:58:27,2026-06-04 15:29:27,40.7193° N,74.0042° W,40.718522,-74.001294,74,2
RIDE_000284,SCOOT_0028,USER_00024,06/17/2026 7:02 PM,2026-06-17 19:44:44,40.717558,74.0109° W,40.71935,-74.008807,72,5
RIDE_000285,SCOOT_0330,USER_00776,1782020568,2026-06-21 6:17:48,40.777149,-73.943686,40.776699,-73.943309,LOW,5
RIDE_000286,SCOOT_0207,USER_00845,06/13/2026 8:33 AM,1781340081,40.697039,-73.987688,40.69375,-73.992009,84,
RIDE_000287,SCOOT_0175,USER_00745,2026-06-02 20:17:04,06/02/2026 8:55 PM,40.7192° N,-74.009388,40.716204,-74.015848,27,4
RIDE_000288,SCOOT_0338,USER_00455,06/27/2026 1:58 AM,06/27/2026 2:15 AM,40.748621,74.0041° W,40.753547,-74.001032,15%,
RIDE_000289,SCOOT_0055,USER_00521,06/01/2026 12:25 PM,06/01/2026 12:50 PM,40.675437,-73.9995,40.678382,-74.000426,92,4
RIDE_000290,SCOOT_0064,USER_00923,1781939279,2026-06-20 7:22:59,40.7028,-73.996836,40.698634,-74.001772,97,5
RIDE_000291,SCOOT_0400,USER_00363,1781567905,2026-06-16 0:38:25,40.7333° N,73.9572° W,40.737404,-73.955513,75,5
RIDE_000292,SCOOT_0141,USER_00815,2026-06-23 21:03:52,06/23/2026 9:17 PM,40.7247° N,-73.988932,40.726972,-73.988088,54,2
RIDE_000293,SCOOT_0324,USER_00446,06/11/2026 10:42 AM,1781176417,40.7149° N,-74.007252,40.712622,-74.008094,41%,5
RIDE_000294,SCOOT_0364,USER_00237,1780817887,2026-06-07 8:20:07,40.7275° N,-73.9796,40.724575,-73.982878,70,3
RIDE_000295,SCOOT_0055,USER_00052,1782391768,1782394048,40.7041° N,-73.9602,40.706853,-73.964871,55,5
RIDE_000296,SCOOT_0105,USER_01109,2026-06-13 5:17:28,1781328208,40.7108,73.9164° W,40.70786,-73.917058,8,3
RIDE_000297,SCOOT_0355,USER_01361,1780405413,1780407273,40.715,74.0099° W,40.715316,-74.013875,31%,3
RIDE_000298,SCOOT_0387,USER_01206,1780408414,2026-06-02 14:20:34,40.7494° N,-73.971204,40.744594,-73.969883,57,3
RIDE_000299,SCOOT_0220,USER_00572,2026-06-18 21:58:07,2026-06-18 22:13:07,40.7302° N,-73.92415,40.730879,-73.920058,66,five star
RIDE_000300,SCOOT_0339,USER_00617,1781775434,2026-06-18 9:48:14,40.713301,-74.0077,40.713668,-74.006088,42,5
RIDE_000301,SCOOT_0275,USER_00827,1781643061,2026-06-16 21:29:01,40.712995,-74.005838,40.710889,-74.007826,65,5
RIDE_000302,SCOOT_0059,USER_01370,2026-06-03 12:43:16,2026-06-03 13:00:16,40.7333,73.9426° W,40.729616,-73.944687,72,1
RIDE_000303,SCOOT_0371,USER_00580,1781280814,2026-06-12 16:31:34,40.686132,-73.9701,40.685247,-73.966358,15,5
RIDE_000304,SCOOT_0274,USER_00016,06/01/2026 6:49 PM,2026-06-01 19:15:06,40.7354,-73.96242,40.732924,-73.955985,13,5
RIDE_000305,SCOOT_0383,USER_01406,1782008581,06/21/2026 2:39 AM,40.706848,-73.929004,40.708749,-73.927762,95%,1
RIDE_000306,SCOOT_0199,USER_00924,2026-06-05 0:51:53,2026-06-05 1:23:53,40.7447° N,73.9883° W,40.744826,-73.988737,30%,4
RIDE_000307,SCOOT_0184,USER_01030,06/21/2026 2:43 PM,2026-06-21 15:13:31,40.716656,73.9972° W,40.714983,-74.001267,96,1
RIDE_000308,SCOOT_0280,USER_00605,1780569189,06/04/2026 10:55 AM,40.687434,73.9929° W,40.685023,-73.987988,69,4
RIDE_000309,SCOOT_0281,USER_00175,1782018884,2026-06-21 5:36:44,40.795,-73.988672,40.796661,-73.983787,74,5
RIDE_000310,SCOOT_0344,USER_01162,1781077132,1781078632,40.711283,-74.006814,40.709538,-74.009859,33%,2
RIDE_000311,SCOOT_0052,USER_00584,2026-06-28 1:58:48,1782614208,40.735914,-73.992479,40.736017,-73.994789,43%,2
RIDE_000312,SCOOT_0087,USER_00010,06/20/2026 2:32 AM,06/20/2026 2:47 AM,40.713735,74.0122° W,40.714728,-74.009723,47%,4
RIDE_000313,SCOOT_0250,USER_01130,2026-06-11 8:57:46,06/11/2026 9:14 AM,40.6662° N,-74.001319,40.669908,-74.004948,58,3
RIDE_000314,SCOOT_0260,USER_01294,1780554238,2026-06-04 7:07:58,40.722651,-74.03612,40.720536,-74.036287,10,1
RIDE_000315,SCOOT_0201,USER_00458,2026-06-01 21:11:09,2026-06-01 21:51:09,40.711667,-73.9865,40.713283,-73.989242,84,3
RIDE_000316,SCOOT_0072,USER_00914,06/29/2026 9:28 PM,2026-06-29 21:49:00,40.713477,-74.011655,40.713144,-74.014367,79,5
RIDE_000317,SCOOT_0022,USER_01370,1780727480,06/06/2026 7:10 AM,40.698089,-73.981278,40.701363,-73.979451,9,2
RIDE_000318,SCOOT_0380,USER_00540,1780858280,1780859840,40.708431,74.0073° W,40.71207,-74.00684,67,3
RIDE_000319,SCOOT_0265,USER_00832,06/19/2026 7:49 PM,06/19/2026 8:28 PM,40.7221° N,-74.0044,40.722653,-74.005354,49,2
RIDE_000320,SCOOT_0081,USER_00742,2026-06-12 12:33:44,1781269664,40.703171,-73.991049,40.705295,-73.988179,36,2
RIDE_000321,SCOOT_0012,USER_00500,1781929109,1781931809,40.709656,-74.011325,40.704147,-74.009801,21,4
RIDE_000322,SCOOT_0307,USER_01155,06/02/2026 4:39 AM,2026-06-02 5:18:22,40.6907° N,-74.049058,40.691898,-74.041579,24,4
RIDE_000323,SCOOT_0393,USER_00373,2026-06-21 0:40:40,06/21/2026 1:25 AM,40.757879,-73.96873,40.758124,-73.969027,53,5
RIDE_000324,SCOOT_0268,USER_01033,1781980552,1781981692,40.7165° N,-74.007161,40.717278,-74.006196,17,1
RIDE_000325,SCOOT_0338,USER_00267,06/22/2026 3:17 PM,06/22/2026 3:29 PM,40.699438,73.9862° W,40.698913,-73.988426,16,
RIDE_000326,SCOOT_0180,USER_01207,06/29/2026 9:58 PM,06/29/2026 10:35 PM,40.71683,-74.026769,40.716915,-74.026797,62,4
RIDE_000327,SCOOT_0364,USER_00015,06/26/2026 8:58 PM,2026-06-26 21:07:33,40.7109,-74.035006,40.710843,-74.032553,53,1
RIDE_000328,SCOOT_0275,USER_00868,06/19/2026 7:01 PM,1781896290,40.733904,-73.997644,40.733935,-74.001579,84,3
RIDE_000329,SCOOT_0130,USER_00629,1781875125,1781877645,40.70854,74.0072° W,40.706711,-74.007782,48,4
RIDE_000330,SCOOT_0315,USER_01428,1781872335,06/19/2026 1:00 PM,40.7591° N,-73.974906,40.758922,-73.973447,52,5
RIDE_000331,SCOOT_0114,USER_00760,06/22/2026 1:53 AM,1782094002,40.7131,-74.013902,40.71024,-74.014334,12%,
RIDE_000332,SCOOT_0006,USER_00414,06/03/2026 10:10 PM,06/03/2026 10:15 PM,40.6819° N,73.9968° W,40.686498,-73.993145,low,4
RIDE_000333,SCOOT_0081,USER_00178,2026-06-28 23:54:59,06/29/2026 12:30 AM,40.711946,-74.000037,40.712392,-74.001048,5,1
RIDE_000334,SCOOT_0299,USER_00713,06/09/2026 2:32 PM,06/09/2026 2:57 PM,40.6938° N,-74.014849,40.692667,-74.014338,37,5
RIDE_000335,SCOOT_0151,USER_00697,06/12/2026 10:04 AM,06/12/2026 10:21 AM,40.733811,-73.935139,40.735122,-73.931567,72,
RIDE_000336,SCOOT_0349,USER_00944,2026-06-04 18:41:17,06/04/2026 7:00 PM,40.719491,-74.017698,40.711829,-74.014895,44,4
RIDE_000337,SCOOT_0265,USER_01098,2026-06-29 21:21:56,06/29/2026 9:25 PM,40.6619,74.0490° W,40.658352,-74.054401,41,3
RIDE_000338,SCOOT_0138,USER_00375,06/01/2026 9:35 AM,1780307597,40.714966,74.0030° W,40.713236,-74.010737,41,5
RIDE_000339,SCOOT_0062,USER_00161,1782284125,1782286165,40.719675,-73.927364,40.715238,-73.926814,80,1
RIDE_000340,SCOOT_0094,USER_01047,1782150974,1782153494,40.7127,-74.003683,40.713098,-74.006602,74,4
RIDE_000341,SCOOT_0235,USER_00247,2026-06-09 14:29:10,1781016370,40.736731,-74.009171,40.73665,-74.01197,51,2
RIDE_000342,SCOOT_0122,USER_00552,2026-06-23 18:52:02,1782242642,40.711027,-74.009539,40.710508,-74.004404,34,3
RIDE_000343,SCOOT_0068,USER_01180,06/16/2026 10:19 PM,2026-06-16 22:43:18,40.7073° N,-74.012454,40.711726,-74.013082,36,5
RIDE_000344,SCOOT_0216,USER_01024,06/22/2026 8:19 AM,1782116898,40.717219,-73.9144,40.715402,-73.908924,61%,2
RIDE_000345,SCOOT_0131,USER_00976,1780700260,2026-06-05 23:33:40,40.7750° N,73.9874° W,40.78143,-73.989175,89,2
RIDE_000346,SCOOT_0296,USER_01180,2026-06-27 22:55:57,06/27/2026 11:04 PM,40.7762° N,-73.9716,40.780147,-73.96693,53,1
RIDE_000347,SCOOT_0238,USER_01294,1782085082,06/22/2026 12:15 AM,40.7129° N,-74.009014,40.714308,-74.011047,11%,3
RIDE_000348,SCOOT_0335,USER_00597,06/05/2026 6:06 AM,06/05/2026 6:49 AM,40.801668,-73.9749,40.800572,-73.974315,44,3
RIDE_000349,SCOOT_0012,USER_00257,1782207858,1782210318,40.6623,74.0639° W,40.665859,-74.065903,58,2
RIDE_000350,SCOOT_0395,USER_00814,1782289953,1782292653,40.708612,-74.003853,40.712169,-74.001697,61,1
RIDE_000351,SCOOT_0068,USER_01079,2026-06-17 3:01:51,06/17/2026 3:10 AM,40.7168,-74.009027,40.712519,-74.004523,37,2
RIDE_000352,SCOOT_0358,USER_01105,06/27/2026 6:12 AM,1782541001,40.7115,-74.007003,40.715494,-74.005335,35,2
RIDE_000353,SCOOT_0158,USER_00750,06/06/2026 9:30 PM,06/06/2026 10:11 PM,40.709618,-73.9447,40.707687,-73.941916,30,4
RIDE_000354,SCOOT_0387,USER_00978,2026-06-14 9:27:33,1781429973,40.713,-74.004926,40.717613,-74.003402,2,4
RIDE_000355,SCOOT_0194,USER_00452,2026-06-10 0:19:57,2026-06-10 0:49:57,40.711266,-73.96655,40.710171,-73.969067,51%,4
RIDE_000356,SCOOT_0212,USER_00386,1780973582,1780975382,40.728,74.0073° W,40.734172,-74.010637,96,3
RIDE_000357,SCOOT_0026,USER_01096,2026-06-28 2:29:33,06/28/2026 2:43 AM,40.711915,74.0071° W,40.712837,-74.00466,42,
RIDE_000358,SCOOT_0256,USER_00761,2026-06-01 6:46:11,06/01/2026 6:55 AM,40.716242,-74.008332,40.715741,-74.007485,28,3
RIDE_000359,SCOOT_0196,USER_00026,1781485759,2026-06-15 1:33:19,40.711805,-73.999571,40.713278,-73.997366,24,3
RIDE_000360,SCOOT_0200,USER_01396,2026-06-04 9:03:51,1780565451,40.796358,73.9477° W,40.796901,-73.951621,86,4
RIDE_000361,SCOOT_0058,USER_00484,1781091944,06/10/2026 11:58 AM,40.756394,-73.998727,40.754808,-73.996968,47,2
RIDE_000362,SCOOT_0191,USER_00184,1782056906,06/21/2026 4:11 PM,40.717753,-74.005915,40.71868,-74.000808,ERROR,2
RIDE_000363,SCOOT_0055,USER_00258,06/08/2026 5:44 AM,1780899509,40.7138,73.9956° W,40.71546,-74.000876,83,5
RIDE_000364,SCOOT_0249,USER_01448,1781598497,06/16/2026 8:51 AM,40.776467,73.9700° W,40.780336,-73.967957,18,1
RIDE_000365,SCOOT_0083,USER_00142,2026-06-15 20:21:12,2026-06-15 20:42:12,40.780331,73.9957° W,40.779704,-73.998238,77,5
RIDE_000366,SCOOT_0187,USER_01271,2026-06-17 5:38:39,06/17/2026 6:09 AM,40.710478,74.0036° W,40.715488,-74.002462,24,5
RIDE_000367,SCOOT_0057,USER_00198,1780918834,2026-06-08 11:47:34,40.7250° N,73.9591° W,40.728572,-73.960937,37,3
RIDE_000368,SCOOT_0337,USER_01004,1781740762,2026-06-18 0:06:22,40.712264,-74.005941,40.709909,-74.003996,5,4
RIDE_000369,SCOOT_0240,USER_01309,06/17/2026 10:43 PM,06/17/2026 11:23 PM,40.712316,-74.0043,40.709654,-74.005634,63,1
RIDE_000370,SCOOT_0156,USER_00160,1780405707,1780407987,40.720548,74.0163° W,40.725729,-74.017456,94,
RIDE_000371,SCOOT_0213,USER_00217,2026-06-07 18:54:49,06/07/2026 7:03 PM,40.713699,74.0023° W,40.709444,-74.007552,23%,5
RIDE_000372,SCOOT_0274,USER_01229,06/25/2026 11:15 PM,06/25/2026 11:54 PM,40.7067,-74.00095,40.705042,-73.993275,52,2
RIDE_000373,SCOOT_0193,USER_01127,1781527779,06/15/2026 1:12 PM,40.7501° N,-73.9739,40.754741,-73.967891,31,2
RIDE_000374,SCOOT_0004,USER_00616,1782810903,2026-06-30 9:41:03,40.82433,-73.947033,40.827402,-73.945255,18,3
RIDE_000375,SCOOT_0236,USER_00729,1780904957,1780906337,40.715913,74.0082° W,40.713459,-74.008215,74%,1
RIDE_000376,SCOOT_0248,USER_00355,06/05/2026 5:02 AM,2026-06-05 5:21:21,40.7121,-74.007813,40.714208,-74.004947,28,3
RIDE_000377,SCOOT_0214,USER_00247,2026-06-16 20:58:47,1781644067,40.690968,74.0149° W,40.687543,-74.01553,N/A,4
RIDE_000378,SCOOT_0079,USER_00104,06/28/2026 8:15 AM,06/28/2026 8:59 AM,40.734064,-74.023031,40.733816,-74.023396,73,1
RIDE_000379,SCOOT_0281,USER_00818,06/22/2026 2:18 PM,2026-06-22 14:49:15,40.730769,-73.975384,40.727696,-73.969821,11,1
RIDE_000380,SCOOT_0127,USER_00497,1780974351,06/09/2026 3:33 AM,40.737221,-73.994358,40.736541,-73.997236,72%,5
RIDE_000381,SCOOT_0395,USER_00625,1780479698,2026-06-03 10:11:38,40.7113° N,-74.001645,40.716965,-73.997015,42,1
RIDE_000382,SCOOT_0058,USER_00112,06/06/2026 12:43 PM,06/06/2026 1:25 PM,40.7733,-73.993592,40.773746,-73.998898,20%,1
RIDE_000383,SCOOT_0105,USER_01120,2026-06-08 22:36:36,1780958916,40.695663,-74.047452,40.694265,-74.052236,27,2
RIDE_000384,SCOOT_0103,USER_01427,1781688302,06/17/2026 10:03 AM,40.723072,-74.0167,40.719562,-74.025271,33,3
RIDE_000385,SCOOT_0333,USER_00792,2026-06-20 9:52:37,06/20/2026 9:58 AM,40.7478° N,-73.9503,40.752833,-73.951626,14,
RIDE_000386,SCOOT_0021,USER_00507,1780926699,06/08/2026 2:26 PM,40.7460° N,-73.976125,40.742961,-73.975219,59,1
RIDE_000387,SCOOT_0142,USER_00127,06/30/2026 7:16 PM,2026-06-30 19:38:31,40.715864,-74.001092,40.715564,-74.001703,31%,5
RIDE_000388,SCOOT_0196,USER_01067,1782033774,1782035394,40.73084,-74.002238,40.730161,-74.001136,18,
RIDE_000389,SCOOT_0298,USER_01109,2026-06-22 22:17:54,2026-06-22 23:00:54,40.7244,-74.0249,40.72885,-74.025677,70,1
RIDE_000390,SCOOT_0081,USER_00651,1782112917,06/22/2026 7:32 AM,40.712715,-74.009,40.705442,-74.006337,low,5
RIDE_000391,SCOOT_0227,USER_01305,2026-06-03 20:17:31,1780520071,40.772737,-73.991127,40.772938,-73.989579,53,3
RIDE_000392,SCOOT_0119,USER_01408,2026-06-30 9:58:07,2026-06-30 10:10:07,40.7267,73.9961° W,40.729132,-73.999844,79%,2
RIDE_000393,SCOOT_0084,USER_00396,2026-06-01 13:04:49,1780319569,40.788971,73.9983° W,40.79037,-73.998439,50,2
RIDE_000394,SCOOT_0225,USER_01264,1780881024,1780882764,40.716097,73.9624° W,40.713894,-73.964836,27,
RIDE_000395,SCOOT_0305,USER_01099,06/16/2026 11:49 AM,2026-06-16 12:21:44,40.7101° N,-73.985827,40.707064,-73.985642,79,5
RIDE_000396,SCOOT_0199,USER_01058,06/17/2026 11:21 PM,1781738768,40.7917,-73.957338,40.792206,-73.958439,95,
RIDE_000397,SCOOT_0354,USER_01059,06/25/2026 10:57 PM,1782428620,40.7095° N,-74.005655,40.706273,-74.014419,38,1
RIDE_000398,SCOOT_0166,USER_00924,2026-06-29 5:10:43,06/29/2026 5:42 AM,40.791831,73.9531° W,40.784742,-73.95615,70,2
RIDE_000399,SCOOT_0047,USER_00234,1780295445,2026-06-01 7:02:45,40.742983,73.8941° W,40.743045,-73.896234,21%,1
RIDE_000400,SCOOT_0394,USER_00350,06/23/2026 4:21 PM,06/23/2026 5:04 PM,40.7121° N,-74.0005,40.710131,-74.002898,ERROR,1
RIDE_000401,SCOOT_0148,USER_01283,2026-06-30 12:12:14,2026-06-30 12:51:14,40.7031° N,-74.025067,40.703513,-74.020193,94,4
RIDE_000402,SCOOT_0122,USER_00445,06/06/2026 4:16 AM,2026-06-06 4:27:48,40.754862,-73.9907,40.753986,-73.995437,1,4
RIDE_000403,SCOOT_0076,USER_00113,06/19/2026 5:19 PM,2026-06-19 17:51:12,40.7757,-73.987057,40.775121,-73.977477,27%,
RIDE_000404,SCOOT_0083,USER_01377,2026-06-21 12:42:26,06/21/2026 12:47 PM,40.7140° N,-74.009007,40.712716,-74.005562,14,2
RIDE_000405,SCOOT_0154,USER_00662,06/10/2026 10:14 PM,06/10/2026 10:59 PM,40.7028,74.0168° W,40.705523,-74.01877,5,
RIDE_000406,SCOOT_0314,USER_00120,2026-06-12 13:47:48,06/12/2026 1:54 PM,40.786366,-73.9464,40.785024,-73.942556,53,2
RIDE_000407,SCOOT_0270,USER_01178,06/04/2026 8:48 PM,1780608670,40.7594,-73.9684,40.760811,-73.970984,78,3
RIDE_000408,SCOOT_0001,USER_00243,06/20/2026 12:53 PM,06/20/2026 1:04 PM,40.770229,-73.950601,40.769225,-73.951812,91%,2
RIDE_000409,SCOOT_0354,USER_00577,1780332933,1780335513,40.711498,-73.926728,40.717685,-73.929931,82%,2
RIDE_000410,SCOOT_0090,USER_00398,06/09/2026 2:28 AM,1780973411,40.712897,-74.000351,40.712658,-73.998994,73,1
RIDE_000411,SCOOT_0381,USER_00115,06/11/2026 12:18 PM,06/11/2026 12:51 PM,40.7272° N,-73.9771,40.726591,-73.974177,43,4
RIDE_000412,SCOOT_0077,USER_00575,06/27/2026 6:58 PM,2026-06-27 19:20:18,40.7851° N,-73.925809,40.786887,-73.924831,N/A,
RIDE_000413,SCOOT_0364,USER_00065,1782522485,06/27/2026 1:32 AM,40.752788,73.9751° W,40.753803,-73.97595,97,3
RIDE_000414,SCOOT_0048,USER_00909,06/09/2026 3:04 PM,1781017926,40.733969,-73.908848,40.73095,-73.905428,48,2
RIDE_000415,SCOOT_0265,USER_01386,2026-06-17 0:54:28,1781659648,40.7391° N,-74.008361,40.732777,-74.010185,19,1
RIDE_000416,SCOOT_0053,USER_01067,2026-06-05 7:28:14,2026-06-05 7:33:14,40.77484,-73.9685,40.771842,-73.969972,43,1
RIDE_000417,SCOOT_0344,USER_00241,1782431974,06/26/2026 12:21 AM,40.716162,-74.003813,40.715446,-74.004914,69,4
RIDE_000418,SCOOT_0294,USER_00502,2026-06-09 5:26:11,06/09/2026 5:39 AM,40.711233,-74.00969,40.716079,-74.010657,41,3
RIDE_000419,SCOOT_0219,USER_00803,06/06/2026 2:35 AM,2026-06-06 2:57:37,40.785743,-73.9472,40.788738,-73.948469,50,
RIDE_000420,SCOOT_0387,USER_00954,06/06/2026 9:42 PM,2026-06-06 22:22:14,40.7912,73.9717° W,40.788463,-73.970711,69%,
RIDE_000421,SCOOT_0187,USER_00803,2026-06-19 4:47:54,2026-06-19 4:55:54,40.7595° N,73.9474° W,40.758125,-73.946843,29,three
RIDE_000422,SCOOT_0261,USER_00211,2026-06-06 12:01:36,2026-06-06 12:24:36,40.754066,-73.9909,40.755826,-73.992303,45,2
RIDE_000423,SCOOT_0197,USER_00136,1781322822,06/13/2026 4:16 AM,40.775426,-74.01242,40.775805,-74.006603,71%,4
RIDE_000424,SCOOT_0250,USER_00235,06/11/2026 7:34 AM,06/11/2026 8:14 AM,40.6861° N,-74.022355,40.687635,-74.021816,95%,5
RIDE_000425,SCOOT_0168,USER_01013,2026-06-19 21:42:08,06/19/2026 10:14 PM,40.714203,-74.004043,40.716107,-74.000714,88%,4
RIDE_000426,SCOOT_0200,USER_01261,2026-06-21 2:14:18,06/21/2026 2:22 AM,40.7144° N,-74.007,40.716457,-74.001265,85,three
RIDE_000427,SCOOT_0046,USER_01194,1781885810,2026-06-19 16:31:50,40.7123° N,74.0099° W,40.715591,-74.010259,ERROR,3
RIDE_000428,SCOOT_0057,USER_00578,1780352149,2026-06-01 22:50:49,40.6693,-73.9891,40.667741,-73.989323,72,3
RIDE_000429,SCOOT_0097,USER_01138,06/28/2026 1:08 AM,2026-06-28 1:26:07,40.70714,-73.98419,40.709268,-73.985496,85,2
RIDE_000430,SCOOT_0070,USER_00174,1781356023,1781357763,40.714852,-74.007038,40.717069,-74.005192,93,4
RIDE_000431,SCOOT_0218,USER_01239,1780701780,06/05/2026 11:52 PM,40.681791,-73.96628,40.680183,-73.963856,50,2
RIDE_000432,SCOOT_0058,USER_01189,1780347751,2026-06-01 21:36:31,40.7379,73.8984° W,40.737275,-73.899484,5,3
RIDE_000433,SCOOT_0242,USER_01292,1781578494,1781579214,40.7485° N,-73.974064,40.750911,-73.978913,79,
RIDE_000434,SCOOT_0376,USER_00679,2026-06-24 2:50:34,2026-06-24 3:33:34,40.679426,74.0094° W,40.682277,-74.004224,66,5
RIDE_000435,SCOOT_0087,USER_01174,2026-06-14 12:50:57,1781442717,40.7124° N,74.0067° W,40.712592,-74.00319,8%,5
RIDE_000436,SCOOT_0141,USER_00527,2026-06-02 23:53:45,06/03/2026 12:14 AM,40.681953,-73.983233,40.684879,-73.981729,33,three
RIDE_000437,SCOOT_0271,USER_00068,06/01/2026 4:03 AM,2026-06-01 4:44:41,40.713558,-74.002,40.705449,-73.999962,90,2
RIDE_000438,SCOOT_0296,USER_00707,1781147062,1781147782,40.699718,-74.042613,40.701252,-74.038492,93%,2
RIDE_000439,SCOOT_0243,USER_00538,2026-06-02 23:23:02,06/02/2026 11:42 PM,40.755251,-73.966443,40.760088,-73.962498,low,4
RIDE_000440,SCOOT_0273,USER_01306,1780687126,06/05/2026 7:48 PM,40.7194° N,-74.003,40.719586,-74.007837,6%,
RIDE_000441,SCOOT_0376,USER_01377,2026-06-12 15:43:15,2026-06-12 16:25:15,40.684279,74.0614° W,40.690792,-74.061893,99,2
RIDE_000442,SCOOT_0054,USER_01404,1781852749,2026-06-19 7:41:49,40.713293,74.0038° W,40.713424,-73.998709,2,5
RIDE_000443,SCOOT_0363,USER_00246,2026-06-15 12:47:53,2026-06-15 13:04:53,40.676747,-74.0406,40.67452,-74.044568,28%,1
RIDE_000444,SCOOT_0339,USER_00156,1780524057,06/03/2026 10:11 PM,40.7104,-74.006148,40.709065,-74.008225,24,4
RIDE_000445,SCOOT_0092,USER_00903,2026-06-21 16:30:33,1782060633,40.733274,-73.979262,40.728759,-73.976982,8,3
RIDE_000446,SCOOT_0053,USER_00072,06/03/2026 5:54 PM,2026-06-03 18:09:10,40.714449,-74.035151,40.713521,-74.037407,14%,3
RIDE_000447,SCOOT_0201,USER_01177,2026-06-03 2:33:49,06/03/2026 3:12 AM,40.7895° N,-73.944391,40.783858,-73.944046,50,3
RIDE_000448,SCOOT_0063,USER_01162,1780339552,1780341592,40.7029° N,-73.995373,40.703537,-73.997629,89,4
RIDE_000449,SCOOT_0236,USER_00594,2026-06-18 13:04:04,1781789284,40.6997° N,-74.024721,40.702947,-74.024657,44,
RIDE_000450,SCOOT_0324,USER_00897,06/21/2026 7:23 AM,2026-06-21 7:37:43,40.744124,-74.010013,40.741999,-74.014554,63%,
RIDE_000451,SCOOT_0231,USER_00034,2026-06-24 6:53:53,1782284693,40.705587,-74.012337,40.706389,-74.01081,83,5
RIDE_000452,SCOOT_0077,USER_01187,1780402870,06/02/2026 12:27 PM,40.706475,74.0024° W,40.705026,-74.001979,87,5
RIDE_000453,SCOOT_0324,USER_00103,06/08/2026 2:37 AM,06/08/2026 2:42 AM,40.8153,-73.953263,40.814539,-73.955937,17%,
RIDE_000454,SCOOT_0219,USER_00691,1782731483,2026-06-29 11:20:23,40.6698,-74.020383,40.66913,-74.023345,79%,2
RIDE_000455,SCOOT_0033,USER_00248,1782484692,06/26/2026 3:01 PM,40.712275,-74.0057,40.7116,-74.007643,6,3
RIDE_000456,SCOOT_0009,USER_00998,06/09/2026 5:08 AM,2026-06-09 5:37:32,40.713475,74.0042° W,40.710203,-73.999999,81,2
RIDE_000457,SCOOT_0106,USER_00294,2026-06-03 0:13:52,06/03/2026 12:16 AM,40.7124,-74.005925,40.71453,-74.005225,99,2
RIDE_000458,SCOOT_0179,USER_00858,1782035513,06/21/2026 10:27 AM,40.749663,-73.929458,40.747825,-73.928373,12,3
RIDE_000459,SCOOT_0142,USER_00109,1780345100,1780346180,40.7082° N,-74.0056,40.708125,-74.00619,low,2
RIDE_000460,SCOOT_0316,USER_00929,06/07/2026 4:06 AM,2026-06-07 4:18:09,40.7805,-74.008837,40.778883,-74.008558,27,3
RIDE_000461,SCOOT_0215,USER_00408,2026-06-02 3:48:06,2026-06-02 3:54:06,40.715997,-74.026554,40.719794,-74.029152,57,3
RIDE_000462,SCOOT_0028,USER_00893,2026-06-24 11:51:28,2026-06-24 12:08:28,40.780789,-73.969056,40.77885,-73.96373,10,4
RIDE_000463,SCOOT_0144,USER_00280,06/05/2026 7:52 AM,06/05/2026 8:34 AM,40.682227,-73.990417,40.685229,-73.992429,43,five star
RIDE_000464,SCOOT_0118,USER_00178,2026-06-04 16:56:58,2026-06-04 17:28:58,40.789249,73.9826° W,40.790115,-73.98182,low,5
RIDE_000465,SCOOT_0297,USER_00456,06/14/2026 6:59 PM,1781465629,40.727914,73.9190° W,40.730294,-73.924229,32%,4
RIDE_000466,SCOOT_0357,USER_00201,06/29/2026 9:32 PM,2026-06-29 21:44:44,40.7745,74.0189° W,40.777584,-74.01557,55,4
RIDE_000467,SCOOT_0009,USER_00983,1781546518,1781547598,40.708436,-74.007643,40.705119,-74.008288,31,1
RIDE_000468,SCOOT_0321,USER_00951,1782126355,2026-06-22 11:18:55,40.694339,73.9724° W,40.69827,-73.96822,52,3
RIDE_000469,SCOOT_0295,USER_00425,06/23/2026 11:03 PM,1782256001,40.746757,-73.989684,40.741706,-73.992102,90,5
RIDE_000470,SCOOT_0188,USER_00359,06/26/2026 2:56 AM,1782445131,40.767697,-73.953388,40.763994,-73.955166,60,3
RIDE_000471,SCOOT_0386,USER_00462,2026-06-21 20:20:41,2026-06-21 20:27:41,40.730072,73.9296° W,40.727643,-73.928325,97%,2
RIDE_000472,SCOOT_0348,USER_01092,2026-06-11 12:50:30,2026-06-11 13:10:30,40.696623,-74.009089,40.698262,-74.00907,16,5
RIDE_000473,SCOOT_0058,USER_01428,2026-06-29 10:38:27,1782731367,40.749272,-73.987692,40.749007,-73.988802,10,three
RIDE_000474,SCOOT_0378,USER_01321,1780682654,2026-06-05 18:16:14,40.743724,73.9360° W,40.745407,-73.936913,ERROR,4
RIDE_000475,SCOOT_0249,USER_01216,1780310209,2026-06-01 10:51:49,40.7156,74.0073° W,40.719107,-74.006226,44,3
RIDE_000476,SCOOT_0076,USER_00724,06/22/2026 7:18 PM,1782158169,40.687054,74.0355° W,40.682341,-74.038926,48,1
RIDE_000477,SCOOT_0122,USER_00240,1781109359,2026-06-10 16:48:59,40.6889,-74.0031,40.694119,-73.996447,86%,2
RIDE_000478,SCOOT_0277,USER_00333,2026-06-02 11:31:40,2026-06-02 12:10:40,40.7154° N,-74.003997,40.709949,-74.005625,45,2
RIDE_000479,SCOOT_0170,USER_01326,1781780326,1781780926,40.6903,-74.0212,40.68984,-74.022633,95,5
RIDE_000480,SCOOT_0072,USER_01389,06/23/2026 10:45 AM,1782213519,40.6609° N,-73.973,40.657696,-73.972324,15,1
RIDE_000481,SCOOT_0393,USER_00570,06/18/2026 4:15 AM,2026-06-18 4:37:19,40.721096,-74.009678,40.713505,-74.010536,25%,2
RIDE_000482,SCOOT_0342,USER_00740,1780793355,1780793835,40.8051,-73.932033,40.801431,-73.930543,78,1
RIDE_000483,SCOOT_0380,USER_00852,06/13/2026 5:23 AM,2026-06-13 5:53:11,40.710939,-74.0064,40.718872,-74.010933,12,4
RIDE_000484,SCOOT_0107,USER_00622,1782489999,1782491259,40.7138° N,-74.004129,40.717072,-74.003835,77,
RIDE_000485,SCOOT_0364,USER_01164,1781636852,1781638292,40.714032,-74.007567,40.71484,-74.008596,ERROR,4
RIDE_000486,SCOOT_0115,USER_00055,06/25/2026 4:59 AM,06/25/2026 5:14 AM,40.715286,-74.0075,40.716418,-74.007566,39,4
RIDE_000487,SCOOT_0015,USER_00245,1782432320,1782433040,40.717304,74.0062° W,40.711985,-74.00242,54,2
RIDE_000488,SCOOT_0192,USER_01050,06/25/2026 10:05 AM,06/25/2026 10:39 AM,40.739885,-73.998575,40.738098,-73.994452,88,1
RIDE_000489,SCOOT_0326,USER_00730,06/24/2026 8:56 PM,2026-06-24 21:00:40,40.670087,73.9432° W,40.673255,-73.942575,7,4
RIDE_000490,SCOOT_0351,USER_00617,06/02/2026 10:33 AM,1780397652,40.756902,-73.979789,40.758465,-73.977853,70,3
RIDE_000491,SCOOT_0053,USER_00447,1781010716,2026-06-09 13:20:56,40.772512,-73.975808,40.77192,-73.976262,44,2
RIDE_000492,SCOOT_0236,USER_00157,06/05/2026 6:19 PM,1780684599,40.745002,-73.945325,40.746783,-73.954146,97%,4
RIDE_000493,SCOOT_0015,USER_00243,1780548400,2026-06-04 4:50:40,40.702318,-74.0406,40.702262,-74.041771,44,3
RIDE_000494,SCOOT_0248,USER_00884,2026-06-08 4:41:10,2026-06-08 4:53:10,40.711682,74.0255° W,40.709364,-74.024328,10,
RIDE_000495,SCOOT_0064,USER_01233,06/02/2026 7:08 AM,06/02/2026 7:17 AM,40.708913,-74.0115,40.707033,-74.008931,39,1
RIDE_000496,SCOOT_0400,USER_01493,06/07/2026 9:23 PM,2026-06-07 21:38:38,40.7166,-74.0039,40.718788,-74.002399,N/A,5
RIDE_000497,SCOOT_0003,USER_01486,1781945296,1781947396,40.74517,73.9769° W,40.747572,-73.974599,low,5
RIDE_000498,SCOOT_0110,USER_01054,06/04/2026 7:47 AM,06/04/2026 8:22 AM,40.806878,-73.957,40.807933,-73.953823,46,4
RIDE_000499,SCOOT_0168,USER_01012,2026-06-08 14:50:22,2026-06-08 15:00:22,40.76087,73.9952° W,40.76038,-73.997472,72%,1
RIDE_000500,SCOOT_0244,USER_01391,1780581634,1780582894,40.675696,-74.04739,40.673319,-74.048314,ERROR,1
RIDE_000501,SCOOT_0053,USER_00346,1781245900,06/12/2026 6:34 AM,40.745228,73.9669° W,40.745231,-73.969385,51,5
RIDE_000502,SCOOT_0304,USER_00560,06/03/2026 1:14 PM,1780493372,40.715437,-74.0022,40.710614,-74.004538,36%,5
RIDE_000503,SCOOT_0251,USER_01019,06/25/2026 11:26 PM,1782431668,40.7097,-74.00976,40.712212,-74.010341,59,three
RIDE_000504,SCOOT_0156,USER_01274,1780959161,1780959821,40.711742,-74.014015,40.713648,-74.017733,78,2
RIDE_000505,SCOOT_0280,USER_00037,1781926226,1781926646,40.750099,73.9625° W,40.754181,-73.966379,34,5
RIDE_000506,SCOOT_0362,USER_00337,06/25/2026 1:09 AM,2026-06-25 1:39:01,40.69761,-73.981823,40.703011,-73.978106,72,3
RIDE_000507,SCOOT_0288,USER_00321,06/16/2026 3:40 PM,1781625110,40.7136° N,-74.007967,40.71606,-74.010887,70%,4
RIDE_000508,SCOOT_0024,USER_00263,06/17/2026 2:01 AM,06/17/2026 2:29 AM,40.7147° N,74.0040° W,40.717886,-73.995699,8,
RIDE_000509,SCOOT_0339,USER_00501,2026-06-27 13:20:26,1782567926,40.708348,-73.998179,40.708272,-74.003487,46,1
RIDE_000510,SCOOT_0337,USER_00866,2026-06-08 8:32:32,1780910192,40.71,-74.007637,40.708449,-74.00718,69,4
RIDE_000511,SCOOT_0251,USER_00205,1781894670,06/19/2026 7:13 PM,40.7095,-74.001516,40.709511,-74.001544,74,
RIDE_000512,SCOOT_0110,USER_00589,2026-06-23 7:29:48,2026-06-23 7:53:48,40.7548,-73.974496,40.757317,-73.977098,10%,5
RIDE_000513,SCOOT_0291,USER_01088,1780969430,06/09/2026 2:05 AM,40.6929,74.0149° W,40.6889,-74.017332,76%,1
RIDE_000514,SCOOT_0129,USER_01280,2026-06-16 15:33:01,1781624941,40.710895,-74.002502,40.711683,-74.001922,41%,4
RIDE_000515,SCOOT_0138,USER_01307,1781713805,06/17/2026 5:15 PM,40.729818,-74.008747,40.730989,-74.009057,85,4
RIDE_000516,SCOOT_0164,USER_00132,06/18/2026 10:22 PM,06/18/2026 10:52 PM,40.753707,-73.997355,40.746391,-73.997758,39%,4
RIDE_000517,SCOOT_0159,USER_00951,2026-06-21 7:24:40,2026-06-21 7:53:40,40.7185° N,-74.002295,40.721387,-73.998587,20,2
RIDE_000518,SCOOT_0370,USER_00996,2026-06-16 20:22:57,2026-06-16 20:52:57,40.750173,73.9818° W,40.74832,-73.982702,71,1
RIDE_000519,SCOOT_0204,USER_01484,2026-06-26 0:43:29,2026-06-26 0:49:29,40.770315,-73.9614,40.769897,-73.962773,86,1
RIDE_000520,SCOOT_0122,USER_01229,1782536823,1782537903,40.712802,-74.0036,40.708471,-74.010484,N/A,1
RIDE_000521,SCOOT_0210,USER_00521,1780572279,1780573719,40.6951,-74.033214,40.693565,-74.033658,28,4
RIDE_000522,SCOOT_0186,USER_00974,1782682064,2026-06-28 21:33:44,40.752335,-73.948551,40.753315,-73.947649,36,2
RIDE_000523,SCOOT_0159,USER_01309,1782221000,06/23/2026 1:45 PM,40.7153,74.0106° W,40.718406,-74.010783,low,4
RIDE_000524,SCOOT_0153,USER_00431,1782220360,06/23/2026 1:22 PM,40.744,-73.956637,40.739348,-73.954183,N/A,2
RIDE_000525,SCOOT_0368,USER_00866,1782625801,2026-06-28 6:21:01,40.713628,74.0268° W,40.711019,-74.023465,95,3
RIDE_000526,SCOOT_0027,USER_01314,2026-06-29 3:39:19,06/29/2026 3:52 AM,40.7251° N,-73.935147,40.72241,-73.933231,89,
RIDE_000527,SCOOT_0305,USER_01405,2026-06-21 6:41:23,2026-06-21 7:24:23,40.706228,73.9939° W,40.704595,-73.994425,32,2
RIDE_000528,SCOOT_0194,USER_01169,2026-06-14 11:37:44,1781438924,40.7136,74.0260° W,40.715841,-74.027583,54,4
RIDE_000529,SCOOT_0317,USER_00879,06/08/2026 12:45 AM,1780879757,40.6959,-74.007887,40.688241,-74.00846,22%,
RIDE_000530,SCOOT_0061,USER_00460,06/20/2026 9:28 AM,1781948419,40.72245,74.0029° W,40.722393,-74.00365,59,4
RIDE_000531,SCOOT_0215,USER_00370,2026-06-23 7:23:46,06/23/2026 7:38 AM,40.689649,-74.0336,40.686107,-74.030215,37%,2
RIDE_000532,SCOOT_0241,USER_00273,2026-06-14 5:18:49,06/14/2026 5:22 AM,40.7157,-74.003127,40.716977,-74.003068,59%,
RIDE_000533,SCOOT_0182,USER_01242,1782647168,1782648848,40.719557,-73.996964,40.718495,-73.998685,43,4
RIDE_000534,SCOOT_0092,USER_00534,06/22/2026 9:46 PM,06/22/2026 9:51 PM,40.7132,73.9998° W,40.70949,-74.004206,72,
RIDE_000535,SCOOT_0144,USER_00739,2026-06-06 18:20:27,2026-06-06 18:54:27,40.786395,-73.970182,40.786915,-73.96945,6,4
RIDE_000536,SCOOT_0392,USER_00310,06/30/2026 3:39 PM,1782835232,40.684736,-74.014703,40.679933,-74.017188,41,4
RIDE_000537,SCOOT_0021,USER_00905,2026-06-18 23:56:09,2026-06-19 0:39:09,40.746335,-74.018564,40.745807,-74.013579,60,4
RIDE_000538,SCOOT_0140,USER_01154,1781295912,1781297952,40.758418,-73.980886,40.754637,-73.982735,24,5
RIDE_000539,SCOOT_0169,USER_00054,06/29/2026 9:19 PM,06/29/2026 9:35 PM,40.740896,-73.992054,40.744741,-73.990381,87,
RIDE_000540,SCOOT_0322,USER_00552,1781065589,2026-06-10 4:54:29,40.708354,-74.005014,40.709849,-74.001594,91,4
RIDE_000541,SCOOT_0330,USER_00580,2026-06-20 23:57:26,06/21/2026 12:00 AM,40.719122,-74.0101,40.71669,-74.013833,low,1
RIDE_000542,SCOOT_0107,USER_00334,06/11/2026 2:01 AM,06/11/2026 2:08 AM,40.69582,-73.9787,40.698782,-73.978901,12,
RIDE_000543,SCOOT_0341,USER_00197,2026-06-13 14:39:02,06/13/2026 3:00 PM,40.706403,-74.003,40.703898,-73.996696,88,3
RIDE_000544,SCOOT_0096,USER_00890,06/27/2026 1:22 PM,06/27/2026 1:57 PM,40.706369,74.0053° W,40.71244,-74.005241,55,5
RIDE_000545,SCOOT_0043,USER_00596,06/21/2026 3:30 PM,06/21/2026 3:38 PM,40.71204,74.0074° W,40.711499,-74.003311,64,5
RIDE_000546,SCOOT_0283,USER_00157,2026-06-15 15:55:25,1781539405,40.7389° N,-73.940531,40.734591,-73.941331,55,1
RIDE_000547,SCOOT_0009,USER_00234,06/30/2026 1:38 AM,2026-06-30 2:13:30,40.7111° N,74.0036° W,40.706289,-74.002259,33,5
RIDE_000548,SCOOT_0136,USER_00700,2026-06-24 16:51:10,06/24/2026 5:05 PM,40.7466° N,-74.036063,40.747155,-74.038049,97%,5
RIDE_000549,SCOOT_0088,USER_01344,1782802135,06/30/2026 7:04 AM,40.7145,-74.005923,40.712579,-74.00446,1,1
RIDE_000550,SCOOT_0045,USER_00257,1781628314,2026-06-16 17:13:14,40.7366,73.9918° W,40.738746,-73.995698,89%,3
RIDE_000551,SCOOT_0098,USER_00177,2026-06-05 0:30:18,1780620318,40.709,-74.00411,40.713427,-74.003044,84%,5
RIDE_000552,SCOOT_0125,USER_00413,2026-06-10 16:52:22,1781111062,40.7421° N,-73.985714,40.738388,-73.983901,3,5
RIDE_000553,SCOOT_0149,USER_00076,2026-06-10 20:43:56,06/10/2026 9:11 PM,40.7163° N,-74.0078,40.714919,-74.007011,95,5
RIDE_000554,SCOOT_0284,USER_00131,1781620386,1781622426,40.6918,-73.989323,40.698065,-73.990064,3,3
RIDE_000555,SCOOT_0177,USER_00898,06/09/2026 11:36 PM,1781049914,40.750833,73.9985° W,40.753066,-73.998995,37,4
RIDE_000556,SCOOT_0345,USER_01337,1780943336,1780944356,40.7484° N,-73.951174,40.752671,-73.952975,93,4
RIDE_000557,SCOOT_0052,USER_00852,06/24/2026 1:06 PM,2026-06-24 13:39:59,40.6755° N,73.9858° W,40.673415,-73.983478,26,4
RIDE_000558,SCOOT_0033,USER_00692,2026-06-16 11:03:20,2026-06-16 11:21:20,40.7049,-74.00243,40.701286,-74.000237,65,
RIDE_000559,SCOOT_0078,USER_01414,06/14/2026 4:08 AM,06/14/2026 4:50 AM,40.7129,74.0098° W,40.711636,-74.007757,99,3
RIDE_000560,SCOOT_0053,USER_01152,1782672352,06/28/2026 7:26 PM,40.750518,-73.974,40.756447,-73.978704,14,5
RIDE_000561,SCOOT_0079,USER_01326,2026-06-02 18:28:13,2026-06-02 18:37:13,40.719269,74.0056° W,40.716572,-74.009574,98%,1
RIDE_000562,SCOOT_0088,USER_00175,2026-06-12 12:10:57,1781266917,40.7120° N,-74.002313,40.711661,-73.99778,61,5
RIDE_000563,SCOOT_0235,USER_01058,06/09/2026 1:33 PM,2026-06-09 14:02:35,40.7070° N,-74.006048,40.703238,-74.004957,55,4
RIDE_000564,SCOOT_0202,USER_00076,1782479418,06/26/2026 1:14 PM,40.766138,-73.994115,40.758325,-73.993518,99,1
RIDE_000565,SCOOT_0156,USER_01478,1782170478,1782171198,40.7571° N,-73.9776,40.760842,-73.980827,ERROR,5
RIDE_000566,SCOOT_0317,USER_01336,2026-06-24 11:25:16,06/24/2026 11:50 AM,40.7155,74.0012° W,40.710185,-74.000271,27,5
RIDE_000567,SCOOT_0146,USER_00438,1781526852,2026-06-15 13:18:12,40.720516,-73.93683,40.721559,-73.938292,17%,5
RIDE_000568,SCOOT_0372,USER_00866,06/03/2026 6:37 PM,06/03/2026 7:15 PM,40.710097,-74.0059,40.706835,-74.009121,34,3
RIDE_000569,SCOOT_0233,USER_00695,06/17/2026 4:01 AM,06/17/2026 4:07 AM,40.702787,74.0675° W,40.704786,-74.066088,39,1
RIDE_000570,SCOOT_0267,USER_00508,1780953030,2026-06-08 21:49:30,40.714384,73.9816° W,40.717966,-73.984495,74,4
RIDE_000571,SCOOT_0110,USER_00914,06/04/2026 11:56 AM,2026-06-04 12:32:11,40.752112,-73.968359,40.754462,-73.969113,55,4
RIDE_000572,SCOOT_0375,USER_00854,06/03/2026 1:26 PM,06/03/2026 2:02 PM,40.73695,-73.939553,40.742166,-73.936616,57,4
RIDE_000573,SCOOT_0383,USER_00322,1782539744,2026-06-27 6:07:44,40.7848° N,-73.9874,40.782315,-73.985798,28,1
RIDE_000574,SCOOT_0151,USER_00996,2026-06-18 13:26:49,06/18/2026 1:36 PM,40.714468,-73.980768,40.716419,-73.985277,40,3
RIDE_000575,SCOOT_0281,USER_00715,2026-06-01 5:12:06,1780291446,40.7271,-74.028761,40.725987,-74.028011,63,
RIDE_000576,SCOOT_0259,USER_01304,06/03/2026 1:37 AM,1780452396,40.7291° N,-73.982302,40.730934,-73.982851,78%,1
RIDE_000577,SCOOT_0377,USER_00569,2026-06-15 16:22:53,06/15/2026 5:07 PM,40.7721° N,-73.959847,40.771128,-73.954461,N/A,4
RIDE_000578,SCOOT_0278,USER_01182,06/21/2026 3:13 AM,1782012383,40.705101,73.9780° W,40.707099,-73.97678,11%,5
RIDE_000579,SCOOT_0362,USER_01187,06/25/2026 1:55 AM,2026-06-25 2:34:30,40.7999° N,-73.983545,40.798204,-73.986846,N/A,2
RIDE_000580,SCOOT_0196,USER_00527,06/15/2026 3:04 AM,06/15/2026 3:41 AM,40.7149,-73.993221,40.716263,-73.988198,4,3
RIDE_000581,SCOOT_0167,USER_00372,2026-06-03 4:10:26,2026-06-03 4:19:26,40.689088,-74.031125,40.685813,-74.032286,22,
RIDE_000582,SCOOT_0123,USER_01223,2026-06-01 2:07:47,06/01/2026 2:29 AM,40.715582,-74.002604,40.7147,-74.002818,16,
RIDE_000583,SCOOT_0325,USER_00479,06/19/2026 8:36 AM,2026-06-19 9:10:37,40.718543,-73.975141,40.721214,-73.973415,62,
RIDE_000584,SCOOT_0105,USER_00292,1782780040,2026-06-30 1:00:40,40.7105° N,73.9870° W,40.710535,-73.988985,53,5
RIDE_000585,SCOOT_0001,USER_00124,1781293236,1781294016,40.7629° N,-73.959581,40.764353,-73.961159,80,2
RIDE_000586,SCOOT_0036,USER_00616,1782840801,1782842001,40.663033,-73.9869,40.661597,-73.989445,21,5
RIDE_000587,SCOOT_0386,USER_01450,1780496613,1780497213,40.76277,-73.97584,40.765949,-73.973989,88,3
RIDE_000588,SCOOT_0244,USER_00009,06/15/2026 9:56 AM,06/15/2026 10:14 AM,40.7751° N,-74.004919,40.778707,-74.004135,83%,5
RIDE_000589,SCOOT_0345,USER_00253,1782692455,06/29/2026 12:34 AM,40.7757° N,73.9683° W,40.770386,-73.967106,4,4
RIDE_000590,SCOOT_0381,USER_00041,2026-06-12 13:42:12,1781274192,40.7087° N,-74.011411,40.704115,-74.008073,25,2
RIDE_000591,SCOOT_0253,USER_01442,1782382448,06/25/2026 10:39 AM,40.7103,-73.999865,40.708676,-74.004987,N/A,
RIDE_000592,SCOOT_0345,USER_01398,1782252233,06/23/2026 10:19 PM,40.708334,-74.001057,40.707866,-74.002702,22,5
RIDE_000593,SCOOT_0099,USER_01389,2026-06-20 20:34:34,2026-06-20 20:48:34,40.71344,74.0040° W,40.716792,-73.999647,67,3
RIDE_000594,SCOOT_0222,USER_00834,06/01/2026 7:24 PM,06/01/2026 8:06 PM,40.7114,74.0113° W,40.710121,-74.010523,LOW,3
RIDE_000595,SCOOT_0100,USER_00686,06/09/2026 4:25 AM,2026-06-09 5:01:53,40.7421° N,-73.996743,40.743156,-73.996889,ERROR,4
RIDE_000596,SCOOT_0321,USER_00199,1780519749,06/03/2026 8:53 PM,40.731256,-73.95037,40.730565,-73.953143,40,
RIDE_000597,SCOOT_0267,USER_00485,1780334910,1780336710,40.7183,-73.967295,40.712765,-73.970084,44,3
RIDE_000598,SCOOT_0066,USER_00127,06/03/2026 9:50 PM,06/03/2026 10:32 PM,40.728069,-73.9985,40.727819,-74.002849,41,1
RIDE_000599,SCOOT_0386,USER_00842,06/30/2026 4:05 PM,2026-06-30 16:11:23,40.7091° N,74.0100° W,40.709734,-74.009808,49,5
RIDE_000600,SCOOT_0265,USER_00673,06/08/2026 9:49 PM,1780958087,40.7687,73.9677° W,40.767025,-73.968479,87,4
RIDE_000601,SCOOT_0216,USER_00986,06/19/2026 7:00 AM,2026-06-19 7:09:28,40.7195° N,-74.000638,40.715595,-73.998149,82%,3
RIDE_000602,SCOOT_0299,USER_01109,2026-06-24 22:36:16,2026-06-24 23:07:16,40.716046,74.0106° W,40.718502,-74.005979,84,3
RIDE_000603,SCOOT_0028,USER_00865,06/25/2026 5:18 AM,06/25/2026 5:30 AM,40.678049,74.0064° W,40.681102,-74.005536,8%,5
RIDE_000604,SCOOT_0172,USER_01262,1781248012,06/12/2026 7:21 AM,40.7416° N,73.9284° W,40.742802,-73.932368,N/A,5
RIDE_000605,SCOOT_0320,USER_00437,06/10/2026 3:14 PM,1781105919,40.716989,-74.001322,40.716301,-74.001452,29,4
RIDE_000606,SCOOT_0149,USER_00902,2026-06-08 17:30:12,2026-06-08 17:54:12,40.6755,-73.998515,40.677194,-73.998701,4,2
RIDE_000607,SCOOT_0126,USER_00366,2026-06-07 22:59:10,2026-06-07 23:39:10,40.783887,-73.984282,40.785581,-73.987341,93,5
RIDE_000608,SCOOT_0190,USER_00763,2026-06-07 0:46:57,1780794057,40.757529,73.9890° W,40.758205,-73.990096,27,2
RIDE_000609,SCOOT_0356,USER_00767,1782108860,1782111020,40.697871,-73.971479,40.69656,-73.976299,low,4
RIDE_000610,SCOOT_0323,USER_00574,1781214584,1781216384,40.7656° N,-73.9076,40.761715,-73.905502,20,1
RIDE_000611,SCOOT_0192,USER_01022,2026-06-28 4:36:15,2026-06-28 5:11:15,40.773041,73.9659° W,40.773923,-73.966633,66,5
RIDE_000612,SCOOT_0333,USER_00075,06/17/2026 4:54 PM,1781716092,40.7097° N,-74.008762,40.706916,-74.011258,52,5
RIDE_000613,SCOOT_0069,USER_00173,06/07/2026 7:59 AM,2026-06-07 8:14:33,40.7293,73.9495° W,40.731303,-73.945053,N/A,1
RIDE_000614,SCOOT_0163,USER_00560,06/10/2026 4:11 PM,06/10/2026 4:47 PM,40.7105° N,-74.005042,40.711979,-74.003626,53,4
RIDE_000615,SCOOT_0142,USER_00467,06/13/2026 12:53 AM,06/13/2026 1:07 AM,40.690719,-74.0296,40.692166,-74.033359,83,
RIDE_000616,SCOOT_0098,USER_01446,06/04/2026 4:19 AM,2026-06-04 4:26:03,40.7163° N,-74.002451,40.713987,-74.002337,99%,3
RIDE_000617,SCOOT_0390,USER_00306,1781931670,2026-06-20 5:38:10,40.762067,-73.9899,40.765286,-73.982795,LOW,5
RIDE_000618,SCOOT_0044,USER_00642,1782656901,06/28/2026 2:45 PM,40.709656,74.0115° W,40.710568,-74.009359,93,3
RIDE_000619,SCOOT_0256,USER_01350,2026-06-28 6:50:21,06/28/2026 7:20 AM,40.7015° N,-73.979735,40.697467,-73.977656,17%,1
RIDE_000620,SCOOT_0017,USER_00285,06/27/2026 12:54 PM,1782566326,40.7104° N,73.9991° W,40.716354,-74.001422,76,
RIDE_000621,SCOOT_0244,USER_00223,1780660886,06/05/2026 12:40 PM,40.689509,-73.970808,40.688347,-73.970944,LOW,2
RIDE_000622,SCOOT_0102,USER_00143,2026-06-11 20:44:07,2026-06-11 21:15:07,40.6897° N,-74.082893,40.689666,-74.084963,63%,
RIDE_000623,SCOOT_0201,USER_00322,2026-06-30 14:02:59,06/30/2026 2:23 PM,40.710828,-74.000225,40.707058,-73.997786,42,4
RIDE_000624,SCOOT_0310,USER_01178,06/04/2026 4:42 AM,1780550346,40.752421,-73.9911,40.754792,-73.990075,91,2
RIDE_000625,SCOOT_0252,USER_00943,2026-06-10 21:23:23,2026-06-10 21:38:23,40.794512,-73.951836,40.793518,-73.953673,32,5
RIDE_000626,SCOOT_0213,USER_00511,06/15/2026 8:58 PM,1781557414,40.667497,-74.061,40.676344,-74.057274,51,2
RIDE_000627,SCOOT_0150,USER_01366,1780784967,2026-06-06 22:59:27,40.6858° N,-74.032449,40.687224,-74.030807,21,5
RIDE_000628,SCOOT_0231,USER_00338,1782786348,06/30/2026 2:41 AM,40.7171,-74.013899,40.716701,-74.012915,99,4
RIDE_000629,SCOOT_0020,USER_00022,2026-06-09 7:33:00,06/09/2026 8:08 AM,40.7131° N,-74.014877,40.712454,-74.017431,52,4
RIDE_000630,SCOOT_0083,USER_00350,1780978231,06/09/2026 4:21 AM,40.713501,-73.994059,40.714603,-73.995,57,three
RIDE_000631,SCOOT_0184,USER_00365,2026-06-27 0:39:27,06/27/2026 1:20 AM,40.716487,-74.004069,40.717747,-74.002249,87,4
RIDE_000632,SCOOT_0228,USER_00108,1780794914,1780797134,40.721,74.0105° W,40.722447,-74.013303,14%,3
RIDE_000633,SCOOT_0349,USER_01371,1781914211,06/20/2026 12:16 AM,40.74171,-73.953574,40.740458,-73.954459,2,2
RIDE_000634,SCOOT_0278,USER_00810,1780473710,2026-06-03 8:10:50,40.732316,-73.9876,40.728579,-73.987466,81,2
RIDE_000635,SCOOT_0333,USER_01278,06/14/2026 4:23 AM,2026-06-14 4:40:54,40.709962,-74.011034,40.709311,-74.011959,59,3
RIDE_000636,SCOOT_0308,USER_00665,2026-06-12 1:35:59,06/12/2026 1:42 AM,40.7546,-74.000141,40.750501,-74.001835,73,1
RIDE_000637,SCOOT_0300,USER_00920,06/21/2026 2:08 PM,1782051590,40.716886,-73.9976,40.712128,-74.003286,43,
RIDE_000638,SCOOT_0388,USER_00499,06/13/2026 6:36 PM,1781378361,40.786319,73.9602° W,40.783714,-73.958604,40,4
RIDE_000639,SCOOT_0379,USER_00674,06/20/2026 2:53 AM,2026-06-20 2:59:25,40.702257,74.0060° W,40.70324,-74.003214,93,4
RIDE_000640,SCOOT_0106,USER_01105,06/05/2026 10:07 AM,1780655434,40.7281° N,-73.983986,40.725346,-73.98322,94,2
RIDE_000641,SCOOT_0073,USER_00419,06/02/2026 9:02 AM,2026-06-02 9:19:30,40.6882° N,-74.016962,40.685206,-74.015009,25,
RIDE_000642,SCOOT_0128,USER_00621,2026-06-05 3:20:27,2026-06-05 3:34:27,40.7478° N,-73.939892,40.747884,-73.944238,32%,5
RIDE_000643,SCOOT_0259,USER_01249,2026-06-10 20:59:12,1781127012,40.724606,-73.9362,40.732469,-73.93954,22,4
RIDE_000644,SCOOT_0132,USER_00780,2026-06-24 15:46:50,06/24/2026 3:58 PM,40.8124,73.9513° W,40.813225,-73.945987,low,2
RIDE_000645,SCOOT_0257,USER_01496,06/15/2026 11:08 AM,06/15/2026 11:40 AM,40.714288,74.0044° W,40.714129,-74.000773,25,
RIDE_000646,SCOOT_0020,USER_00255,1782308254,1782310294,40.728029,-74.021314,40.724072,-74.021922,76%,
RIDE_000647,SCOOT_0357,USER_00119,06/13/2026 8:35 PM,2026-06-13 20:48:35,40.7096,74.0063° W,40.713312,-74.007626,63,3
RIDE_000648,SCOOT_0310,USER_00933,06/21/2026 2:01 PM,1782052306,40.729744,73.9340° W,40.732289,-73.94078,86,3
RIDE_000649,SCOOT_0362,USER_01201,06/22/2026 5:21 AM,06/22/2026 5:40 AM,40.710373,-74.005155,40.713973,-74.006631,92,4
RIDE_000650,SCOOT_0386,USER_01491,2026-06-29 2:55:31,06/29/2026 3:31 AM,40.6686° N,-73.996406,40.666663,-73.999975,49,4
RIDE_000651,SCOOT_0001,USER_00199,1782616448,2026-06-28 3:23:08,40.748913,73.9813° W,40.747099,-73.987907,1%,4
RIDE_000652,SCOOT_0231,USER_01162,1780499567,2026-06-03 15:48:47,40.707141,74.0190° W,40.709096,-74.022416,24,1
RIDE_000653,SCOOT_0056,USER_01304,1782546262,1782547102,40.711994,-74.006,40.71379,-74.004021,57,5
RIDE_000654,SCOOT_0137,USER_00015,2026-06-06 2:54:20,2026-06-06 3:15:20,40.709863,-74.005672,40.711235,-74.001305,98,five star
RIDE_000655,SCOOT_0310,USER_00880,06/22/2026 9:12 PM,2026-06-22 21:17:22,40.7156° N,-74.0028,40.71587,-73.998612,63,3
RIDE_000656,SCOOT_0234,USER_01431,1781184599,06/11/2026 1:53 PM,40.738795,-73.952422,40.743005,-73.950328,43,1
RIDE_000657,SCOOT_0212,USER_01353,2026-06-13 5:03:21,1781327241,40.74,-73.97759,40.740929,-73.9762,85%,5
RIDE_000658,SCOOT_0205,USER_01255,2026-06-07 0:06:50,06/07/2026 12:49 AM,40.765346,-73.9714,40.770446,-73.968159,57,4
RIDE_000659,SCOOT_0293,USER_01468,1782442665,1782444165,40.7869,73.9524° W,40.783815,-73.95118,25,5
RIDE_000660,SCOOT_0340,USER_01108,2026-06-17 1:09:20,1781659220,40.794186,-73.9899,40.791643,-73.991817,58,4
RIDE_000661,SCOOT_0113,USER_01473,1780908697,1780909657,40.708441,-74.0091,40.70733,-74.013356,42,3
RIDE_000662,SCOOT_0034,USER_01319,2026-06-09 17:20:29,06/09/2026 6:05 PM,40.7129° N,-74.002391,40.710139,-73.997833,29%,5
RIDE_000663,SCOOT_0380,USER_01213,1781185415,06/11/2026 2:10 PM,40.759116,-73.947388,40.757142,-73.944825,15,
RIDE_000664,SCOOT_0217,USER_00655,1782802262,1782802862,40.6910° N,-73.988195,40.691477,-73.986535,69,4
RIDE_000665,SCOOT_0349,USER_00934,06/25/2026 1:17 PM,2026-06-25 13:28:24,40.676988,-74.0059,40.67878,-74.008746,38,4
RIDE_000666,SCOOT_0324,USER_00442,06/05/2026 9:53 PM,1780697695,40.7147° N,74.0115° W,40.717197,-74.015166,89,2
RIDE_000667,SCOOT_0398,USER_00367,1781606206,2026-06-16 11:03:46,40.7150° N,-74.0035,40.712919,-74.001751,low,1
RIDE_000668,SCOOT_0388,USER_00802,1782668698,1782670378,40.713842,-74.008155,40.710816,-74.014043,55,3
RIDE_000669,SCOOT_0364,USER_00623,1781318214,2026-06-13 3:12:54,40.6962,-74.075796,40.696479,-74.076586,97,1
RIDE_000670,SCOOT_0372,USER_01179,1781567404,2026-06-16 0:03:04,40.796683,-73.977241,40.795695,-73.975045,95%,3
RIDE_000671,SCOOT_0304,USER_00889,1780550546,2026-06-04 5:49:26,40.712801,-74.002477,40.714209,-74.007084,7,three
RIDE_000672,SCOOT_0399,USER_00950,2026-06-05 22:49:38,06/05/2026 11:17 PM,40.715827,74.0036° W,40.712777,-74.004282,96,1
RIDE_000673,SCOOT_0012,USER_01202,06/28/2026 11:40 PM,06/29/2026 12:07 AM,40.712643,-74.006538,40.713644,-74.002244,86,2
RIDE_000674,SCOOT_0051,USER_00667,1781902255,1781904235,40.717127,-74.011249,40.718993,-74.007262,56%,2
RIDE_000675,SCOOT_0386,USER_00425,06/03/2026 7:34 PM,1780516092,40.7561° N,-73.96388,40.762173,-73.960809,75,1
RIDE_000676,SCOOT_0132,USER_00072,2026-06-22 4:16:18,06/22/2026 4:30 AM,40.717786,-73.985098,40.718221,-73.985027,84%,5
RIDE_000677,SCOOT_0151,USER_01350,1780461146,2026-06-03 5:07:26,40.7114,73.9997° W,40.708939,-73.995149,6,5
RIDE_000678,SCOOT_0122,USER_00076,06/18/2026 4:11 PM,1781799776,40.771397,-74.005586,40.7725,-74.011886,13,1
RIDE_000679,SCOOT_0131,USER_00534,1780808968,06/07/2026 5:31 AM,40.74311,-73.917495,40.741333,-73.917125,80,5
RIDE_000680,SCOOT_0366,USER_00763,1781393966,1781394746,40.7971,-73.995615,40.793906,-73.99117,81,2
RIDE_000681,SCOOT_0064,USER_01089,2026-06-19 23:55:55,1781915995,40.739752,73.9879° W,40.742786,-73.983902,78,3
RIDE_000682,SCOOT_0194,USER_00456,06/04/2026 7:57 PM,06/04/2026 8:26 PM,40.70983,-74.007941,40.713523,-74.002886,29,1
RIDE_000683,SCOOT_0283,USER_00556,1781322562,2026-06-13 3:59:22,40.7151,-74.009519,40.721013,-74.011112,90,3
RIDE_000684,SCOOT_0133,USER_00020,1781926584,06/20/2026 3:42 AM,40.711459,74.0046° W,40.716122,-74.002069,ERROR,2
RIDE_000685,SCOOT_0362,USER_00938,06/22/2026 6:41 PM,1782154434,40.721097,73.9967° W,40.721228,-73.99506,low,4
RIDE_000686,SCOOT_0157,USER_00833,2026-06-06 15:58:55,1780763035,40.698309,73.9739° W,40.699033,-73.977385,low,1
RIDE_000687,SCOOT_0218,USER_01387,1782386591,1782387071,40.765726,-73.989589,40.770993,-73.98487,71%,1
RIDE_000688,SCOOT_0384,USER_00707,1781672281,06/17/2026 5:31 AM,40.7396° N,-73.971,40.739362,-73.972372,92%,5
RIDE_000689,SCOOT_0069,USER_01053,06/08/2026 7:13 PM,2026-06-08 19:54:40,40.7136,74.0090° W,40.710188,-74.007165,low,
RIDE_000690,SCOOT_0154,USER_00990,06/12/2026 1:51 AM,2026-06-12 2:21:12,40.7254,-74.022086,40.728077,-74.023981,99,3
RIDE_000691,SCOOT_0250,USER_00118,06/10/2026 9:38 AM,06/10/2026 9:54 AM,40.7138,-74.0027,40.713712,-74.001354,LOW,5
RIDE_000692,SCOOT_0044,USER_01084,06/12/2026 12:12 AM,2026-06-12 0:54:52,40.6789,-74.048429,40.678254,-74.050669,13,2
RIDE_000693,SCOOT_0275,USER_00552,06/17/2026 5:35 AM,2026-06-17 6:04:47,40.7121° N,-74.012194,40.710619,-74.013049,39,2
RIDE_000694,SCOOT_0069,USER_00809,2026-06-04 15:58:04,1780591384,40.707676,-74.0108,40.707491,-74.009392,15%,1
RIDE_000695,SCOOT_0167,USER_00819,2026-06-14 12:03:32,06/14/2026 12:08 PM,40.7163° N,-74.008599,40.712688,-74.011725,71,2
RIDE_000696,SCOOT_0176,USER_00880,2026-06-17 14:09:27,2026-06-17 14:20:27,40.710851,-74.007408,40.708541,-74.011296,31,
RIDE_000697,SCOOT_0135,USER_01436,06/20/2026 12:17 AM,1781916452,40.680078,-74.040871,40.681863,-74.042544,32,1
RIDE_000698,SCOOT_0068,USER_00822,1780933050,06/08/2026 3:52 PM,40.74974,-74.004,40.749646,-74.006579,82%,five star
RIDE_000699,SCOOT_0114,USER_00689,2026-06-02 9:58:15,2026-06-02 10:13:15,40.7176,-74.044517,40.716484,-74.043614,90,2
RIDE_000700,SCOOT_0021,USER_00002,2026-06-14 17:26:49,2026-06-14 17:32:49,40.752077,-73.931839,40.753126,-73.934851,41,2
RIDE_000701,SCOOT_0343,USER_00028,2026-06-02 11:42:37,06/02/2026 11:58 AM,40.712418,-74.013105,40.712176,-74.015604,43,1
RIDE_000702,SCOOT_0197,USER_00179,1782158721,06/22/2026 8:16 PM,40.7165° N,-74.008198,40.716111,-74.010105,84,5
RIDE_000703,SCOOT_0039,USER_01120,2026-06-29 3:52:21,06/29/2026 4:03 AM,40.7353,73.9944° W,40.740775,-73.991982,91,1
RIDE_000704,SCOOT_0178,USER_00750,06/20/2026 12:29 PM,2026-06-20 12:51:04,40.740241,-73.927825,40.741423,-73.933608,98%,5
RIDE_000705,SCOOT_0149,USER_00094,06/15/2026 10:55 PM,06/15/2026 11:05 PM,40.7524,73.9686° W,40.752276,-73.972812,36,2
RIDE_000706,SCOOT_0206,USER_01244,06/19/2026 2:12 AM,06/19/2026 2:27 AM,40.705052,-73.974718,40.708793,-73.974904,66,4
RIDE_000707,SCOOT_0133,USER_00622,06/09/2026 7:32 AM,06/09/2026 7:46 AM,40.716606,-74.0075,40.711494,-74.010239,65,5
RIDE_000708,SCOOT_0027,USER_01316,2026-06-28 8:01:19,2026-06-28 8:22:19,40.780158,-73.97348,40.779428,-73.974379,36%,3
RIDE_000709,SCOOT_0314,USER_00604,06/08/2026 7:38 AM,06/08/2026 8:15 AM,40.7204,-73.999496,40.727073,-73.999973,N/A,4
RIDE_000710,SCOOT_0055,USER_01480,2026-06-11 2:05:05,1781146085,40.767312,-74.0079,40.771743,-74.011436,100,5
RIDE_000711,SCOOT_0080,USER_00914,06/24/2026 1:54 PM,06/24/2026 2:38 PM,40.713667,-74.010389,40.711901,-74.012901,27,4
RIDE_000712,SCOOT_0332,USER_00578,06/08/2026 3:47 PM,06/08/2026 4:13 PM,40.710368,-74.0082,40.708724,-74.005656,73,2
RIDE_000713,SCOOT_0371,USER_01079,1780312653,2026-06-01 11:30:33,40.684003,-74.004389,40.687657,-74.005929,83,1
RIDE_000714,SCOOT_0138,USER_00293,06/05/2026 12:25 AM,2026-06-05 1:06:45,40.709928,-74.0069,40.713468,-74.00634,low,1
RIDE_000715,SCOOT_0084,USER_00630,1782078595,2026-06-21 21:52:55,40.7378° N,-73.976022,40.734469,-73.973978,26%,2
RIDE_000716,SCOOT_0213,USER_00291,06/11/2026 5:26 PM,2026-06-11 17:38:11,40.714434,-74.007231,40.711919,-74.009891,70,5
RIDE_000717,SCOOT_0252,USER_00348,06/01/2026 8:10 AM,06/01/2026 8:14 AM,40.714939,-74.0011,40.713027,-73.999709,88%,1
RIDE_000718,SCOOT_0220,USER_01087,06/04/2026 8:10 AM,06/04/2026 8:19 AM,40.647459,-74.0562,40.647366,-74.058921,LOW,2
RIDE_000719,SCOOT_0136,USER_01457,1781214592,1781215432,40.6941° N,-74.019356,40.694946,-74.019918,35,3
RIDE_000720,SCOOT_0296,USER_00876,1782442009,2026-06-26 2:49:49,40.668035,-74.048414,40.666215,-74.047041,62,1
RIDE_000721,SCOOT_0326,USER_00683,1782295700,2026-06-24 10:20:20,40.70181,-74.007999,40.700231,-74.003834,89,5
RIDE_000722,SCOOT_0270,USER_01184,06/05/2026 11:48 PM,06/06/2026 12:06 AM,40.71126,-74.004468,40.711684,-74.01086,11,4
RIDE_000723,SCOOT_0179,USER_00740,2026-06-25 7:59:08,1782374828,40.715873,74.0051° W,40.717398,-73.99336,LOW,
RIDE_000724,SCOOT_0194,USER_00054,1782623064,1782624324,40.707218,-73.9335,40.706355,-73.932644,18,1
RIDE_000725,SCOOT_0126,USER_00158,2026-06-23 15:27:47,06/23/2026 3:53 PM,40.712618,74.0077° W,40.710908,-74.006708,19,1
RIDE_000726,SCOOT_0331,USER_01424,2026-06-01 20:43:23,1780348343,40.7067° N,74.0030° W,40.705483,-74.006388,53,4
RIDE_000727,SCOOT_0284,USER_01457,1780309587,2026-06-01 10:36:27,40.7110° N,-74.000971,40.709394,-73.999896,55,4
RIDE_000728,SCOOT_0317,USER_00115,06/27/2026 9:23 AM,2026-06-27 10:02:43,40.716,-73.920042,40.718037,-73.914496,low,4
RIDE_000729,SCOOT_0028,USER_00761,06/08/2026 2:16 PM,2026-06-08 14:30:58,40.7454° N,-73.954627,40.745683,-73.950739,52%,2
RIDE_000730,SCOOT_0109,USER_01223,2026-06-21 15:26:43,06/21/2026 3:41 PM,40.7099° N,-74.00302,40.709341,-74.003213,21,1
RIDE_000731,SCOOT_0162,USER_00191,2026-06-01 11:15:16,2026-06-01 11:30:16,40.7502° N,-73.980655,40.749886,-73.980011,ERROR,
RIDE_000732,SCOOT_0209,USER_01032,06/10/2026 12:18 AM,2026-06-10 0:43:31,40.737662,-73.989091,40.74027,-73.990458,87,
RIDE_000733,SCOOT_0368,USER_00475,1780597021,06/04/2026 6:29 PM,40.7092,-74.002179,40.711871,-73.997761,88,1
RIDE_000734,SCOOT_0230,USER_00269,1782719465,1782722105,40.710384,-74.0069,40.705466,-74.008096,67%,3
RIDE_000735,SCOOT_0322,USER_01019,2026-06-11 10:35:21,1781175681,40.7260° N,-74.01813,40.727953,-74.018701,LOW,5
RIDE_000736,SCOOT_0083,USER_00140,06/04/2026 12:32 AM,1780533878,40.6957° N,-74.067454,40.695937,-74.076427,41,3
RIDE_000737,SCOOT_0064,USER_01165,2026-06-09 20:59:24,1781040324,40.712052,-74.0125,40.71567,-74.01019,ERROR,2
RIDE_000738,SCOOT_0043,USER_01398,06/16/2026 1:26 AM,06/16/2026 1:52 AM,40.7154° N,-73.97838,40.712587,-73.973138,80,3
RIDE_000739,SCOOT_0005,USER_00317,1781461514,1781463374,40.7165° N,74.0069° W,40.719936,-74.010265,32%,5
RIDE_000740,SCOOT_0239,USER_00224,06/28/2026 3:50 AM,1782619861,40.709502,-74.0084,40.707915,-74.011604,45%,5
RIDE_000741,SCOOT_0059,USER_00571,1780468428,2026-06-03 6:42:48,40.730562,-74.013977,40.731619,-74.015688,ERROR,4
RIDE_000742,SCOOT_0186,USER_00881,06/15/2026 1:23 AM,06/15/2026 2:00 AM,40.705518,-74.00492,40.699781,-74.005126,49%,
RIDE_000743,SCOOT_0208,USER_00168,2026-06-16 7:46:13,1781596333,40.707327,-73.998051,40.710061,-73.997734,19,
RIDE_000744,SCOOT_0215,USER_00987,2026-06-10 16:26:08,2026-06-10 16:55:08,40.7145,-74.061426,40.716105,-74.060827,N/A,3
RIDE_000745,SCOOT_0316,USER_00297,06/16/2026 7:29 PM,1781638969,40.71138,-73.983353,40.713578,-73.982487,77,5
RIDE_000746,SCOOT_0231,USER_00258,06/11/2026 11:31 AM,2026-06-11 11:34:26,40.7062,-74.00984,40.705812,-74.00956,ERROR,1
RIDE_000747,SCOOT_0108,USER_00392,2026-06-21 16:21:34,1782061474,40.735396,73.9373° W,40.739945,-73.93546,77,3
RIDE_000748,SCOOT_0212,USER_00841,06/22/2026 9:00 PM,2026-06-22 21:03:07,40.713088,-74.0068,40.710232,-74.006616,64,4
RIDE_000749,SCOOT_0338,USER_01411,2026-06-12 12:49:25,2026-06-12 13:26:25,40.766555,-74.002435,40.767558,-74.002901,70%,3
RIDE_000750,SCOOT_0009,USER_01263,06/22/2026 3:55 PM,1782146323,40.7052,-74.0094,40.703928,-74.003778,14,
RIDE_000751,SCOOT_0115,USER_00932,1782831507,2026-06-30 15:07:27,40.711631,74.0147° W,40.713089,-74.019352,38,2
RIDE_000752,SCOOT_0004,USER_00768,06/18/2026 1:52 PM,2026-06-18 14:02:28,40.7171,-74.0079,40.71685,-74.003907,83,4
RIDE_000753,SCOOT_0213,USER_00067,1782461351,2026-06-26 8:44:11,40.7077,74.0116° W,40.705901,-74.008473,31,
RIDE_000754,SCOOT_0099,USER_01263,1780275440,06/01/2026 1:09 AM,40.718513,-74.0246,40.71716,-74.022988,low,4
RIDE_000755,SCOOT_0119,USER_00204,06/21/2026 2:19 PM,1782051912,40.724505,73.9973° W,40.723271,-73.993802,41,4
RIDE_000756,SCOOT_0048,USER_00192,06/23/2026 4:35 AM,06/23/2026 5:10 AM,40.7053° N,-74.0076,40.705892,-74.006206,21,2
RIDE_000757,SCOOT_0233,USER_01300,2026-06-01 15:55:33,06/01/2026 3:58 PM,40.690304,-73.9873,40.682839,-73.989286,4%,2
RIDE_000758,SCOOT_0141,USER_00170,1782046939,2026-06-21 13:16:19,40.714614,-74.009929,40.714791,-74.008589,49,1
RIDE_000759,SCOOT_0048,USER_00159,1782796444,1782799024,40.71143,-74.0053,40.708542,-74.005938,19,2
RIDE_000760,SCOOT_0325,USER_00924,06/16/2026 1:09 PM,2026-06-16 13:25:29,40.715241,-74.0054,40.713481,-74.004699,88,3
RIDE_000761,SCOOT_0315,USER_01229,1782453116,06/26/2026 6:05 AM,40.7157° N,-74.0142,40.719136,-74.015209,44,4
RIDE_000762,SCOOT_0059,USER_00445,1781741457,2026-06-18 0:23:57,40.69771,-74.020555,40.693595,-74.022683,20,3
RIDE_000763,SCOOT_0240,USER_01016,1780314931,1780315591,40.711646,-74.009135,40.716851,-74.011705,N/A,3
RIDE_000764,SCOOT_0160,USER_00340,2026-06-14 18:39:54,1781464074,40.6781,-74.040412,40.674483,-74.041599,75,5
RIDE_000765,SCOOT_0192,USER_01296,06/26/2026 7:29 AM,1782461018,40.7894,73.9779° W,40.789169,-73.979445,55%,3
RIDE_000766,SCOOT_0181,USER_00816,2026-06-27 2:20:23,06/27/2026 2:51 AM,40.7067° N,-74.004714,40.712007,-74.004658,83,5
RIDE_000767,SCOOT_0164,USER_01410,1780287027,06/01/2026 4:24 AM,40.710605,73.9949° W,40.706797,-73.989838,100,1
RIDE_000768,SCOOT_0344,USER_00154,1780315105,06/01/2026 12:14 PM,40.765447,73.9450° W,40.763247,-73.939509,14,5
RIDE_000769,SCOOT_0232,USER_00351,2026-06-19 23:31:47,2026-06-20 0:00:47,40.721603,-73.9977,40.722305,-73.998485,36,1
RIDE_000770,SCOOT_0019,USER_01093,06/20/2026 11:54 AM,2026-06-20 12:34:04,40.7176° N,-74.0054,40.711701,-74.00879,ERROR,4
RIDE_000771,SCOOT_0041,USER_01140,2026-06-30 19:12:22,06/30/2026 7:17 PM,40.7121,-74.00476,40.711887,-74.001103,41,4
RIDE_000772,SCOOT_0015,USER_00459,2026-06-25 11:24:08,1782388688,40.667078,74.0059° W,40.661624,-74.003649,N/A,1
RIDE_000773,SCOOT_0003,USER_01410,2026-06-02 0:22:42,1780360422,40.712422,-74.004322,40.709831,-74.000483,48,5
RIDE_000774,SCOOT_0071,USER_01195,2026-06-28 1:54:40,1782612820,40.769234,-73.974029,40.768846,-73.97229,49%,2
RIDE_000775,SCOOT_0296,USER_00979,2026-06-15 4:21:55,06/15/2026 4:32 AM,40.71,-74.0026,40.714921,-73.999366,86%,1
RIDE_000776,SCOOT_0338,USER_01326,1782150638,2026-06-22 18:10:38,40.709882,-74.004554,40.706002,-74.002837,72,2
RIDE_000777,SCOOT_0303,USER_01081,06/24/2026 7:29 AM,2026-06-24 7:36:46,40.7146° N,-74.013479,40.711117,-74.014329,63,1
RIDE_000778,SCOOT_0104,USER_00820,1781695472,2026-06-17 11:46:32,40.706783,-74.0302,40.70795,-74.029435,58,5
RIDE_000779,SCOOT_0096,USER_00547,1780799396,06/07/2026 2:49 AM,40.685315,-74.059616,40.688461,-74.05465,15,4
RIDE_000780,SCOOT_0028,USER_00904,2026-06-01 17:20:21,1780337121,40.751729,-73.989843,40.753202,-73.990917,65,3
RIDE_000781,SCOOT_0266,USER_00888,06/09/2026 1:27 PM,1781012207,40.712242,-74.003041,40.706514,-73.999086,36,4
RIDE_000782,SCOOT_0318,USER_01433,2026-06-04 1:48:56,2026-06-04 2:32:56,40.7131,74.0076° W,40.712823,-74.007759,69,1
RIDE_000783,SCOOT_0362,USER_01222,2026-06-23 14:43:46,1782227506,40.7059° N,-74.00002,40.705999,-73.998691,27,3
RIDE_000784,SCOOT_0086,USER_00384,1781050007,06/10/2026 12:15 AM,40.7166° N,-74.0101,40.718027,-74.010888,22%,1
RIDE_000785,SCOOT_0181,USER_00971,06/11/2026 4:34 PM,2026-06-11 16:46:26,40.8,-74.0137,40.799738,-74.015553,98,5
RIDE_000786,SCOOT_0397,USER_00193,2026-06-19 0:02:11,1781829371,40.7917° N,-73.9618,40.789622,-73.963936,68,2
RIDE_000787,SCOOT_0266,USER_01360,1780571124,2026-06-04 11:29:24,40.759187,-73.995533,40.761713,-73.99664,46,3
RIDE_000788,SCOOT_0255,USER_00064,1782682885,1782684865,40.701172,-74.0075,40.698056,-74.012393,85,3
RIDE_000789,SCOOT_0090,USER_00544,1780952505,2026-06-08 21:31:45,40.7079,74.0056° W,40.711836,-74.004623,ERROR,5
RIDE_000790,SCOOT_0222,USER_00932,06/30/2026 12:42 PM,1782824763,40.710374,-74.004176,40.708997,-74.00626,44,1
RIDE_000791,SCOOT_0156,USER_00998,2026-06-19 12:38:01,1781873941,40.708183,74.0130° W,40.707013,-74.012533,38,2
RIDE_000792,SCOOT_0026,USER_00515,2026-06-10 2:21:09,2026-06-10 2:42:09,40.7124° N,-74.007664,40.709576,-74.005839,56,1
RIDE_000793,SCOOT_0042,USER_00596,06/05/2026 12:45 PM,1780664763,40.722557,-73.952479,40.719551,-73.954737,94,5
RIDE_000794,SCOOT_0160,USER_00355,1780881012,06/08/2026 1:43 AM,40.701264,-73.9452,40.70419,-73.943681,34,5
RIDE_000795,SCOOT_0280,USER_00376,1781884323,2026-06-19 16:15:03,40.732368,73.9956° W,40.729057,-73.99655,11,4
RIDE_000796,SCOOT_0237,USER_00057,06/13/2026 3:54 PM,2026-06-13 16:03:24,40.7097,74.0007° W,40.706089,-73.997997,55,4
RIDE_000797,SCOOT_0028,USER_00805,2026-06-30 20:20:57,2026-06-30 20:24:57,40.724,73.9722° W,40.72273,-73.970071,48%,three
RIDE_000798,SCOOT_0149,USER_01159,1780670414,1780673114,40.721927,-74.008471,40.717321,-74.014111,84,five star
RIDE_000799,SCOOT_0070,USER_00458,06/16/2026 12:03 PM,06/16/2026 12:09 PM,40.7157° N,74.0135° W,40.714534,-74.012221,72,4
RIDE_000800,SCOOT_0079,USER_01237,2026-06-29 23:17:22,1782775762,40.713541,-74.004298,40.714208,-74.000462,15%,
RIDE_000801,SCOOT_0095,USER_00482,2026-06-29 4:24:24,06/29/2026 5:00 AM,40.709,-74.008708,40.706673,-74.006217,16,4
RIDE_000802,SCOOT_0262,USER_01433,1782590059,06/27/2026 8:13 PM,40.801108,73.9622° W,40.804658,-73.96571,96,2
RIDE_000803,SCOOT_0214,USER_00871,06/18/2026 7:17 AM,1781769040,40.722544,74.0140° W,40.724751,-74.00869,90,4
RIDE_000804,SCOOT_0182,USER_00286,06/05/2026 1:01 AM,06/05/2026 1:22 AM,40.667368,73.9985° W,40.665162,-73.996325,57%,
RIDE_000805,SCOOT_0336,USER_00311,2026-06-15 16:41:16,06/15/2026 5:01 PM,40.7086,-74.00297,40.712711,-74.000884,ERROR,2
RIDE_000806,SCOOT_0331,USER_00991,1781308374,1781310714,40.713935,74.0100° W,40.711394,-74.006203,51,
RIDE_000807,SCOOT_0300,USER_01265,1781370633,06/13/2026 5:51 PM,40.7161° N,-73.98878,40.714833,-73.994858,76%,3
RIDE_000808,SCOOT_0396,USER_00485,1782571323,2026-06-27 14:49:03,40.708517,-73.998354,40.704675,-73.997786,ERROR,2
RIDE_000809,SCOOT_0324,USER_00061,1780554006,2026-06-04 6:47:06,40.726249,-74.033898,40.726803,-74.031085,57%,5
RIDE_000810,SCOOT_0116,USER_00413,06/30/2026 6:20 AM,2026-06-30 6:43:15,40.7128° N,73.9945° W,40.707844,-73.99135,63,3
RIDE_000811,SCOOT_0397,USER_00836,2026-06-24 5:54:05,2026-06-24 6:24:05,40.7271,-73.919762,40.728468,-73.921961,18,3
RIDE_000812,SCOOT_0257,USER_00722,1781898841,1781899261,40.7137° N,-74.013432,40.715526,-74.012537,27,4
RIDE_000813,SCOOT_0256,USER_00473,06/12/2026 10:31 PM,06/12/2026 11:09 PM,40.7708,73.9643° W,40.771876,-73.963893,67,1
RIDE_000814,SCOOT_0148,USER_00154,2026-06-02 21:53:58,1780439458,40.7093,-74.008849,40.712836,-74.00454,9%,2
RIDE_000815,SCOOT_0335,USER_00062,06/18/2026 8:56 PM,06/18/2026 9:14 PM,40.695738,73.9871° W,40.693024,-73.983562,61,3
RIDE_000816,SCOOT_0121,USER_01011,2026-06-02 12:18:28,1780404448,40.715462,-73.998235,40.712827,-73.999369,97%,1
RIDE_000817,SCOOT_0371,USER_00086,06/03/2026 8:31 PM,2026-06-03 21:13:45,40.753029,73.9728° W,40.752382,-73.975389,ERROR,3
RIDE_000818,SCOOT_0101,USER_01095,06/04/2026 1:17 AM,2026-06-04 1:51:46,40.779,-73.9632,40.776279,-73.959111,8,
RIDE_000819,SCOOT_0189,USER_00721,06/20/2026 1:48 PM,06/20/2026 1:52 PM,40.771804,73.9830° W,40.772043,-73.981352,15,5
RIDE_000820,SCOOT_0369,USER_00512,2026-06-07 12:29:34,06/07/2026 12:59 PM,40.713366,73.9346° W,40.706909,-73.93197,69,1
RIDE_000821,SCOOT_0246,USER_01347,06/27/2026 2:04 AM,2026-06-27 2:11:15,40.706554,74.0000° W,40.705564,-74.000621,38,2
RIDE_000822,SCOOT_0188,USER_01130,1780617260,2026-06-05 0:01:20,40.7103° N,-74.0072,40.714545,-74.014616,29,3
RIDE_000823,SCOOT_0105,USER_00281,2026-06-10 23:47:54,06/11/2026 12:05 AM,40.714739,-74.03774,40.711118,-74.040965,80,1
RIDE_000824,SCOOT_0059,USER_00044,06/27/2026 6:58 PM,2026-06-27 19:15:07,40.7195° N,74.0098° W,40.716046,-74.00637,31,4
RIDE_000825,SCOOT_0196,USER_00788,06/16/2026 1:13 AM,1781573624,40.714154,-74.009752,40.714804,-74.012829,64%,
RIDE_000826,SCOOT_0387,USER_00689,2026-06-15 1:37:01,06/15/2026 1:54 AM,40.717203,-74.001755,40.718799,-74.00067,45,5
RIDE_000827,SCOOT_0284,USER_00795,2026-06-30 9:33:30,1782814410,40.7198° N,-74.006,40.716299,-74.004653,95,1
RIDE_000828,SCOOT_0144,USER_01398,1782296872,1782299092,40.742221,-74.0083,40.741137,-74.007046,31,five star
RIDE_000829,SCOOT_0007,USER_00255,2026-06-09 3:06:51,06/09/2026 3:24 AM,40.6881° N,-74.064146,40.691487,-74.057186,84%,5
RIDE_000830,SCOOT_0112,USER_00837,2026-06-10 20:41:46,2026-06-10 21:26:46,40.713585,-74.009616,40.708938,-74.008842,46,5
RIDE_000831,SCOOT_0066,USER_00466,06/02/2026 9:06 PM,2026-06-02 21:14:05,40.717216,-74.004099,40.717208,-74.005867,36,4
RIDE_000832,SCOOT_0368,USER_00467,2026-06-21 6:21:11,06/21/2026 6:33 AM,40.726557,-73.969005,40.729298,-73.973642,41,
RIDE_000833,SCOOT_0228,USER_00232,1780392354,1780393494,40.719159,-74.003704,40.723358,-74.00773,14,
RIDE_000834,SCOOT_0311,USER_00738,06/17/2026 2:49 AM,1781665631,40.7073° N,-74.006596,40.708845,-74.001207,37,three
RIDE_000835,SCOOT_0055,USER_01248,1781189495,2026-06-11 15:35:35,40.715624,-74.006971,40.712545,-74.003281,20,1
RIDE_000836,SCOOT_0391,USER_01330,1780831439,1780833539,40.7296,-73.935431,40.728753,-73.930659,85%,4
RIDE_000837,SCOOT_0267,USER_00904,06/03/2026 2:48 AM,1780455953,40.714079,-73.99074,40.71252,-73.991763,7,5
RIDE_000838,SCOOT_0355,USER_00494,1781171282,2026-06-11 10:03:02,40.6978° N,-74.043,40.695985,-74.043454,41,1
RIDE_000839,SCOOT_0276,USER_00502,06/15/2026 2:55 PM,2026-06-15 15:21:29,40.713114,-74.014515,40.714489,-74.017454,54,2
RIDE_000840,SCOOT_0093,USER_00930,2026-06-25 14:50:27,2026-06-25 15:30:27,40.677433,-74.021747,40.672052,-74.025813,19,2
RIDE_000841,SCOOT_0068,USER_01055,1780293859,06/01/2026 6:14 AM,40.73472,-73.9289,40.733142,-73.928402,4,1
RIDE_000842,SCOOT_0056,USER_01480,2026-06-28 19:16:17,1782675797,40.76941,-73.974979,40.769177,-73.978565,44,5
RIDE_000843,SCOOT_0261,USER_00172,06/02/2026 2:41 AM,1780369566,40.735119,73.9727° W,40.730071,-73.975728,94%,5
RIDE_000844,SCOOT_0175,USER_00099,06/05/2026 12:17 AM,06/05/2026 12:57 AM,40.777504,73.9905° W,40.779022,-73.992676,LOW,4
RIDE_000845,SCOOT_0221,USER_01064,2026-06-19 18:50:53,06/19/2026 7:26 PM,40.7494° N,-73.985,40.750039,-73.981908,95,2
RIDE_000846,SCOOT_0311,USER_00218,06/09/2026 8:56 PM,2026-06-09 21:38:24,40.717224,-74.008256,40.714775,-74.008021,22,3
RIDE_000847,SCOOT_0276,USER_00400,2026-06-30 8:26:06,06/30/2026 9:11 AM,40.716247,-74.005444,40.711516,-74.007852,6%,5
RIDE_000848,SCOOT_0367,USER_01447,2026-06-01 17:46:51,1780336251,40.712504,-74.006303,40.718422,-74.010461,59,1
RIDE_000849,SCOOT_0373,USER_00153,2026-06-30 4:22:00,1782795180,40.7932,73.9414° W,40.800026,-73.942631,46,2
RIDE_000850,SCOOT_0163,USER_00390,06/11/2026 5:42 AM,1781158642,40.7148° N,-74.003721,40.715352,-74.004017,5%,5
RIDE_000851,SCOOT_0241,USER_00311,1782591560,06/27/2026 9:04 PM,40.75712,74.0363° W,40.759166,-74.035966,29,3
RIDE_000852,SCOOT_0286,USER_01252,2026-06-16 6:48:44,1781594564,40.7119,-73.9978,40.709885,-73.999022,1%,4
RIDE_000853,SCOOT_0150,USER_01369,06/07/2026 6:29 AM,06/07/2026 6:34 AM,40.729031,-74.061141,40.727381,-74.061582,24,2
RIDE_000854,SCOOT_0229,USER_00667,06/16/2026 5:50 PM,06/16/2026 6:33 PM,40.716163,-74.005169,40.712285,-74.006765,97,4
RIDE_000855,SCOOT_0308,USER_00844,1780932487,06/08/2026 3:38 PM,40.710371,-74.006309,40.711648,-74.005054,62,4
RIDE_000856,SCOOT_0201,USER_00906,06/22/2026 8:33 AM,1782117423,40.7057° N,-74.001744,40.706454,-73.997591,34,4
RIDE_000857,SCOOT_0275,USER_00423,06/14/2026 2:30 PM,2026-06-14 14:49:55,40.6981° N,-74.022474,40.699484,-74.018435,29,2
RIDE_000858,SCOOT_0361,USER_00683,06/25/2026 10:45 PM,2026-06-25 22:55:57,40.710945,-73.99,40.717762,-73.987291,49,
RIDE_000859,SCOOT_0149,USER_00331,2026-06-30 12:50:29,2026-06-30 13:28:29,40.715095,-74.0111,40.71123,-74.010227,51,2
RIDE_000860,SCOOT_0022,USER_00322,1782826605,1782828045,40.75181,-73.980282,40.752233,-73.975517,LOW,4
RIDE_000861,SCOOT_0044,USER_00157,1781089113,2026-06-10 11:02:33,40.715582,-74.010564,40.715247,-74.012979,84,3
RIDE_000862,SCOOT_0160,USER_00663,1780510927,06/03/2026 6:51 PM,40.7112,-74.007654,40.709816,-74.01142,51%,5
RIDE_000863,SCOOT_0209,USER_01149,06/14/2026 6:39 PM,2026-06-14 18:43:15,40.7123,74.0082° W,40.703501,-74.002084,55,
RIDE_000864,SCOOT_0013,USER_00814,06/09/2026 5:35 PM,06/09/2026 5:56 PM,40.7707,73.9755° W,40.770732,-73.979041,LOW,5
RIDE_000865,SCOOT_0251,USER_01216,06/25/2026 8:27 AM,06/25/2026 8:58 AM,40.719583,-73.9984,40.720053,-73.99534,LOW,2
RIDE_000866,SCOOT_0078,USER_00075,06/08/2026 3:03 AM,1780888515,40.7866° N,-73.997935,40.78537,-73.997539,53,3
RIDE_000867,SCOOT_0363,USER_00990,2026-06-11 20:34:56,2026-06-11 21:15:56,40.7393° N,-73.990073,40.739035,-73.990316,84,4
RIDE_000868,SCOOT_0020,USER_00869,1781727119,06/17/2026 8:19 PM,40.7071° N,-74.030012,40.704994,-74.033866,22%,1
RIDE_000869,SCOOT_0268,USER_00661,2026-06-16 6:12:56,1781592956,40.802656,-74.013313,40.806117,-74.009154,38,3
RIDE_000870,SCOOT_0108,USER_00677,2026-06-20 13:31:50,1781964650,40.7068,-74.0581,40.705672,-74.058255,78,4
RIDE_000871,SCOOT_0356,USER_00193,2026-06-30 4:55:39,06/30/2026 5:08 AM,40.762888,-73.981504,40.767479,-73.97951,N/A,2
RIDE_000872,SCOOT_0141,USER_00583,06/18/2026 4:41 PM,06/18/2026 5:05 PM,40.709102,74.0124° W,40.708121,-74.013031,45,2
RIDE_000873,SCOOT_0375,USER_00444,06/27/2026 3:30 PM,06/27/2026 4:10 PM,40.771324,-73.988306,40.772858,-73.982501,10%,1
RIDE_000874,SCOOT_0343,USER_00970,1780986573,06/09/2026 6:48 AM,40.7291° N,-74.006962,40.728561,-74.008032,76,5
RIDE_000875,SCOOT_0027,USER_00281,2026-06-07 6:07:13,1780812613,40.754213,-73.947746,40.754348,-73.947593,42,
RIDE_000876,SCOOT_0268,USER_00650,2026-06-17 16:00:30,1781713830,40.751364,-74.005049,40.752333,-74.005232,91,3
RIDE_000877,SCOOT_0351,USER_00247,1781664649,1781667109,40.7228° N,-74.0167,40.726467,-74.019302,63%,3
RIDE_000878,SCOOT_0196,USER_00767,2026-06-18 15:51:10,06/18/2026 4:35 PM,40.719648,74.0130° W,40.720952,-74.011564,28%,2
RIDE_000879,SCOOT_0332,USER_00564,2026-06-06 0:23:18,06/06/2026 12:38 AM,40.732989,-73.9595,40.736827,-73.966163,LOW,1
RIDE_000880,SCOOT_0324,USER_00931,1782062748,2026-06-21 17:53:48,40.7148° N,-74.016,40.711914,-74.011086,92,5
RIDE_000881,SCOOT_0043,USER_00860,1781590776,2026-06-16 6:52:36,40.737264,-73.9915,40.736671,-73.985274,95,2
RIDE_000882,SCOOT_0345,USER_00649,2026-06-27 4:20:53,1782534413,40.711766,-74.0067,40.716259,-74.001153,95%,
RIDE_000883,SCOOT_0076,USER_01493,06/29/2026 6:09 AM,1782715779,40.759331,-74.0024,40.765619,-73.997598,9%,5
RIDE_000884,SCOOT_0180,USER_00242,06/09/2026 3:03 AM,1780975045,40.702779,74.0607° W,40.702632,-74.061229,1,5
RIDE_000885,SCOOT_0393,USER_00347,06/11/2026 4:58 PM,06/11/2026 5:37 PM,40.764617,-73.95648,40.767255,-73.959712,24%,1
RIDE_000886,SCOOT_0159,USER_00110,2026-06-26 0:22:48,1782434328,40.81063,-73.9649,40.812691,-73.960538,25%,2
RIDE_000887,SCOOT_0136,USER_00190,06/13/2026 10:27 AM,06/13/2026 10:41 AM,40.7084,-74.006143,40.706759,-74.010847,38,4
RIDE_000888,SCOOT_0292,USER_00432,1781614550,06/16/2026 1:35 PM,40.7142,73.9960° W,40.708667,-73.996051,75,5
RIDE_000889,SCOOT_0133,USER_00447,2026-06-23 15:47:46,1782231166,40.702011,-74.042,40.701671,-74.045936,12,2
RIDE_000890,SCOOT_0166,USER_01437,06/15/2026 9:29 AM,2026-06-15 9:34:49,40.753556,73.9831° W,40.746986,-73.979552,49,1
RIDE_000891,SCOOT_0280,USER_00382,2026-06-04 22:55:06,06/04/2026 11:20 PM,40.767568,-73.9847,40.768255,-73.981444,46,4
RIDE_000892,SCOOT_0248,USER_01390,06/25/2026 12:47 AM,1782350310,40.7876° N,-73.95312,40.786694,-73.949184,93,3
RIDE_000893,SCOOT_0084,USER_01049,1781348144,1781348444,40.737016,-73.931319,40.733206,-73.930458,74,1
RIDE_000894,SCOOT_0393,USER_00290,2026-06-06 10:56:37,1780745857,40.7323° N,-73.980766,40.729815,-73.983964,7,3
RIDE_000895,SCOOT_0224,USER_00185,06/26/2026 12:36 PM,06/26/2026 1:08 PM,40.721299,-74.000675,40.72706,-74.004343,24,2
RIDE_000896,SCOOT_0238,USER_01447,2026-06-24 8:54:37,2026-06-24 9:06:37,40.762825,-74.00347,40.760738,-74.006225,28,4
RIDE_000897,SCOOT_0202,USER_01094,1780889359,2026-06-08 3:56:19,40.7178° N,-74.0076,40.720963,-74.005773,94,5
RIDE_000898,SCOOT_0307,USER_00816,2026-06-03 12:37:44,1780492304,40.746573,-74.017589,40.75035,-74.01415,65,5
RIDE_000899,SCOOT_0160,USER_00793,06/30/2026 2:48 AM,2026-06-30 3:32:47,40.708906,-74.001971,40.709915,-74.002654,24,3
RIDE_000900,SCOOT_0336,USER_00829,1782149400,2026-06-22 17:35:00,40.709504,-74.008876,40.715654,-74.008874,11,1
RIDE_000901,SCOOT_0156,USER_00871,06/26/2026 12:26 AM,06/26/2026 12:39 AM,40.715929,-74.009164,40.713589,-74.005918,ERROR,1
RIDE_000902,SCOOT_0273,USER_00786,06/09/2026 11:05 PM,1781046915,40.7561° N,-73.9795,40.756211,-73.97917,LOW,4
RIDE_000903,SCOOT_0145,USER_00082,1782615286,1782616006,40.712084,-74.004417,40.714162,-74.002213,59%,4
RIDE_000904,SCOOT_0151,USER_00731,1780595375,1780597295,40.708857,-74.007137,40.712441,-74.004453,4,2
RIDE_000905,SCOOT_0049,USER_00259,06/14/2026 12:38 AM,06/14/2026 1:09 AM,40.707309,-74.004594,40.701374,-74.004453,32%,5
RIDE_000906,SCOOT_0168,USER_00764,06/24/2026 5:15 AM,06/24/2026 5:58 AM,40.7272° N,-74.0635,40.724652,-74.061166,ERROR,
RIDE_000907,SCOOT_0383,USER_00527,06/02/2026 5:20 AM,1780380094,40.727144,-73.9982,40.728933,-74.000058,55%,2
RIDE_000908,SCOOT_0356,USER_00101,1782344776,1782345256,40.7014° N,-73.9939,40.702645,-73.993116,70%,2
RIDE_000909,SCOOT_0348,USER_00584,1781297548,2026-06-12 21:25:28,40.7114° N,-74.00452,40.711072,-74.003146,6,2
RIDE_000910,SCOOT_0116,USER_00038,1780963862,06/09/2026 12:40 AM,40.710812,-74.00673,40.707842,-74.006835,82,2
RIDE_000911,SCOOT_0286,USER_00026,2026-06-23 11:49:07,1782216367,40.7096,74.0105° W,40.710332,-74.009818,43%,4
RIDE_000912,SCOOT_0017,USER_01354,06/11/2026 12:24 PM,06/11/2026 12:47 PM,40.7159° N,-74.007725,40.717156,-74.006072,87%,4
RIDE_000913,SCOOT_0016,USER_00320,1782679683,2026-06-28 20:56:03,40.7578° N,-73.984513,40.758244,-73.983421,97,4
RIDE_000914,SCOOT_0276,USER_00270,06/20/2026 9:17 PM,1781991048,40.700644,-74.0297,40.701125,-74.023092,63%,4
RIDE_000915,SCOOT_0282,USER_00837,2026-06-13 22:06:16,1781388976,40.7114° N,-74.008912,40.71248,-74.007975,100,4
RIDE_000916,SCOOT_0201,USER_00462,2026-06-12 7:55:41,06/12/2026 8:24 AM,40.713055,-74.0697,40.715249,-74.067886,N/A,5
RIDE_000917,SCOOT_0336,USER_00353,1782657748,06/28/2026 3:16 PM,40.6864,-74.037726,40.689445,-74.035109,69,4
RIDE_000918,SCOOT_0307,USER_01169,1782099287,06/22/2026 4:01 AM,40.6832° N,73.9924° W,40.683046,-73.992178,80,1
RIDE_000919,SCOOT_0283,USER_01048,2026-06-24 14:52:58,06/24/2026 2:56 PM,40.713093,-74.006601,40.716668,-74.006852,96,4
RIDE_000920,SCOOT_0236,USER_00502,2026-06-28 7:01:41,1782630881,40.7082,-73.943071,40.708745,-73.939383,4,4
RIDE_000921,SCOOT_0004,USER_00067,1782165469,06/22/2026 10:28 PM,40.724862,74.0230° W,40.732317,-74.022216,21,1
RIDE_000922,SCOOT_0366,USER_00049,2026-06-22 14:47:40,06/22/2026 3:23 PM,40.731608,74.0118° W,40.733208,-74.009316,100,5
RIDE_000923,SCOOT_0220,USER_00255,06/15/2026 5:30 PM,1781544980,40.7177° N,-74.001771,40.720289,-74.002716,66%,4
RIDE_000924,SCOOT_0136,USER_00199,1780550334,2026-06-04 5:37:54,40.689065,-73.981348,40.691864,-73.982016,32,2
RIDE_000925,SCOOT_0141,USER_01218,1781220152,1781220572,40.804403,73.9421° W,40.801654,-73.944658,58,5
RIDE_000926,SCOOT_0244,USER_01461,2026-06-02 5:05:52,06/02/2026 5:17 AM,40.745592,-73.979548,40.744019,-73.975491,low,3
RIDE_000927,SCOOT_0300,USER_00025,2026-06-15 10:44:10,2026-06-15 10:56:10,40.721281,74.0052° W,40.716974,-74.009159,28,2
RIDE_000928,SCOOT_0194,USER_00994,06/09/2026 1:15 PM,06/09/2026 1:50 PM,40.75452,-74.010652,40.757558,-74.011126,65,3
RIDE_000929,SCOOT_0399,USER_01493,1782022167,2026-06-21 6:45:27,40.848,-73.925042,40.847418,-73.925361,29,5
RIDE_000930,SCOOT_0187,USER_01361,06/26/2026 4:21 AM,06/26/2026 5:05 AM,40.7168° N,-73.999187,40.711868,-74.004546,68%,2
RIDE_000931,SCOOT_0229,USER_01161,2026-06-02 14:30:31,2026-06-02 15:13:31,40.7103° N,-74.003669,40.711802,-74.00046,11%,1
RIDE_000932,SCOOT_0137,USER_01131,1781686902,1781687982,40.7080° N,-74.015265,40.710575,-74.017749,59%,5
RIDE_000933,SCOOT_0051,USER_01100,1780975174,2026-06-09 3:34:34,40.71763,-73.982599,40.72001,-73.982965,98,4
RIDE_000934,SCOOT_0292,USER_00020,2026-06-29 1:51:35,2026-06-29 2:14:35,40.748843,-73.988687,40.747731,-73.992731,28,3
RIDE_000935,SCOOT_0308,USER_00555,1781883528,2026-06-19 15:48:48,40.7688,73.9608° W,40.769771,-73.96027,1,4
RIDE_000936,SCOOT_0258,USER_00633,06/16/2026 10:58 PM,2026-06-16 23:12:43,40.7088° N,-74.006726,40.702288,-74.006191,44,5
RIDE_000937,SCOOT_0049,USER_00908,06/21/2026 4:01 PM,2026-06-21 16:11:17,40.7414,-74.035483,40.739619,-74.034495,9,3
RIDE_000938,SCOOT_0313,USER_00431,1781219608,1781221828,40.755657,-73.944164,40.75358,-73.950071,68,3
RIDE_000939,SCOOT_0214,USER_01488,1781847463,1781848843,40.7132,73.9978° W,40.714046,-73.997899,67,5
RIDE_000940,SCOOT_0391,USER_00855,06/09/2026 8:19 AM,2026-06-09 8:38:39,40.6956° N,-74.0447,40.693203,-74.042252,40,4
RIDE_000941,SCOOT_0151,USER_00765,06/01/2026 2:42 PM,2026-06-01 14:48:43,40.765915,-73.977248,40.762989,-73.973337,26,3
RIDE_000942,SCOOT_0083,USER_00667,06/01/2026 11:43 AM,1780315984,40.7747° N,73.9887° W,40.7777,-73.990151,36,1
RIDE_000943,SCOOT_0052,USER_00115,1782322072,06/24/2026 6:07 PM,40.7328,74.0009° W,40.727447,-73.999479,78,1
RIDE_000944,SCOOT_0078,USER_01208,1782044917,2026-06-21 12:48:37,40.746477,73.9958° W,40.74025,-73.996027,100,2
RIDE_000945,SCOOT_0396,USER_00140,2026-06-10 20:54:06,06/10/2026 9:09 PM,40.7801° N,-73.977734,40.776966,-73.981251,38,2
RIDE_000946,SCOOT_0131,USER_01237,1782645951,2026-06-28 11:51:51,40.792387,-73.982211,40.793336,-73.984867,26,3
RIDE_000947,SCOOT_0224,USER_00066,06/24/2026 12:50 AM,06/24/2026 1:01 AM,40.713524,-74.000787,40.715283,-74.002024,66,5
RIDE_000948,SCOOT_0045,USER_01176,2026-06-17 11:54:29,2026-06-17 12:31:29,40.705644,-73.992813,40.705668,-73.99379,15%,5
RIDE_000949,SCOOT_0038,USER_00373,1782839000,1782841520,40.727313,-73.930958,40.724333,-73.934006,95,3
RIDE_000950,SCOOT_0078,USER_00531,1782075395,06/21/2026 9:20 PM,40.678329,74.0408° W,40.674677,-74.040327,2,4
RIDE_000951,SCOOT_0106,USER_00632,06/28/2026 8:06 AM,06/28/2026 8:46 AM,40.743544,-73.9673,40.743648,-73.973233,low,2
RIDE_000952,SCOOT_0156,USER_00335,1780717224,06/06/2026 3:44 AM,40.7615,-73.969484,40.758518,-73.968223,30,2
RIDE_000953,SCOOT_0381,USER_00428,1781430730,2026-06-14 10:09:10,40.7135,-73.9332,40.709677,-73.938626,49,
RIDE_000954,SCOOT_0084,USER_00430,2026-06-13 1:47:30,06/13/2026 2:18 AM,40.7229,-73.937675,40.721751,-73.941227,75,1
RIDE_000955,SCOOT_0234,USER_00034,1780595308,06/04/2026 6:29 PM,40.7112,-74.004923,40.711066,-74.004375,62,1
RIDE_000956,SCOOT_0334,USER_01319,06/01/2026 1:50 PM,1780323551,40.7446,-73.962066,40.741069,-73.960603,39,1
RIDE_000957,SCOOT_0266,USER_00319,1782483076,1782485056,40.7175,-74.004076,40.71692,-74.005661,23,2
RIDE_000958,SCOOT_0266,USER_00311,1780679179,1780679479,40.7169° N,-74.011692,40.714034,-74.012885,21,2
RIDE_000959,SCOOT_0014,USER_00680,1782283004,2026-06-24 7:02:44,40.782753,-73.977905,40.779849,-73.978836,34,1
RIDE_000960,SCOOT_0115,USER_00189,1780333669,2026-06-01 17:12:49,40.700514,74.0202° W,40.70345,-74.024311,21,three
RIDE_000961,SCOOT_0244,USER_00962,1781403893,1781404493,40.815276,-73.954635,40.818548,-73.956024,82%,
RIDE_000962,SCOOT_0264,USER_00266,06/29/2026 9:21 AM,1782725527,40.7122° N,-74.011733,40.710626,-74.010252,74,2
RIDE_000963,SCOOT_0364,USER_00947,1782450690,2026-06-26 5:28:30,40.7839° N,-74.007643,40.782825,-74.008097,94,3
RIDE_000964,SCOOT_0324,USER_00099,1782163835,2026-06-22 22:06:35,40.661284,74.0327° W,40.659112,-74.033259,5%,4
RIDE_000965,SCOOT_0097,USER_01288,06/26/2026 7:12 AM,1782458778,40.710992,-74.009157,40.710971,-74.009804,62,3
RIDE_000966,SCOOT_0096,USER_00523,06/28/2026 9:00 PM,2026-06-28 21:28:54,40.723163,73.9498° W,40.724121,-73.944808,66%,3
RIDE_000967,SCOOT_0279,USER_00259,06/11/2026 5:44 PM,06/11/2026 6:22 PM,40.760798,-73.965578,40.756627,-73.965104,83,
RIDE_000968,SCOOT_0094,USER_00815,06/04/2026 8:16 AM,2026-06-04 8:48:09,40.7361,-74.015038,40.733835,-74.011463,11,5
RIDE_000969,SCOOT_0269,USER_00097,1782585365,1782586265,40.7166,74.0050° W,40.712002,-74.005617,100,5
RIDE_000970,SCOOT_0277,USER_01249,2026-06-26 19:24:41,2026-06-26 19:50:41,40.7549° N,73.9645° W,40.749403,-73.96716,29,2
RIDE_000971,SCOOT_0370,USER_00615,1781421702,06/14/2026 7:41 AM,40.712544,-74.003855,40.705955,-74.004341,61,2
RIDE_000972,SCOOT_0392,USER_00497,2026-06-01 2:43:33,1780282953,40.6921° N,-74.027508,40.69414,-74.02576,18,1
RIDE_000973,SCOOT_0106,USER_00909,2026-06-13 5:48:18,1781332338,40.684501,-74.0262,40.683322,-74.023155,52,1
RIDE_000974,SCOOT_0278,USER_01250,2026-06-05 10:01:46,2026-06-05 10:24:46,40.718374,74.0032° W,40.719662,-74.002019,85,1
RIDE_000975,SCOOT_0087,USER_01454,1781501742,1781502162,40.750278,-73.9802,40.755285,-73.983029,81,5
RIDE_000976,SCOOT_0216,USER_00117,2026-06-23 17:44:31,1782237931,40.7193° N,74.0073° W,40.723235,-74.011509,86,4
RIDE_000977,SCOOT_0052,USER_01461,1782013787,06/21/2026 4:09 AM,40.700918,74.0592° W,40.696672,-74.05858,46,
RIDE_000978,SCOOT_0193,USER_01243,06/26/2026 5:40 PM,06/26/2026 5:58 PM,40.750789,73.9521° W,40.746292,-73.952374,72%,5
RIDE_000979,SCOOT_0216,USER_00807,1781704546,06/17/2026 2:00 PM,40.698751,-73.977034,40.7016,-73.977212,low,5
RIDE_000980,SCOOT_0343,USER_00053,1782178025,06/23/2026 1:52 AM,40.82021,-73.9667,40.819171,-73.97155,81,4
RIDE_000981,SCOOT_0181,USER_00510,1780864708,2026-06-07 20:52:28,40.7117,-74.0073,40.71463,-74.005958,33%,3
RIDE_000982,SCOOT_0386,USER_00714,1781021659,06/09/2026 4:20 PM,40.7081° N,-74.005311,40.710097,-74.000727,71%,4
RIDE_000983,SCOOT_0328,USER_00832,06/25/2026 6:15 AM,06/25/2026 6:49 AM,40.7792,-73.9624,40.77933,-73.961218,40,five star
RIDE_000984,SCOOT_0166,USER_00033,2026-06-11 22:38:20,1781219540,40.73109,-74.035456,40.730042,-74.037773,47,2
RIDE_000985,SCOOT_0048,USER_00186,06/04/2026 6:54 AM,06/04/2026 7:34 AM,40.714317,74.0011° W,40.712526,-74.00825,80,2
RIDE_000986,SCOOT_0315,USER_01168,2026-06-23 21:46:17,06/23/2026 10:31 PM,40.680956,-74.026231,40.682568,-74.024946,95,3
RIDE_000987,SCOOT_0116,USER_00902,2026-06-03 11:47:25,2026-06-03 12:04:25,40.7428,-74.011281,40.744346,-74.013783,89,2
RIDE_000988,SCOOT_0212,USER_00382,2026-06-21 7:51:47,2026-06-21 8:03:47,40.7215° N,-74.0037,40.719794,-74.005552,71,2
RIDE_000989,SCOOT_0221,USER_00759,06/28/2026 6:52 PM,1782675170,40.712428,-74.006958,40.715779,-74.006399,47,3
RIDE_000990,SCOOT_0260,USER_01451,1781253163,2026-06-12 8:55:43,40.7434,-73.9477,40.743515,-73.945385,69,1
RIDE_000991,SCOOT_0028,USER_00943,1781638170,2026-06-16 19:52:30,40.710367,74.0045° W,40.7113,-74.010216,low,5
RIDE_000992,SCOOT_0033,USER_01397,1781970992,2026-06-20 16:30:32,40.7983° N,73.9597° W,40.797114,-73.962994,45,2
RIDE_000993,SCOOT_0276,USER_01428,1781230973,06/12/2026 2:42 AM,40.7554° N,-73.984,40.756418,-73.983391,low,3
RIDE_000994,SCOOT_0028,USER_01459,1782126332,06/22/2026 11:29 AM,40.714825,74.0002° W,40.716529,-74.00336,N/A,5
RIDE_000995,SCOOT_0093,USER_00061,1782392569,06/25/2026 1:42 PM,40.71825,73.9994° W,40.727706,-74.002808,32%,2
RIDE_000996,SCOOT_0176,USER_00375,2026-06-21 18:01:17,06/21/2026 6:11 PM,40.7138° N,74.0143° W,40.715431,-74.015973,49,2
RIDE_000997,SCOOT_0174,USER_00926,06/04/2026 11:19 AM,2026-06-04 11:44:49,40.720494,-74.009098,40.715426,-74.010512,45,1
RIDE_000998,SCOOT_0007,USER_00010,1782357924,2026-06-25 4:01:24,40.7049° N,74.0030° W,40.698703,-74.00291,1,5
RIDE_000999,SCOOT_0112,USER_00708,1781186430,06/11/2026 2:22 PM,40.7045,-74.0073,40.709419,-74.006199,80,5
RIDE_001000,SCOOT_0020,USER_01101,2026-06-04 5:37:53,06/04/2026 6:18 AM,40.7093,74.0061° W,40.7094,-74.004707,57,
RIDE_001001,SCOOT_0173,USER_00932,06/29/2026 4:22 AM,2026-06-29 4:44:45,40.730663,-73.9736,40.72255,-73.975538,78,5
RIDE_001002,SCOOT_0022,USER_00734,1782863909,07/01/2026 12:36 AM,40.773335,-73.958533,40.773402,-73.96275,63,4
RIDE_001003,SCOOT_0202,USER_01119,2026-06-02 17:29:30,06/02/2026 6:14 PM,40.6808° N,-73.984026,40.680563,-73.985764,74,5
RIDE_001004,SCOOT_0054,USER_00659,06/21/2026 7:18 AM,2026-06-21 7:39:56,40.7109,-74.003215,40.709324,-74.00348,11,4
RIDE_001005,SCOOT_0158,USER_01204,06/18/2026 5:37 PM,1781806772,40.72148,74.0117° W,40.715924,-74.009344,6,1
RIDE_001006,SCOOT_0351,USER_00889,2026-06-24 20:47:58,2026-06-24 21:24:58,40.710085,-74.0073,40.707742,-74.008052,46,1
RIDE_001007,SCOOT_0366,USER_00417,06/24/2026 6:30 PM,1782327993,40.7809,-73.951957,40.783457,-73.956206,low,1
RIDE_001008,SCOOT_0091,USER_00799,2026-06-16 7:31:37,06/16/2026 8:10 AM,40.7254,-74.042482,40.722949,-74.039611,31,3
RIDE_001009,SCOOT_0105,USER_01339,2026-06-27 8:18:53,2026-06-27 8:44:53,40.716439,74.0132° W,40.716372,-74.015297,55,3
RIDE_001010,SCOOT_0022,USER_01426,1782294932,06/24/2026 10:24 AM,40.7102,-73.993482,40.705348,-73.992583,33,4
RIDE_001011,SCOOT_0349,USER_01465,2026-06-25 16:21:08,2026-06-25 16:32:08,40.749249,73.9435° W,40.751351,-73.935058,69,3
RIDE_001012,SCOOT_0255,USER_00412,1782829793,2026-06-30 14:50:53,40.6871° N,-74.036634,40.684899,-74.03609,26,5
RIDE_001013,SCOOT_0190,USER_00898,2026-06-05 18:52:04,2026-06-05 18:57:04,40.767205,-73.981603,40.764146,-73.980984,9%,5
RIDE_001014,SCOOT_0175,USER_00514,06/24/2026 5:11 AM,06/24/2026 5:42 AM,40.7776,73.9767° W,40.78053,-73.977438,6%,2
RIDE_001015,SCOOT_0013,USER_00903,06/30/2026 6:23 AM,2026-06-30 6:48:26,40.763398,-73.980115,40.760545,-73.979159,25,4
RIDE_001016,SCOOT_0369,USER_00348,2026-06-03 8:56:54,06/03/2026 9:37 AM,40.729066,-73.980658,40.729634,-73.979766,67,5
RIDE_001017,SCOOT_0115,USER_01287,1782301360,1782302920,40.708043,-74.001784,40.709759,-74.003898,50,1
RIDE_001018,SCOOT_0350,USER_01005,06/02/2026 8:31 PM,1780434497,40.7066,74.0066° W,40.705312,-74.00624,79,2
RIDE_001019,SCOOT_0199,USER_00527,06/20/2026 9:06 AM,1781947873,40.775838,-74.0113,40.774673,-74.012266,37,2
RIDE_001020,SCOOT_0321,USER_00723,1782712213,2026-06-29 6:16:13,40.718773,74.0228° W,40.723809,-74.028499,30,2
RIDE_001021,SCOOT_0126,USER_00445,1780843588,06/07/2026 3:15 PM,40.809323,-73.975686,40.811902,-73.975447,52,1
RIDE_001022,SCOOT_0330,USER_00629,1782197830,06/23/2026 7:36 AM,40.7174° N,-74.0075,40.714062,-74.003288,98,3
RIDE_001023,SCOOT_0283,USER_00321,06/07/2026 2:18 PM,2026-06-07 14:30:08,40.7466,73.9636° W,40.750335,-73.966665,7%,3
RIDE_001024,SCOOT_0102,USER_00309,2026-06-22 13:59:29,2026-06-22 14:35:29,40.7950° N,-73.982998,40.794613,-73.982781,low,5
RIDE_001025,SCOOT_0347,USER_00199,1781436683,1781438603,40.706799,74.0091° W,40.710852,-74.006457,68,1
RIDE_001026,SCOOT_0110,USER_00630,1782440566,1782441046,40.712549,-74.005028,40.711667,-74.000958,N/A,2
RIDE_001027,SCOOT_0078,USER_00335,06/27/2026 2:24 AM,1782528613,40.757393,73.9730° W,40.760831,-73.975295,13,2
RIDE_001028,SCOOT_0228,USER_00199,2026-06-14 4:18:44,06/14/2026 4:55 AM,40.737276,-74.0394,40.742165,-74.040527,32%,2
RIDE_001029,SCOOT_0230,USER_00041,06/25/2026 1:26 AM,2026-06-25 1:37:01,40.778246,74.0090° W,40.776882,-74.01212,57,2
RIDE_001030,SCOOT_0325,USER_00657,1781642289,2026-06-16 21:03:09,40.745847,-73.988246,40.74872,-73.987623,20,1
RIDE_001031,SCOOT_0013,USER_01003,2026-06-10 3:01:28,1781061988,40.789254,-73.99311,40.786611,-73.987714,25,5
RIDE_001032,SCOOT_0283,USER_00065,2026-06-11 6:04:33,1781158233,40.674496,-74.011376,40.673767,-74.011369,ERROR,3
RIDE_001033,SCOOT_0188,USER_01050,2026-06-05 22:43:31,2026-06-05 22:46:31,40.769807,-73.960262,40.769475,-73.961427,35%,3
RIDE_001034,SCOOT_0342,USER_00653,1782660441,1782662181,40.7117° N,-73.999241,40.714356,-73.999228,58,1
RIDE_001035,SCOOT_0039,USER_00020,2026-06-28 18:31:28,1782672088,40.715276,-73.999447,40.716419,-73.998512,74,1
RIDE_001036,SCOOT_0314,USER_00250,2026-06-24 0:29:22,06/24/2026 12:53 AM,40.6701,-74.0406,40.671287,-74.040899,43%,1
RIDE_001037,SCOOT_0041,USER_00793,2026-06-02 5:03:01,1780377481,40.747704,-73.980629,40.747523,-73.977246,27%,
RIDE_001038,SCOOT_0227,USER_00379,1781217979,1781220139,40.713144,74.0090° W,40.716115,-74.009639,94,1
RIDE_001039,SCOOT_0096,USER_00659,2026-06-17 0:13:47,2026-06-17 0:21:47,40.714906,-74.0079,40.712957,-74.007657,90%,2
RIDE_001040,SCOOT_0272,USER_00015,1782375447,2026-06-25 8:30:27,40.712851,74.0041° W,40.712045,-74.00959,33,2
RIDE_001041,SCOOT_0392,USER_01467,2026-06-21 9:09:46,06/21/2026 9:30 AM,40.7493,-73.969624,40.748452,-73.970363,56,
RIDE_001042,SCOOT_0231,USER_00734,1781483172,1781483652,40.7167° N,74.0088° W,40.712117,-74.00933,N/A,3
RIDE_001043,SCOOT_0167,USER_00826,2026-06-24 17:29:33,1782323733,40.773417,73.9905° W,40.77289,-73.98905,46,4
RIDE_001044,SCOOT_0205,USER_00749,1781542468,06/15/2026 5:25 PM,40.7128,-74.0048,40.718203,-74.005801,49,2
RIDE_001045,SCOOT_0201,USER_00325,06/01/2026 3:48 PM,2026-06-01 16:33:55,40.718367,-74.016184,40.715828,-74.017939,44,4
RIDE_001046,SCOOT_0055,USER_00138,06/10/2026 8:00 PM,1781122801,40.710885,-74.0046,40.717932,-74.00671,86,
RIDE_001047,SCOOT_0323,USER_00637,2026-06-11 17:21:22,1781200942,40.7111,-74.006252,40.712321,-74.005462,40,3
RIDE_001048,SCOOT_0033,USER_00037,2026-06-22 22:31:05,2026-06-22 23:01:05,40.7262° N,-74.0365,40.719021,-74.038015,48,4
RIDE_001049,SCOOT_0175,USER_01183,1781530097,1781531837,40.7172,-74.0123,40.708166,-74.010549,61%,5
RIDE_001050,SCOOT_0010,USER_00642,1782475392,06/26/2026 12:18 PM,40.7663,73.9994° W,40.763317,-74.002313,32%,4
RIDE_001051,SCOOT_0200,USER_00396,2026-06-17 3:28:48,06/17/2026 3:55 AM,40.702711,-74.0005,40.704193,-74.00909,N/A,
RIDE_001052,SCOOT_0140,USER_00656,1782468203,06/26/2026 10:15 AM,40.709373,-74.010504,40.708604,-74.012118,80,2
RIDE_001053,SCOOT_0100,USER_01073,1781609178,06/16/2026 12:07 PM,40.7466,73.9724° W,40.746693,-73.970712,94,
RIDE_001054,SCOOT_0334,USER_01319,06/26/2026 6:21 PM,1782499337,40.7202,-74.007927,40.7212,-74.013339,38,
RIDE_001055,SCOOT_0141,USER_00934,1782400836,1782401316,40.703232,-74.002621,40.703215,-73.999085,57,1
RIDE_001056,SCOOT_0369,USER_00769,06/09/2026 7:12 AM,2026-06-09 7:53:03,40.685332,-73.995602,40.690938,-73.994343,62,3
RIDE_001057,SCOOT_0262,USER_00115,06/18/2026 12:55 AM,2026-06-18 1:38:37,40.7669,-73.977429,40.762219,-73.973362,73,1
RIDE_001058,SCOOT_0174,USER_00167,2026-06-24 4:48:04,2026-06-24 5:22:04,40.710357,-74.004,40.705667,-74.00752,97,3
RIDE_001059,SCOOT_0082,USER_00237,2026-06-14 12:30:32,06/14/2026 12:37 PM,40.7776° N,73.9749° W,40.781962,-73.975181,12,4
RIDE_001060,SCOOT_0389,USER_00477,06/25/2026 9:29 AM,06/25/2026 9:46 AM,40.705432,-74.0024,40.703663,-74.000336,6,
RIDE_001061,SCOOT_0282,USER_00140,06/05/2026 5:00 AM,06/05/2026 5:35 AM,40.712901,-74.012172,40.713394,-74.005584,4,4
RIDE_001062,SCOOT_0204,USER_00436,2026-06-02 7:17:10,06/02/2026 7:57 AM,40.714772,-74.00623,40.717998,-74.005598,66,2
RIDE_001063,SCOOT_0168,USER_00534,2026-06-05 19:31:24,06/05/2026 7:34 PM,40.704691,-74.009833,40.705392,-74.006726,78,2
RIDE_001064,SCOOT_0055,USER_00422,2026-06-13 4:20:19,06/13/2026 5:04 AM,40.7095° N,-74.000302,40.709181,-74.002965,24,2
RIDE_001065,SCOOT_0112,USER_01047,1780865138,1780866458,40.750553,-73.940936,40.752831,-73.941811,73%,3
RIDE_001066,SCOOT_0386,USER_00339,2026-06-01 11:16:59,2026-06-01 11:19:59,40.712561,74.0040° W,40.713433,-74.010012,59%,5
RIDE_001067,SCOOT_0026,USER_00023,1782842045,06/30/2026 6:27 PM,40.6668,-74.025912,40.666379,-74.027483,1,5
RIDE_001068,SCOOT_0214,USER_01339,1780963201,2026-06-09 0:22:01,40.673329,74.0096° W,40.667263,-74.009899,N/A,
RIDE_001069,SCOOT_0244,USER_00358,2026-06-01 10:49:49,06/01/2026 10:54 AM,40.6772,-74.0638,40.677027,-74.06274,LOW,1
RIDE_001070,SCOOT_0355,USER_00314,1780286756,06/01/2026 4:13 AM,40.8250° N,-74.001438,40.828442,-73.998518,62%,
RIDE_001071,SCOOT_0364,USER_00577,2026-06-07 2:22:20,06/07/2026 2:50 AM,40.732818,-73.981635,40.731445,-73.981078,6,3
RIDE_001072,SCOOT_0289,USER_00892,1782322005,1782322905,40.778583,73.9736° W,40.780108,-73.974879,84,
RIDE_001073,SCOOT_0372,USER_01129,2026-06-18 17:47:12,2026-06-18 18:04:12,40.718719,-73.9899,40.722339,-73.994451,48,3
RIDE_001074,SCOOT_0346,USER_01111,06/18/2026 5:18 AM,06/18/2026 5:41 AM,40.740298,-73.9751,40.737344,-73.977452,19,4
RIDE_001075,SCOOT_0022,USER_00704,2026-06-14 13:07:09,2026-06-14 13:37:09,40.7111,74.0115° W,40.708183,-74.009352,70,2
RIDE_001076,SCOOT_0042,USER_00859,06/17/2026 10:45 PM,1781737048,40.7228,74.0000° W,40.720863,-73.997762,low,4
RIDE_001077,SCOOT_0251,USER_00240,2026-06-29 4:04:24,2026-06-29 4:39:24,40.745,73.9773° W,40.745095,-73.982529,30,3
RIDE_001078,SCOOT_0080,USER_01422,06/11/2026 1:35 PM,06/11/2026 2:13 PM,40.7588° N,73.9603° W,40.757566,-73.957314,14%,4
RIDE_001079,SCOOT_0278,USER_01308,1782715884,06/29/2026 6:54 AM,40.7264,73.9454° W,40.726814,-73.946451,97,2
RIDE_001080,SCOOT_0184,USER_01355,2026-06-04 6:57:15,2026-06-04 7:01:15,40.7127,74.0064° W,40.716381,-74.009659,58,4
RIDE_001081,SCOOT_0017,USER_01024,06/13/2026 12:23 AM,2026-06-13 1:04:05,40.70975,74.0019° W,40.707963,-73.999153,79,4
RIDE_001082,SCOOT_0351,USER_01005,06/11/2026 12:47 PM,1781182311,40.7196° N,74.0076° W,40.721642,-74.011068,76,3
RIDE_001083,SCOOT_0124,USER_01237,06/01/2026 1:50 PM,06/01/2026 1:55 PM,40.773095,73.9815° W,40.774514,-73.983448,13%,3
RIDE_001084,SCOOT_0260,USER_00911,1781572501,1781573881,40.706156,-74.003987,40.699965,-74.004939,17,1
RIDE_001085,SCOOT_0232,USER_00601,06/03/2026 6:16 PM,1780511447,40.7193° N,-73.984162,40.725169,-73.981087,90%,2
RIDE_001086,SCOOT_0398,USER_01340,2026-06-28 5:55:31,2026-06-28 6:00:31,40.710184,-74.0059,40.710042,-74.010637,63,4
RIDE_001087,SCOOT_0052,USER_00337,2026-06-29 6:25:51,06/29/2026 6:52 AM,40.7090° N,-74.0082,40.70293,-74.008101,57,1
RIDE_001088,SCOOT_0215,USER_00971,06/05/2026 4:48 AM,1780637361,40.778119,74.0047° W,40.779331,-74.00251,48,1
RIDE_001089,SCOOT_0062,USER_00050,2026-06-02 10:09:16,2026-06-02 10:39:16,40.7106,74.0153° W,40.712415,-74.013241,65,2
RIDE_001090,SCOOT_0060,USER_01147,2026-06-06 3:08:41,06/06/2026 3:47 AM,40.71403,74.0093° W,40.714859,-74.005712,85,4
RIDE_001091,SCOOT_0300,USER_01087,2026-06-02 8:27:21,1780389741,40.710413,-73.997608,40.708837,-73.997511,15,3
RIDE_001092,SCOOT_0199,USER_01133,2026-06-01 11:02:39,06/01/2026 11:13 AM,40.71011,74.0051° W,40.704883,-74.006745,28,
RIDE_001093,SCOOT_0290,USER_00338,2026-06-21 22:49:46,2026-06-21 23:26:46,40.736158,-73.9828,40.739141,-73.980855,66,1
RIDE_001094,SCOOT_0099,USER_01376,1780958974,1780960714,40.713967,73.9368° W,40.714853,-73.939088,42,1
RIDE_001095,SCOOT_0124,USER_01227,1782308179,2026-06-24 14:04:19,40.7337° N,73.9317° W,40.731742,-73.931082,83,2
RIDE_001096,SCOOT_0143,USER_00806,06/17/2026 10:28 AM,06/17/2026 11:02 AM,40.6940° N,74.0169° W,40.691892,-74.021185,99,3
RIDE_001097,SCOOT_0356,USER_01148,2026-06-09 16:54:43,06/09/2026 5:38 PM,40.764317,-73.965894,40.765861,-73.963434,ERROR,5
RIDE_001098,SCOOT_0323,USER_00550,2026-06-30 22:02:05,2026-06-30 22:43:05,40.7070° N,-73.9987,40.709506,-74.002727,79,3
RIDE_001099,SCOOT_0266,USER_01385,2026-06-30 9:52:33,1782814413,40.7126,73.9545° W,40.715827,-73.951656,40,3
RIDE_001100,SCOOT_0284,USER_00658,1781431706,1781432846,40.740346,73.9138° W,40.737708,-73.912716,88,5
RIDE_001101,SCOOT_0192,USER_00504,1780851045,1780853445,40.7555° N,-73.968562,40.755151,-73.969717,44,4
RIDE_001102,SCOOT_0097,USER_00522,06/13/2026 5:38 PM,2026-06-13 17:58:03,40.7939° N,-73.953677,40.791913,-73.95386,ERROR,
RIDE_001103,SCOOT_0305,USER_00222,06/30/2026 6:01 PM,2026-06-30 18:33:27,40.7277° N,-74.017961,40.728333,-74.016135,55,4
RIDE_001104,SCOOT_0275,USER_00550,2026-06-16 15:55:01,2026-06-16 16:22:01,40.7138° N,-74.0138,40.712796,-74.020453,9,5
RIDE_001105,SCOOT_0119,USER_00452,1780630168,06/05/2026 3:59 AM,40.718279,-74.010344,40.722045,-74.007507,36%,2
RIDE_001106,SCOOT_0105,USER_01110,06/20/2026 9:58 PM,2026-06-20 22:37:43,40.730888,73.9907° W,40.731939,-73.993189,22,4
RIDE_001107,SCOOT_0313,USER_00340,1781915885,1781916665,40.71321,-74.007931,40.707866,-74.014623,53,4
RIDE_001108,SCOOT_0042,USER_00837,2026-06-29 6:19:06,1782714966,40.713707,-74.0082,40.712047,-74.006159,58,1
RIDE_001109,SCOOT_0224,USER_01074,1782231013,1782232873,40.7175° N,-74.00709,40.716472,-74.00559,27,4
RIDE_001110,SCOOT_0207,USER_00425,06/11/2026 11:43 AM,06/11/2026 11:47 AM,40.673361,-73.983537,40.675017,-73.981496,90,2
RIDE_001111,SCOOT_0232,USER_01461,1780831584,1780833084,40.691865,-73.9504,40.68923,-73.950127,low,1
RIDE_001112,SCOOT_0188,USER_00533,06/26/2026 12:47 AM,06/26/2026 1:14 AM,40.7710° N,-73.9477,40.76953,-73.949159,33,3
RIDE_001113,SCOOT_0047,USER_01449,06/16/2026 5:45 AM,06/16/2026 5:58 AM,40.717399,-74.004814,40.721202,-74.003948,49,2
RIDE_001114,SCOOT_0118,USER_00839,2026-06-30 5:46:48,2026-06-30 5:54:48,40.7258,-73.994663,40.721103,-73.992676,56,2
RIDE_001115,SCOOT_0241,USER_00867,1781071440,06/10/2026 6:40 AM,40.7176° N,73.9986° W,40.720084,-73.995114,95,5
RIDE_001116,SCOOT_0284,USER_00756,1782713210,06/29/2026 6:24 AM,40.71048,74.0106° W,40.71303,-74.009373,23,4
RIDE_001117,SCOOT_0202,USER_00277,2026-06-24 6:30:51,2026-06-24 6:42:51,40.7149,73.9983° W,40.715918,-73.994401,3,1
RIDE_001118,SCOOT_0366,USER_00509,2026-06-06 1:45:36,1780712316,40.718,74.0038° W,40.720517,-74.002281,32,1
RIDE_001119,SCOOT_0372,USER_00828,1780787903,2026-06-06 23:59:23,40.748777,-73.970369,40.744593,-73.967207,97,5
RIDE_001120,SCOOT_0258,USER_01024,06/29/2026 7:06 PM,06/29/2026 7:38 PM,40.7250° N,73.9623° W,40.722474,-73.960624,68,2
RIDE_001121,SCOOT_0250,USER_00407,1780622373,1780623333,40.712664,-74.0124,40.713926,-74.014113,39,3
RIDE_001122,SCOOT_0117,USER_00900,06/25/2026 12:35 AM,06/25/2026 12:51 AM,40.7304° N,-74.005973,40.731609,-74.008846,51,1
RIDE_001123,SCOOT_0152,USER_00767,06/09/2026 5:43 PM,2026-06-09 18:11:22,40.771313,-73.9804,40.773883,-73.975341,19,1
RIDE_001124,SCOOT_0170,USER_00397,2026-06-02 12:45:47,2026-06-02 13:17:47,40.69,73.9873° W,40.683488,-73.990846,62,
RIDE_001125,SCOOT_0230,USER_00827,2026-06-10 18:26:56,1781116796,40.7090° N,-74.01141,40.704214,-74.010171,81,1
RIDE_001126,SCOOT_0019,USER_01365,2026-06-11 22:18:57,06/11/2026 10:50 PM,40.7119,74.0045° W,40.714015,-74.003686,98,5
RIDE_001127,SCOOT_0048,USER_01264,1782417426,06/25/2026 8:36 PM,40.7260° N,-74.007391,40.722394,-74.004217,35%,1
RIDE_001128,SCOOT_0131,USER_00432,2026-06-13 10:02:24,2026-06-13 10:30:24,40.710444,-74.009742,40.70991,-74.012481,20,5
RIDE_001129,SCOOT_0343,USER_00942,1780280680,1780281460,40.680851,-74.0376,40.681896,-74.040312,87,1
RIDE_001130,SCOOT_0270,USER_00319,1782476923,1782479443,40.751646,73.9561° W,40.753135,-73.949888,95,3
RIDE_001131,SCOOT_0027,USER_01212,1782163703,2026-06-22 22:04:23,40.7241,-73.965114,40.719939,-73.962823,66,4
RIDE_001132,SCOOT_0186,USER_00846,2026-06-10 9:22:49,1781083909,40.7478,-73.97902,40.748342,-73.976184,LOW,5
RIDE_001133,SCOOT_0224,USER_00832,2026-06-24 14:33:29,2026-06-24 15:02:29,40.699217,-74.0621,40.701444,-74.063982,41,1
RIDE_001134,SCOOT_0221,USER_00482,2026-06-27 15:44:05,06/27/2026 3:56 PM,40.752734,-73.991767,40.752077,-73.989468,ERROR,4
RIDE_001135,SCOOT_0277,USER_00878,2026-06-10 8:51:21,2026-06-10 9:33:21,40.740596,-73.938696,40.735133,-73.940489,95,
RIDE_001136,SCOOT_0342,USER_01172,2026-06-16 3:21:39,06/16/2026 4:05 AM,40.714281,-74.003663,40.713979,-74.003835,87,3
RIDE_001137,SCOOT_0252,USER_00221,2026-06-03 1:28:19,1780450879,40.769611,-73.982221,40.773791,-73.979703,25,4
RIDE_001138,SCOOT_0050,USER_01017,2026-06-09 21:36:14,06/09/2026 9:57 PM,40.766356,-73.987323,40.766118,-73.988225,21,5
RIDE_001139,SCOOT_0215,USER_00482,1781942932,06/20/2026 8:29 AM,40.7088° N,-74.0046,40.707165,-74.002593,66,4
RIDE_001140,SCOOT_0065,USER_00306,2026-06-26 11:15:43,2026-06-26 12:00:43,40.708519,-73.999124,40.70583,-73.998466,16%,2
RIDE_001141,SCOOT_0155,USER_01453,06/24/2026 2:40 AM,1782270086,40.777237,-73.989013,40.779795,-73.9927,86%,5
RIDE_001142,SCOOT_0238,USER_01349,2026-06-07 17:13:46,2026-06-07 17:57:46,40.718608,-74.005943,40.716819,-74.006841,33,4
RIDE_001143,SCOOT_0085,USER_00514,2026-06-13 11:46:52,1781353072,40.716036,-74.008338,40.713788,-74.009002,low,
RIDE_001144,SCOOT_0020,USER_00019,2026-06-14 3:23:38,1781409458,40.737861,73.9412° W,40.736162,-73.938694,low,4
RIDE_001145,SCOOT_0141,USER_01088,2026-06-21 13:08:01,2026-06-21 13:32:01,40.7656° N,-73.9973,40.765572,-73.994939,19,5
RIDE_001146,SCOOT_0023,USER_00583,2026-06-13 19:15:02,1781380502,40.6967° N,-73.964138,40.699799,-73.961381,N/A,4
RIDE_001147,SCOOT_0115,USER_00921,06/11/2026 12:39 AM,1781140088,40.7488,-74.0071,40.746966,-74.006508,30%,5
RIDE_001148,SCOOT_0123,USER_00814,06/09/2026 10:55 AM,06/09/2026 11:39 AM,40.741516,-73.978631,40.741491,-73.978157,29,4
RIDE_001149,SCOOT_0394,USER_01230,06/01/2026 3:39 PM,1780328722,40.6836,-74.018675,40.684914,-74.014744,94,3
RIDE_001150,SCOOT_0091,USER_01117,06/22/2026 1:51 AM,06/22/2026 2:25 AM,40.7263° N,-73.9165,40.731186,-73.912515,ERROR,3
RIDE_001151,SCOOT_0344,USER_00527,2026-06-21 7:17:28,2026-06-21 7:20:28,40.736157,-73.990574,40.735122,-73.989106,N/A,3
RIDE_001152,SCOOT_0080,USER_00249,2026-06-14 5:53:35,2026-06-14 6:23:35,40.7155,-74.009356,40.715749,-74.015415,71,1
RIDE_001153,SCOOT_0262,USER_00251,1782605236,1782606316,40.718568,-74.008049,40.718735,-74.008978,44,2
RIDE_001154,SCOOT_0393,USER_00177,1781648526,06/16/2026 10:42 PM,40.784321,-74.03435,40.784271,-74.034668,LOW,5
RIDE_001155,SCOOT_0200,USER_00886,06/03/2026 5:54 AM,1780466791,40.710985,-73.9991,40.708323,-73.99678,45,
RIDE_001156,SCOOT_0286,USER_00938,2026-06-04 18:39:23,06/04/2026 7:07 PM,40.7142° N,74.0010° W,40.712223,-74.003153,96,4
RIDE_001157,SCOOT_0213,USER_00016,1781351033,2026-06-13 12:27:53,40.717184,74.0043° W,40.712549,-74.005917,86,3
RIDE_001158,SCOOT_0062,USER_01280,2026-06-11 16:52:29,06/11/2026 5:00 PM,40.7143° N,74.0026° W,40.712308,-74.011392,71,3
RIDE_001159,SCOOT_0357,USER_00529,2026-06-26 1:10:57,1782438837,40.714893,-74.0109,40.708841,-74.019378,39,2
RIDE_001160,SCOOT_0014,USER_00584,1782568152,1782568872,40.7161,-74.005486,40.715379,-74.001318,95,1
RIDE_001161,SCOOT_0094,USER_01181,06/11/2026 6:43 AM,1781160698,40.761646,-73.935674,40.757468,-73.935778,43,1
RIDE_001162,SCOOT_0354,USER_01119,2026-06-07 21:11:53,1780867193,40.7063° N,-74.006918,40.705587,-74.005038,92,5
RIDE_001163,SCOOT_0071,USER_00141,1781121999,1781124699,40.712982,-74.0035,40.715093,-73.997042,85,1
RIDE_001164,SCOOT_0042,USER_00685,06/04/2026 9:25 PM,06/04/2026 9:28 PM,40.711539,-74.009764,40.712277,-74.012171,76,2
RIDE_001165,SCOOT_0003,USER_01396,06/06/2026 6:44 AM,2026-06-06 7:28:25,40.787639,73.9912° W,40.785942,-73.992578,88,4
RIDE_001166,SCOOT_0208,USER_01210,06/17/2026 9:57 AM,2026-06-17 10:36:03,40.744968,73.9384° W,40.743043,-73.933359,68,2
RIDE_001167,SCOOT_0303,USER_00392,06/14/2026 9:03 PM,1781472263,40.7094° N,-74.005858,40.711332,-74.010752,1%,4
RIDE_001168,SCOOT_0069,USER_00447,2026-06-24 9:12:32,1782293012,40.710105,-74.009102,40.712574,-74.01199,LOW,4
RIDE_001169,SCOOT_0189,USER_00666,2026-06-09 4:06:00,2026-06-09 4:45:00,40.7156° N,-74.001577,40.718155,-74.000823,58,five star
RIDE_001170,SCOOT_0251,USER_01002,06/14/2026 1:47 PM,2026-06-14 14:32:20,40.6846° N,-74.056028,40.688987,-74.058127,86,2
RIDE_001171,SCOOT_0057,USER_00589,06/09/2026 3:55 PM,2026-06-09 16:01:37,40.7087° N,-74.0033,40.706263,-74.006189,68%,4
RIDE_001172,SCOOT_0103,USER_01410,1780654751,06/05/2026 10:39 AM,40.7070° N,-74.007932,40.706777,-74.007202,39,4
RIDE_001173,SCOOT_0261,USER_01315,2026-06-28 10:02:05,2026-06-28 10:35:05,40.7082,-74.033962,40.707654,-74.034557,63,5
RIDE_001174,SCOOT_0033,USER_01162,06/30/2026 5:16 AM,2026-06-30 5:26:05,40.714841,-74.0009,40.71522,-74.002317,40,1
RIDE_001175,SCOOT_0271,USER_00007,1782705240,1782706320,40.6693° N,74.0734° W,40.671341,-74.07167,68%,4
RIDE_001176,SCOOT_0357,USER_00557,06/05/2026 12:42 AM,06/05/2026 1:05 AM,40.760447,-73.970573,40.764668,-73.972026,93%,3
RIDE_001177,SCOOT_0173,USER_00731,06/19/2026 7:15 AM,06/19/2026 7:58 AM,40.719605,73.9888° W,40.71778,-73.986997,42,
RIDE_001178,SCOOT_0105,USER_00957,2026-06-16 8:46:50,1781601830,40.714439,-74.004572,40.714682,-74.004686,18%,1
RIDE_001179,SCOOT_0132,USER_00024,1781465320,06/14/2026 7:35 PM,40.7224° N,-74.001263,40.724522,-74.000928,48,
RIDE_001180,SCOOT_0129,USER_01226,2026-06-30 21:23:24,06/30/2026 9:52 PM,40.716829,-74.003928,40.716907,-74.004839,31,1
RIDE_001181,SCOOT_0211,USER_00678,1781823258,06/18/2026 11:12 PM,40.7125° N,74.0187° W,40.713108,-74.020147,63,2
RIDE_001182,SCOOT_0322,USER_01171,2026-06-04 3:13:47,06/04/2026 3:48 AM,40.732353,-73.987613,40.728787,-73.987763,90,1
RIDE_001183,SCOOT_0339,USER_00921,2026-06-01 10:01:18,1780308978,40.7086° N,-74.004106,40.709488,-74.001233,17,1
RIDE_001184,SCOOT_0082,USER_00971,1780957887,1780958547,40.709636,74.0059° W,40.705541,-74.003759,88,1
RIDE_001185,SCOOT_0213,USER_00223,06/13/2026 12:16 AM,1781310579,40.7149,-74.004017,40.71488,-74.002772,28,
RIDE_001186,SCOOT_0305,USER_01092,06/14/2026 8:20 AM,06/14/2026 8:33 AM,40.7192° N,-74.0071,40.719633,-74.010399,N/A,2
RIDE_001187,SCOOT_0101,USER_00832,2026-06-22 20:39:16,1782161716,40.688735,-74.006844,40.692047,-74.007613,94%,1
RIDE_001188,SCOOT_0287,USER_00982,1781098820,2026-06-10 14:17:20,40.7533° N,-73.9936,40.751677,-73.992753,90,1
RIDE_001189,SCOOT_0279,USER_00152,2026-06-13 23:39:11,2026-06-14 0:19:11,40.6829,73.9804° W,40.680859,-73.978215,7,5
RIDE_001190,SCOOT_0072,USER_00452,06/08/2026 7:37 PM,2026-06-08 20:15:28,40.70772,-74.003325,40.709736,-74.002172,6,2
RIDE_001191,SCOOT_0173,USER_00062,06/23/2026 11:09 PM,06/23/2026 11:17 PM,40.6806° N,-73.983009,40.677062,-73.983767,59,3
RIDE_001192,SCOOT_0353,USER_00390,1780359911,1780360151,40.768988,-73.969766,40.769034,-73.97269,82%,1
RIDE_001193,SCOOT_0195,USER_01377,06/16/2026 3:34 AM,2026-06-16 4:05:39,40.7618° N,-73.9676,40.754851,-73.965264,20,3
RIDE_001194,SCOOT_0268,USER_00157,2026-06-04 18:21:02,2026-06-04 19:05:02,40.712703,-74.00119,40.709417,-74.01072,70%,4
RIDE_001195,SCOOT_0134,USER_00504,2026-06-05 6:23:52,06/05/2026 6:44 AM,40.753982,-73.979869,40.74891,-73.982804,7,
RIDE_001196,SCOOT_0262,USER_00467,06/13/2026 12:34 PM,06/13/2026 1:17 PM,40.723821,-74.007222,40.726014,-74.009174,31%,3
RIDE_001197,SCOOT_0209,USER_00426,2026-06-11 13:27:19,2026-06-11 14:12:19,40.7044° N,74.0067° W,40.703642,-74.007881,6%,1
RIDE_001198,SCOOT_0032,USER_00549,06/08/2026 2:56 PM,06/08/2026 3:37 PM,40.7466,73.9627° W,40.746157,-73.966507,68,1
RIDE_001199,SCOOT_0281,USER_00971,1782438158,2026-06-26 1:52:38,40.6989° N,-74.083487,40.692773,-74.08127,81,2
RIDE_001200,SCOOT_0357,USER_00820,1781600638,2026-06-16 9:39:58,40.7148° N,-74.00623,40.710642,-74.008353,87,
RIDE_001201,SCOOT_0221,USER_00439,06/20/2026 10:44 AM,2026-06-20 10:57:46,40.683945,-74.076418,40.681728,-74.074461,48%,5
RIDE_001202,SCOOT_0388,USER_00596,1780571777,1780572917,40.718509,-74.0077,40.720779,-74.01342,46,3
RIDE_001203,SCOOT_0044,USER_00963,1782610346,06/28/2026 1:46 AM,40.743789,-73.951279,40.744711,-73.952022,94,
RIDE_001204,SCOOT_0124,USER_01139,06/13/2026 11:12 AM,1781350874,40.715608,-74.062,40.717491,-74.062827,29,3
RIDE_001205,SCOOT_0020,USER_00594,1782238463,2026-06-23 18:50:23,40.7122,-74.006735,40.70963,-74.006778,8,3
RIDE_001206,SCOOT_0363,USER_00251,2026-06-22 23:16:05,1782170525,40.687947,74.0397° W,40.688201,-74.037281,68,3
RIDE_001207,SCOOT_0102,USER_00494,2026-06-13 8:04:42,06/13/2026 8:16 AM,40.77647,74.0065° W,40.779076,-74.010071,70,
RIDE_001208,SCOOT_0385,USER_01254,2026-06-19 3:19:42,06/19/2026 4:02 AM,40.794857,-73.958805,40.789123,-73.958526,5,1
RIDE_001209,SCOOT_0006,USER_00379,1782411776,2026-06-25 18:56:56,40.752,-73.9928,40.756083,-73.994736,93,1
RIDE_001210,SCOOT_0242,USER_01305,1780793882,2026-06-07 1:02:02,40.745272,73.9761° W,40.747329,-73.976511,low,3
RIDE_001211,SCOOT_0178,USER_00275,2026-06-23 18:06:28,1782239128,40.723827,-73.97738,40.717293,-73.978969,28%,5
RIDE_001212,SCOOT_0204,USER_01086,2026-06-29 2:06:34,2026-06-29 2:13:34,40.710553,74.0041° W,40.702678,-73.996436,70,2
RIDE_001213,SCOOT_0232,USER_00564,2026-06-16 12:29:11,1781613191,40.716721,-74.005822,40.720265,-73.998792,19%,
RIDE_001214,SCOOT_0188,USER_01292,2026-06-11 12:17:42,2026-06-11 12:46:42,40.7163° N,74.0022° W,40.716675,-74.002629,69,1
RIDE_001215,SCOOT_0022,USER_00396,06/01/2026 12:17 PM,1780317315,40.6966° N,-74.025322,40.694523,-74.029374,96,five star
RIDE_001216,SCOOT_0165,USER_00436,06/28/2026 2:00 AM,1782614219,40.759883,-74.0113,40.760455,-74.011402,20,1
RIDE_001217,SCOOT_0218,USER_01150,06/04/2026 6:23 AM,2026-06-04 6:39:24,40.713388,74.0081° W,40.722618,-74.004008,14,4
RIDE_001218,SCOOT_0271,USER_00917,06/21/2026 5:11 AM,2026-06-21 5:53:30,40.7078° N,-74.005069,40.705998,-74.008112,71,
RIDE_001219,SCOOT_0315,USER_01483,06/25/2026 7:03 AM,06/25/2026 7:27 AM,40.7074° N,-74.0043,40.705396,-74.001368,6,3
RIDE_001220,SCOOT_0294,USER_00373,1780538199,2026-06-04 2:05:39,40.803,-73.943722,40.800418,-73.942296,LOW,3
RIDE_001221,SCOOT_0193,USER_01346,1782779667,06/30/2026 1:05 AM,40.7131° N,73.9975° W,40.710834,-73.992655,ERROR,5
RIDE_001222,SCOOT_0188,USER_01187,1781122043,1781124683,40.7050° N,-73.9753,40.702584,-73.978938,67,5
RIDE_001223,SCOOT_0090,USER_00390,2026-06-13 23:11:03,2026-06-13 23:50:03,40.710522,-74.006496,40.70733,-74.006526,80,2
RIDE_001224,SCOOT_0286,USER_00969,2026-06-04 6:44:02,1780556462,40.706046,74.0105° W,40.708059,-74.008669,ERROR,1
RIDE_001225,SCOOT_0267,USER_01243,1780669765,1780672345,40.711232,-74.010071,40.70815,-74.011191,40%,2
RIDE_001226,SCOOT_0002,USER_00706,06/08/2026 11:51 AM,1780922200,40.77429,73.9590° W,40.772801,-73.962496,3%,3
RIDE_001227,SCOOT_0347,USER_00301,06/14/2026 4:17 AM,06/14/2026 4:29 AM,40.705857,-74.0045,40.704302,-74.000495,76,5
RIDE_001228,SCOOT_0051,USER_01377,06/14/2026 9:41 AM,06/14/2026 9:49 AM,40.7226° N,-74.0056,40.718827,-74.005006,72,4
RIDE_001229,SCOOT_0124,USER_01204,06/27/2026 5:18 AM,1782538399,40.7827° N,-73.985113,40.786706,-73.981234,35,2
RIDE_001230,SCOOT_0264,USER_00890,1782472729,1782474829,40.7195,-74.004779,40.721217,-74.000536,1,
RIDE_001231,SCOOT_0172,USER_00053,2026-06-20 14:13:26,1781966426,40.7146° N,-74.008005,40.713244,-74.007289,86,5
RIDE_001232,SCOOT_0323,USER_01069,06/02/2026 2:24 AM,2026-06-02 2:51:39,40.6747° N,-73.990865,40.677978,-73.997439,7%,2
RIDE_001233,SCOOT_0201,USER_00333,2026-06-07 21:12:24,06/07/2026 9:43 PM,40.7435° N,-73.983553,40.74211,-73.981922,57,3
RIDE_001234,SCOOT_0197,USER_00098,1780417254,06/02/2026 4:31 PM,40.706163,73.9842° W,40.709111,-73.9884,63,4
RIDE_001235,SCOOT_0119,USER_00183,1780778110,2026-06-06 21:16:10,40.7151,74.0068° W,40.715398,-74.009007,25,4
RIDE_001236,SCOOT_0085,USER_01389,1782794988,2026-06-30 5:12:48,40.7198,-74.00184,40.717573,-74.005844,11,2
RIDE_001237,SCOOT_0280,USER_01175,06/04/2026 2:51 AM,2026-06-04 3:32:41,40.711257,-74.0043,40.711978,-74.000503,N/A,2
RIDE_001238,SCOOT_0166,USER_00098,06/12/2026 1:41 PM,1781272280,40.71596,-74.002122,40.71694,-74.00629,93%,5
RIDE_001239,SCOOT_0056,USER_00291,06/05/2026 2:24 PM,2026-06-05 14:45:10,40.754086,-73.964298,40.753931,-73.962789,14%,5
RIDE_001240,SCOOT_0053,USER_01287,1782751913,2026-06-29 17:25:53,40.7064,74.0266° W,40.706055,-74.025669,76,2
RIDE_001241,SCOOT_0119,USER_01105,2026-06-07 9:30:22,06/07/2026 10:06 AM,40.6930° N,-74.013514,40.690168,-74.010156,78%,4
RIDE_001242,SCOOT_0360,USER_01206,1780891871,2026-06-08 4:46:11,40.711622,-74.000189,40.716208,-74.000432,95,
RIDE_001243,SCOOT_0008,USER_00748,06/18/2026 11:10 PM,1781826047,40.737831,-74.0272,40.733415,-74.031339,52,2
RIDE_001244,SCOOT_0008,USER_00687,06/25/2026 12:04 AM,2026-06-25 0:31:55,40.785569,-73.983184,40.786738,-73.989845,12%,3
RIDE_001245,SCOOT_0234,USER_01217,06/18/2026 4:17 PM,1781799966,40.682141,73.9911° W,40.683001,-73.9915,74,2
RIDE_001246,SCOOT_0170,USER_00070,2026-06-02 20:17:56,06/02/2026 8:57 PM,40.700497,74.0118° W,40.699834,-74.011576,21,five star
RIDE_001247,SCOOT_0173,USER_01249,1781943720,06/20/2026 9:07 AM,40.7100° N,-73.960958,40.703654,-73.958908,17,5
RIDE_001248,SCOOT_0047,USER_00732,2026-06-17 20:09:13,06/17/2026 8:52 PM,40.7123° N,-74.003733,40.710369,-74.00388,LOW,4
RIDE_001249,SCOOT_0400,USER_00160,06/30/2026 6:31 AM,06/30/2026 6:49 AM,40.720328,-73.9465,40.722752,-73.949086,79,4
RIDE_001250,SCOOT_0067,USER_00656,06/20/2026 2:18 AM,06/20/2026 3:01 AM,40.774625,-73.980268,40.769238,-73.981259,56%,2
RIDE_001251,SCOOT_0189,USER_00107,1781730002,06/17/2026 9:15 PM,40.7631° N,-74.011185,40.766202,-74.009721,88%,2
RIDE_001252,SCOOT_0064,USER_00344,1782208101,06/23/2026 9:52 AM,40.7467° N,-73.980431,40.75151,-73.97823,5,
RIDE_001253,SCOOT_0314,USER_00603,1781034210,2026-06-09 19:57:30,40.761576,-73.982354,40.761806,-73.983889,51,3
RIDE_001254,SCOOT_0280,USER_01173,1780787663,1780788743,40.6707,73.9652° W,40.671171,-73.963962,29,2
RIDE_001255,SCOOT_0200,USER_00344,2026-06-30 3:45:13,1782792553,40.688042,-74.059202,40.687484,-74.064001,62,3
RIDE_001256,SCOOT_0055,USER_01147,1781849725,2026-06-19 6:43:25,40.776142,73.9599° W,40.773046,-73.961211,29,5
RIDE_001257,SCOOT_0165,USER_00999,1782224077,06/23/2026 2:40 PM,40.717952,-74.005942,40.714244,-74.002179,42,
RIDE_001258,SCOOT_0058,USER_00986,2026-06-25 10:27:37,06/25/2026 10:46 AM,40.715724,74.0038° W,40.717871,-73.996663,74,
RIDE_001259,SCOOT_0046,USER_00667,06/20/2026 5:37 PM,1781977851,40.7215° N,-74.008747,40.726412,-74.007597,47,3
RIDE_001260,SCOOT_0050,USER_00488,2026-06-10 16:31:04,2026-06-10 16:40:04,40.7148° N,-74.012769,40.714285,-74.015208,54,5
RIDE_001261,SCOOT_0019,USER_00725,2026-06-26 15:31:09,06/26/2026 4:02 PM,40.765,-73.964278,40.758738,-73.964344,14,1
RIDE_001262,SCOOT_0185,USER_00266,1780763851,06/06/2026 5:04 PM,40.7804° N,73.9892° W,40.782624,-73.98818,97,3
RIDE_001263,SCOOT_0396,USER_01196,06/08/2026 6:43 PM,1780946364,40.7682,73.9830° W,40.764583,-73.986391,ERROR,3
RIDE_001264,SCOOT_0278,USER_01295,2026-06-17 15:07:42,2026-06-17 15:38:42,40.703387,-74.044111,40.702972,-74.045383,95,3
RIDE_001265,SCOOT_0355,USER_00877,1781213112,1781214912,40.755296,-73.956662,40.75429,-73.960685,79,1
RIDE_001266,SCOOT_0122,USER_00269,1781139328,2026-06-11 1:06:28,40.7633,-73.989798,40.763367,-73.984975,83,1
RIDE_001267,SCOOT_0350,USER_00206,2026-06-21 4:12:49,2026-06-21 4:35:49,40.757589,-73.979716,40.754052,-73.980375,55%,2
RIDE_001268,SCOOT_0217,USER_00920,06/10/2026 11:02 AM,06/10/2026 11:23 AM,40.7611° N,73.9991° W,40.761693,-73.998805,89,2
RIDE_001269,SCOOT_0148,USER_00429,06/29/2026 11:12 PM,2026-06-29 23:43:15,40.690026,-74.023757,40.691029,-74.019323,95,3
RIDE_001270,SCOOT_0331,USER_00015,1780513721,1780514681,40.692928,-74.003282,40.693182,-74.006489,17,2
RIDE_001271,SCOOT_0238,USER_00707,06/21/2026 11:05 AM,2026-06-21 11:47:59,40.716625,-73.996701,40.716574,-73.995186,21,5
RIDE_001272,SCOOT_0383,USER_00744,06/01/2026 7:23 PM,2026-06-01 19:36:17,40.70779,74.0231° W,40.702328,-74.025189,62,3
RIDE_001273,SCOOT_0196,USER_01347,2026-06-18 22:51:18,06/18/2026 11:11 PM,40.678261,-73.974718,40.677916,-73.975756,100,4
RIDE_001274,SCOOT_0102,USER_00908,06/18/2026 8:46 AM,2026-06-18 8:55:40,40.716357,-74.010487,40.714056,-74.010283,9,2
RIDE_001275,SCOOT_0380,USER_00844,1782460478,1782462818,40.733375,-73.995966,40.73412,-73.995732,73%,2
RIDE_001276,SCOOT_0335,USER_00745,06/29/2026 6:13 AM,06/29/2026 6:22 AM,40.7694° N,-73.973567,40.766315,-73.973429,31%,3
RIDE_001277,SCOOT_0113,USER_00331,2026-06-23 8:54:09,06/23/2026 9:33 AM,40.727426,-73.966378,40.725984,-73.95876,83,4
RIDE_001278,SCOOT_0093,USER_00916,2026-06-26 14:18:42,2026-06-26 14:39:42,40.7126,74.0116° W,40.712238,-74.010059,ERROR,1
RIDE_001279,SCOOT_0255,USER_01473,06/20/2026 9:11 PM,06/20/2026 9:42 PM,40.719493,-74.008358,40.714746,-74.005907,77%,5
RIDE_001280,SCOOT_0069,USER_00747,2026-06-04 7:48:00,1780561320,40.7338,-73.986323,40.733015,-73.986532,4,1
RIDE_001281,SCOOT_0258,USER_01037,2026-06-13 1:58:35,2026-06-13 2:36:35,40.7156° N,-74.008735,40.714735,-74.008777,88,5
RIDE_001282,SCOOT_0202,USER_00125,2026-06-28 20:42:49,1782681229,40.7134° N,-74.005609,40.714706,-74.003077,24,5
RIDE_001283,SCOOT_0035,USER_00711,1782437300,2026-06-26 1:43:20,40.714371,-74.004186,40.709624,-74.004035,74%,4
RIDE_001284,SCOOT_0384,USER_00714,1782539765,1782540725,40.71009,-73.973421,40.708013,-73.975398,100%,5
RIDE_001285,SCOOT_0213,USER_00963,06/22/2026 12:52 AM,06/22/2026 1:00 AM,40.7105° N,-74.003854,40.713605,-74.005077,26%,5
RIDE_001286,SCOOT_0210,USER_00956,1780472379,2026-06-03 8:19:39,40.718659,-73.98553,40.718286,-73.986165,27,4
RIDE_001287,SCOOT_0317,USER_01478,1782363902,1782364262,40.715786,-74.004698,40.722614,-74.007254,24,
RIDE_001288,SCOOT_0221,USER_00779,1780416922,1780417582,40.759262,73.9786° W,40.756654,-73.978617,5%,2
RIDE_001289,SCOOT_0091,USER_00206,2026-06-11 7:35:15,06/11/2026 8:12 AM,40.7133° N,-73.994327,40.712797,-73.997718,20,3
RIDE_001290,SCOOT_0193,USER_00264,06/03/2026 10:21 AM,2026-06-03 10:25:23,40.71156,-74.050293,40.711284,-74.050245,18%,3
RIDE_001291,SCOOT_0367,USER_01366,1780349516,06/01/2026 9:46 PM,40.777292,73.9581° W,40.775781,-73.958579,95,2
RIDE_001292,SCOOT_0218,USER_00736,1781905345,06/19/2026 10:07 PM,40.709736,-74.010512,40.710665,-74.014333,LOW,1
RIDE_001293,SCOOT_0247,USER_00111,2026-06-18 11:53:33,1781785833,40.711141,-74.009981,40.712791,-74.004576,low,
RIDE_001294,SCOOT_0221,USER_00873,2026-06-14 4:28:56,06/14/2026 4:54 AM,40.757068,74.0083° W,40.756694,-74.008213,93,1
RIDE_001295,SCOOT_0351,USER_01294,2026-06-28 21:30:38,2026-06-28 21:34:38,40.7172° N,-74.0149,40.716571,-74.013824,34,2
RIDE_001296,SCOOT_0189,USER_00867,2026-06-21 0:16:33,2026-06-21 0:33:33,40.710009,-74.083601,40.708902,-74.08296,ERROR,4
RIDE_001297,SCOOT_0246,USER_00218,06/29/2026 11:13 AM,1782734124,40.7091,-73.999075,40.707222,-73.999199,23,3
RIDE_001298,SCOOT_0378,USER_00845,2026-06-05 9:08:32,2026-06-05 9:40:32,40.76912,73.9973° W,40.763581,-73.998612,27,
RIDE_001299,SCOOT_0373,USER_01373,1781770927,2026-06-18 8:31:07,40.709789,-74.051238,40.70725,-74.048461,67,
RIDE_001300,SCOOT_0232,USER_00209,2026-06-12 16:18:08,1781281628,40.7115,74.0080° W,40.711925,-74.005728,26,4
RIDE_001301,SCOOT_0206,USER_00359,2026-06-08 1:57:42,2026-06-08 2:29:42,40.809,-73.961055,40.812514,-73.962573,36,2
RIDE_001302,SCOOT_0255,USER_00061,06/04/2026 7:09 AM,06/04/2026 7:13 AM,40.7087,74.0058° W,40.709018,-74.008986,91,3
RIDE_001303,SCOOT_0202,USER_00895,2026-06-07 4:23:13,1780808473,40.7121,-74.004403,40.71318,-74.00289,57,4
RIDE_001304,SCOOT_0213,USER_00872,2026-06-27 5:25:18,2026-06-27 5:33:18,40.713964,-74.008,40.712422,-74.011625,8,4
RIDE_001305,SCOOT_0011,USER_01342,1780571911,1780573351,40.784096,73.9854° W,40.783421,-73.988217,16%,1
RIDE_001306,SCOOT_0128,USER_01368,2026-06-09 21:19:11,1781041031,40.8076° N,-73.9895,40.806327,-73.988219,35%,3
RIDE_001307,SCOOT_0311,USER_01084,2026-06-23 2:23:41,06/23/2026 2:46 AM,40.760404,73.9665° W,40.765827,-73.965023,77%,4
RIDE_001308,SCOOT_0196,USER_00204,06/16/2026 11:15 PM,06/16/2026 11:32 PM,40.709479,-73.940339,40.710403,-73.934134,96%,4
RIDE_001309,SCOOT_0378,USER_01411,2026-06-05 7:52:28,06/05/2026 8:26 AM,40.707209,-74.00119,40.707749,-73.998676,42,2
RIDE_001310,SCOOT_0339,USER_00286,06/17/2026 9:31 PM,2026-06-17 22:12:00,40.7124° N,-74.0094,40.714645,-74.007406,34,4
RIDE_001311,SCOOT_0323,USER_01353,06/01/2026 7:48 AM,1780302014,40.7167,-74.006053,40.714889,-74.01073,21,1
RIDE_001312,SCOOT_0400,USER_01198,1782034012,1782034552,40.765287,73.9595° W,40.76239,-73.961138,74,5
RIDE_001313,SCOOT_0016,USER_00145,06/15/2026 5:20 AM,2026-06-15 5:30:15,40.7109,-74.011932,40.70848,-74.015333,38%,5
RIDE_001314,SCOOT_0293,USER_00902,2026-06-18 14:31:37,1781794237,40.71115,-74.009,40.706269,-74.002887,66,2
RIDE_001315,SCOOT_0097,USER_00779,2026-06-17 13:36:34,1781705254,40.773951,-73.98358,40.774768,-73.982328,61,2
RIDE_001316,SCOOT_0308,USER_01374,1781838357,06/19/2026 3:27 AM,40.7818,-74.001872,40.785098,-74.003516,76,2
RIDE_001317,SCOOT_0023,USER_01206,1781468559,06/14/2026 8:57 PM,40.7075,74.0031° W,40.711329,-73.99534,86,3
RIDE_001318,SCOOT_0250,USER_00582,1781252459,1781253059,40.708001,-74.003204,40.706772,-74.000854,71,2
RIDE_001319,SCOOT_0094,USER_00600,1782158910,06/22/2026 8:46 PM,40.7069° N,-74.011051,40.70459,-74.010814,85,4
RIDE_001320,SCOOT_0232,USER_01048,1782005920,06/21/2026 2:19 AM,40.676378,74.0313° W,40.679459,-74.02952,ERROR,
RIDE_001321,SCOOT_0141,USER_01112,06/10/2026 5:31 AM,2026-06-10 5:38:22,40.745176,-73.9977,40.741525,-73.993593,98,4
RIDE_001322,SCOOT_0071,USER_00530,1781757191,1781757371,40.688397,-73.969792,40.693118,-73.968422,30%,4
RIDE_001323,SCOOT_0058,USER_01202,06/13/2026 5:27 PM,06/13/2026 5:39 PM,40.718977,73.9864° W,40.722945,-73.986872,39,
RIDE_001324,SCOOT_0001,USER_00700,06/29/2026 9:02 AM,2026-06-29 9:27:23,40.7021,-73.972824,40.70418,-73.971987,30,4
RIDE_001325,SCOOT_0385,USER_00619,06/06/2026 9:03 AM,2026-06-06 9:08:07,40.757227,-73.9839,40.7598,-73.982193,22,3
RIDE_001326,SCOOT_0206,USER_00130,2026-06-16 5:15:58,2026-06-16 5:34:58,40.711771,-74.001672,40.711384,-74.004227,4,4
RIDE_001327,SCOOT_0206,USER_00946,1781631470,06/16/2026 5:44 PM,40.6976° N,-74.025575,40.696803,-74.021874,70,1
RIDE_001328,SCOOT_0321,USER_00772,2026-06-27 20:04:00,2026-06-27 20:16:00,40.70958,-74.0052,40.70761,-74.006027,42,4
RIDE_001329,SCOOT_0196,USER_01162,06/09/2026 7:52 PM,1781036554,40.7187° N,73.9724° W,40.718118,-73.97079,71%,5
RIDE_001330,SCOOT_0030,USER_01408,2026-06-10 3:17:15,2026-06-10 3:40:15,40.7137° N,-74.010794,40.716946,-74.010163,93%,2
RIDE_001331,SCOOT_0117,USER_01221,1782408220,1782409780,40.713594,-74.006037,40.71204,-74.005383,55,1
RIDE_001332,SCOOT_0029,USER_00777,2026-06-18 20:12:56,06/18/2026 8:40 PM,40.7147° N,-74.012988,40.713086,-74.013752,34,5
RIDE_001333,SCOOT_0193,USER_00769,06/16/2026 12:16 AM,06/16/2026 12:22 AM,40.7138,-74.001227,40.711509,-74.002721,N/A,3
RIDE_001334,SCOOT_0251,USER_00908,06/22/2026 9:58 AM,2026-06-22 10:36:30,40.6958° N,-74.024831,40.694808,-74.022518,40,3
RIDE_001335,SCOOT_0133,USER_00829,1781206453,1781206693,40.668123,-74.035944,40.663018,-74.037628,55%,three
RIDE_001336,SCOOT_0028,USER_00019,1782741172,2026-06-29 14:03:52,40.70621,-73.972503,40.705386,-73.979107,78%,2
RIDE_001337,SCOOT_0160,USER_00822,2026-06-23 15:29:30,2026-06-23 15:42:30,40.718,73.9848° W,40.719864,-73.983693,62,4
RIDE_001338,SCOOT_0274,USER_01059,2026-06-05 11:30:19,2026-06-05 12:12:19,40.71347,-74.0014,40.711852,-73.998666,65,3
RIDE_001339,SCOOT_0066,USER_00402,1782050888,06/21/2026 2:14 PM,40.706272,74.0096° W,40.700851,-74.010444,ERROR,5
RIDE_001340,SCOOT_0085,USER_01308,06/28/2026 2:52 AM,1782616012,40.760475,-73.9753,40.76066,-73.978101,92,3
RIDE_001341,SCOOT_0178,USER_01427,2026-06-26 15:28:24,2026-06-26 15:35:24,40.712039,-74.01199,40.716129,-74.012901,62%,4
RIDE_001342,SCOOT_0064,USER_01376,06/19/2026 2:02 PM,1781879996,40.7108° N,-73.999644,40.707118,-74.003021,66,2
RIDE_001343,SCOOT_0147,USER_01336,2026-06-18 8:28:02,1781773382,40.7084,-74.006271,40.70971,-74.004052,55,3
RIDE_001344,SCOOT_0350,USER_01272,2026-06-15 12:19:33,1781526693,40.80944,74.0305° W,40.811266,-74.03216,99,4
RIDE_001345,SCOOT_0285,USER_01104,1782270323,2026-06-24 3:36:23,40.694372,74.0212° W,40.691645,-74.016142,63%,2
RIDE_001346,SCOOT_0131,USER_00674,1781331045,06/13/2026 6:17 AM,40.778246,-73.9771,40.782299,-73.981674,50%,1
RIDE_001347,SCOOT_0170,USER_00471,06/23/2026 11:07 PM,1782256975,40.707477,74.0147° W,40.705379,-74.014227,19,2
RIDE_001348,SCOOT_0147,USER_01054,1782731253,1782731433,40.7132° N,-74.005403,40.708978,-74.002993,51,5
RIDE_001349,SCOOT_0273,USER_00431,2026-06-29 2:26:16,2026-06-29 2:56:16,40.7138,-74.0031,40.70808,-74.002133,55,
RIDE_001350,SCOOT_0124,USER_01319,06/27/2026 7:28 PM,2026-06-27 19:54:54,40.7593° N,73.9791° W,40.760948,-73.978873,88,3
RIDE_001351,SCOOT_0271,USER_01054,06/20/2026 4:29 AM,2026-06-20 4:41:25,40.731869,-73.967875,40.727275,-73.964424,75%,5
RIDE_001352,SCOOT_0130,USER_00772,1782365916,2026-06-25 6:19:36,40.7120° N,-74.001526,40.710399,-74.003097,36,2
RIDE_001353,SCOOT_0304,USER_00921,06/08/2026 1:19 AM,1780882054,40.6852° N,-73.970477,40.683088,-73.968543,27,2
RIDE_001354,SCOOT_0291,USER_00431,1780772349,2026-06-06 19:17:09,40.71127,74.0139° W,40.709559,-74.017441,4,2
RIDE_001355,SCOOT_0009,USER_00130,06/06/2026 6:49 PM,2026-06-06 19:24:34,40.701178,-74.011808,40.703956,-74.012081,24,1
RIDE_001356,SCOOT_0367,USER_00792,2026-06-23 19:00:22,1782242842,40.702548,73.9957° W,40.70544,-73.995742,72%,4
RIDE_001357,SCOOT_0164,USER_01331,2026-06-04 0:24:28,06/04/2026 1:02 AM,40.7097° N,-74.013096,40.707657,-74.014948,low,3
RIDE_001358,SCOOT_0210,USER_01206,1780960837,2026-06-08 23:28:37,40.7505° N,73.9926° W,40.752605,-73.994442,18%,3
RIDE_001359,SCOOT_0169,USER_01205,1781148800,1781149100,40.712572,74.0013° W,40.713597,-74.001444,LOW,3
RIDE_001360,SCOOT_0007,USER_01326,1781366148,2026-06-13 16:02:48,40.710392,-74.0085,40.70784,-74.010156,35,
RIDE_001361,SCOOT_0205,USER_01258,1781357423,1781358743,40.7731,-73.9899,40.769064,-73.984633,58,1
RIDE_001362,SCOOT_0284,USER_00289,2026-06-27 21:32:06,06/27/2026 9:52 PM,40.789499,73.9993° W,40.788174,-73.999006,54,3
RIDE_001363,SCOOT_0061,USER_00968,2026-06-13 19:27:11,06/13/2026 8:06 PM,40.7402° N,-74.030962,40.74312,-74.026764,72,5
RIDE_001364,SCOOT_0012,USER_01420,06/17/2026 11:19 PM,06/17/2026 11:53 PM,40.7454° N,-73.99105,40.742318,-73.991661,10,4
RIDE_001365,SCOOT_0096,USER_00779,2026-06-20 8:37:10,06/20/2026 8:48 AM,40.7127° N,-74.0034,40.715924,-74.005606,81,5
RIDE_001366,SCOOT_0161,USER_00242,1780311678,1780312158,40.7091° N,-73.9861,40.709934,-73.985377,ERROR,5
RIDE_001367,SCOOT_0345,USER_01321,2026-06-15 17:43:07,1781547307,40.711493,-74.005501,40.71604,-74.004356,10,
RIDE_001368,SCOOT_0263,USER_01204,1781759760,06/18/2026 5:36 AM,40.711307,-74.008001,40.710797,-74.003091,78,3
RIDE_001369,SCOOT_0024,USER_00654,1780503687,06/03/2026 4:27 PM,40.6855,-74.044896,40.684087,-74.041599,88%,4
RIDE_001370,SCOOT_0376,USER_00102,06/14/2026 6:24 PM,2026-06-14 18:35:55,40.7206,-74.004198,40.720888,-74.004087,74,
RIDE_001371,SCOOT_0091,USER_01031,1780527653,06/03/2026 11:28 PM,40.703263,-74.003019,40.703665,-74.001734,18,4
RIDE_001372,SCOOT_0368,USER_00927,1780777399,1780779919,40.709954,-74.007538,40.708721,-74.004473,67,3
RIDE_001373,SCOOT_0180,USER_01152,06/08/2026 3:16 AM,1780889268,40.7504,73.9438° W,40.751717,-73.947674,62,
RIDE_001374,SCOOT_0096,USER_00876,06/21/2026 2:08 AM,2026-06-21 2:16:53,40.712286,-74.008607,40.705703,-74.003808,85,
RIDE_001375,SCOOT_0304,USER_00643,1780450517,1780452077,40.715613,74.0039° W,40.716109,-74.008013,5,4
RIDE_001376,SCOOT_0358,USER_00601,1782088327,1782088507,40.6795° N,-74.0277,40.676374,-74.03526,40%,3
RIDE_001377,SCOOT_0242,USER_00237,06/08/2026 11:30 PM,06/08/2026 11:42 PM,40.7444° N,-73.9708,40.744765,-73.96865,17,3
RIDE_001378,SCOOT_0019,USER_00529,1781406746,1781409266,40.761652,-73.962825,40.765239,-73.967382,28,1
RIDE_001379,SCOOT_0225,USER_00525,06/11/2026 1:39 AM,06/11/2026 1:51 AM,40.714818,-74.003494,40.7111,-74.008002,38,3
RIDE_001380,SCOOT_0302,USER_01123,06/17/2026 8:48 AM,2026-06-17 9:12:33,40.6979,-74.0192,40.700141,-74.021074,96,2
RIDE_001381,SCOOT_0208,USER_00283,2026-06-08 9:09:07,2026-06-08 9:31:07,40.731773,-73.9802,40.735129,-73.980194,81,3
RIDE_001382,SCOOT_0187,USER_00814,06/18/2026 1:43 AM,06/18/2026 2:07 AM,40.712083,-74.00644,40.715959,-74.008688,80,1
RIDE_001383,SCOOT_0323,USER_01434,1780730999,06/06/2026 8:08 AM,40.718062,-74.005158,40.717581,-73.997655,14,
RIDE_001384,SCOOT_0352,USER_00040,1781053211,2026-06-10 1:45:11,40.736887,-73.992574,40.73319,-73.989716,50,
RIDE_001385,SCOOT_0162,USER_00549,1780660661,2026-06-05 12:18:41,40.8169° N,-73.937802,40.820556,-73.938394,92,2
RIDE_001386,SCOOT_0006,USER_00324,06/23/2026 3:01 AM,2026-06-23 3:15:39,40.7507,74.0189° W,40.756803,-74.017516,N/A,1
RIDE_001387,SCOOT_0133,USER_00902,2026-06-28 15:12:26,2026-06-28 15:18:26,40.7108° N,-74.000688,40.707914,-73.999468,84,5
RIDE_001388,SCOOT_0026,USER_00725,2026-06-21 22:29:14,1782082394,40.712109,74.0034° W,40.711919,-74.007798,17%,5
RIDE_001389,SCOOT_0396,USER_01478,06/23/2026 9:28 PM,1782251677,40.732112,-73.9142,40.732024,-73.911897,87,3
RIDE_001390,SCOOT_0033,USER_00148,2026-06-01 7:24:02,2026-06-01 8:04:02,40.708618,-74.006105,40.706744,-74.003864,79,3
RIDE_001391,SCOOT_0192,USER_01405,1781780107,1781782687,40.75863,73.9717° W,40.761893,-73.969624,70,2
RIDE_001392,SCOOT_0293,USER_00878,06/19/2026 12:23 PM,2026-06-19 12:35:45,40.713892,-74.009993,40.713884,-74.011592,LOW,4
RIDE_001393,SCOOT_0367,USER_00447,06/30/2026 7:56 PM,06/30/2026 8:02 PM,40.711424,74.0075° W,40.708484,-74.01337,62,2
RIDE_001394,SCOOT_0172,USER_00672,06/22/2026 7:03 AM,1782114147,40.675837,-74.040632,40.671793,-74.040585,63,2
RIDE_001395,SCOOT_0276,USER_00522,2026-06-01 7:56:09,2026-06-01 8:09:09,40.786405,-73.965239,40.791336,-73.964065,24,4
RIDE_001396,SCOOT_0017,USER_01171,1780780298,2026-06-06 21:17:38,40.7239° N,-74.002479,40.721917,-74.010697,9,
RIDE_001397,SCOOT_0060,USER_00182,06/02/2026 11:24 PM,2026-06-02 23:53:59,40.7721° N,-73.954894,40.770463,-73.955655,N/A,2
RIDE_001398,SCOOT_0285,USER_01113,2026-06-13 14:17:36,1781362116,40.709785,74.0045° W,40.713159,-74.009698,ERROR,5
RIDE_001399,SCOOT_0215,USER_01375,2026-06-15 11:46:12,1781526312,40.7662° N,-73.991033,40.766529,-73.989656,30,2
RIDE_001400,SCOOT_0001,USER_00912,06/26/2026 6:31 AM,06/26/2026 6:34 AM,40.709036,-74.008072,40.708394,-74.005161,LOW,2
RIDE_001401,SCOOT_0372,USER_01353,1780543105,06/04/2026 3:43 AM,40.738975,-73.930788,40.735162,-73.931924,LOW,5
RIDE_001402,SCOOT_0055,USER_00230,1780712850,06/06/2026 2:52 AM,40.7669,73.9672° W,40.768852,-73.961947,73%,
RIDE_001403,SCOOT_0361,USER_01415,06/17/2026 3:53 PM,2026-06-17 16:09:36,40.7822° N,-73.975737,40.780639,-73.983397,89%,2
RIDE_001404,SCOOT_0035,USER_01122,1780581232,1780583512,40.745,-73.99222,40.746203,-73.992682,90,2
RIDE_001405,SCOOT_0071,USER_00345,06/13/2026 10:09 PM,2026-06-13 22:21:37,40.694092,-74.023588,40.691272,-74.022158,7,5
RIDE_001406,SCOOT_0031,USER_00517,2026-06-24 17:21:31,2026-06-24 17:34:31,40.719664,-74.00639,40.720647,-74.003533,low,1
RIDE_001407,SCOOT_0296,USER_01234,06/03/2026 10:06 AM,1780482362,40.673,-74.0372,40.670761,-74.034569,9%,3
RIDE_001408,SCOOT_0067,USER_01469,2026-06-23 7:08:47,06/23/2026 7:11 AM,40.7514,-73.979731,40.74908,-73.97761,20%,2
RIDE_001409,SCOOT_0214,USER_00688,1781546877,2026-06-15 18:32:57,40.754494,-74.026158,40.753475,-74.025463,98,five star
RIDE_001410,SCOOT_0234,USER_00942,2026-06-29 1:42:44,1782699104,40.7159,-74.008238,40.707447,-74.004161,30,4
RIDE_001411,SCOOT_0350,USER_01405,06/12/2026 2:29 PM,2026-06-12 15:09:11,40.715842,-74.012972,40.714019,-74.008267,77,
RIDE_001412,SCOOT_0135,USER_00508,1782268902,2026-06-24 3:14:42,40.7186,74.0022° W,40.718063,-74.001996,low,five star
RIDE_001413,SCOOT_0257,USER_00115,06/27/2026 7:42 PM,2026-06-27 20:02:17,40.7123° N,-74.0015,40.709649,-74.003904,16,1
RIDE_001414,SCOOT_0079,USER_00173,1781275597,1781277877,40.726305,74.0097° W,40.730441,-74.011702,50,4
RIDE_001415,SCOOT_0201,USER_00403,2026-06-19 18:38:47,06/19/2026 7:06 PM,40.7126° N,74.0097° W,40.712603,-74.014125,5,4
RIDE_001416,SCOOT_0198,USER_00276,06/22/2026 11:08 AM,06/22/2026 11:49 AM,40.720847,73.9639° W,40.722929,-73.961775,25,1
RIDE_001417,SCOOT_0357,USER_00657,2026-06-14 4:16:37,2026-06-14 4:24:37,40.705879,-74.000664,40.713371,-74.000526,44,5
RIDE_001418,SCOOT_0076,USER_01310,06/09/2026 5:30 AM,1780983571,40.736078,-73.911513,40.732121,-73.911453,LOW,4
RIDE_001419,SCOOT_0236,USER_00383,1780917581,2026-06-08 11:27:41,40.704092,-73.961097,40.705172,-73.962593,18,3
RIDE_001420,SCOOT_0362,USER_00750,06/29/2026 1:18 PM,2026-06-29 14:03:44,40.708995,-74.007367,40.705974,-74.007224,89,1
RIDE_001421,SCOOT_0256,USER_00678,1782674137,2026-06-28 19:49:37,40.7501,74.0075° W,40.753882,-74.008974,89,3
RIDE_001422,SCOOT_0242,USER_00555,1782491445,1782493125,40.6638,-74.047865,40.664042,-74.053105,31,5
RIDE_001423,SCOOT_0275,USER_01429,1781359480,2026-06-13 14:45:40,40.712733,-74.029743,40.717866,-74.028171,44,1
RIDE_001424,SCOOT_0074,USER_00662,1782778638,06/30/2026 12:56 AM,40.7112,-74.008981,40.710885,-74.007142,24,5
RIDE_001425,SCOOT_0398,USER_01470,2026-06-26 13:30:55,06/26/2026 2:09 PM,40.712698,-74.0069,40.712873,-74.00868,36,three
RIDE_001426,SCOOT_0081,USER_00851,2026-06-19 4:19:13,1781843953,40.711427,74.0143° W,40.714348,-74.013447,70,2
RIDE_001427,SCOOT_0016,USER_01094,2026-06-27 4:14:09,1782534969,40.673731,-74.006525,40.673992,-74.009634,59%,1
RIDE_001428,SCOOT_0144,USER_00652,1782015988,2026-06-21 5:00:28,40.778535,-73.969639,40.779718,-73.970916,12,5
RIDE_001429,SCOOT_0025,USER_00231,1780731409,2026-06-06 8:02:49,40.6982,-74.049735,40.699878,-74.05545,35,4
RIDE_001430,SCOOT_0296,USER_00881,1781593427,06/16/2026 7:47 AM,40.739723,73.9513° W,40.737421,-73.953068,57,2
RIDE_001431,SCOOT_0079,USER_00900,06/13/2026 11:47 AM,2026-06-13 12:16:36,40.711,74.0109° W,40.704383,-74.011551,98,3
RIDE_001432,SCOOT_0374,USER_00263,1782847986,2026-06-30 19:40:06,40.713343,-74.0062,40.712909,-74.006081,20,2
RIDE_001433,SCOOT_0394,USER_00446,06/03/2026 11:15 AM,1780486165,40.716891,-74.006762,40.715169,-74.007605,74,1
RIDE_001434,SCOOT_0266,USER_00801,06/25/2026 2:29 PM,2026-06-25 15:05:26,40.769587,-73.957259,40.767703,-73.956963,45,2
RIDE_001435,SCOOT_0121,USER_00304,1780707511,1780709971,40.7073° N,-74.007852,40.707328,-74.012249,79%,2
RIDE_001436,SCOOT_0354,USER_01421,2026-06-06 5:29:22,06/06/2026 6:12 AM,40.7477,73.9639° W,40.746567,-73.963258,37,4
RIDE_001437,SCOOT_0236,USER_00094,2026-06-27 8:05:05,06/27/2026 8:30 AM,40.712728,-74.0099,40.712593,-74.013605,12,5
RIDE_001438,SCOOT_0203,USER_00205,1781678967,1781680587,40.7858,-74.012619,40.785232,-74.015746,2,2
RIDE_001439,SCOOT_0363,USER_00537,1781306916,1781309196,40.7151° N,-74.007326,40.713526,-74.004766,64,4
RIDE_001440,SCOOT_0365,USER_01042,06/18/2026 9:24 AM,2026-06-18 9:52:12,40.761989,-73.9673,40.759045,-73.971482,low,1
RIDE_001441,SCOOT_0092,USER_00725,2026-06-01 23:06:36,2026-06-01 23:15:36,40.6913° N,74.0509° W,40.693223,-74.051117,20%,2
RIDE_001442,SCOOT_0126,USER_00137,1781316292,1781317912,40.71362,-74.012494,40.719286,-74.012986,50,4
RIDE_001443,SCOOT_0157,USER_00250,06/28/2026 11:35 PM,1782690302,40.703152,-74.0612,40.704076,-74.06513,86,5
RIDE_001444,SCOOT_0118,USER_01170,1782073621,2026-06-21 20:50:01,40.7146° N,-74.007424,40.714696,-74.00533,66%,4
RIDE_001445,SCOOT_0090,USER_01283,2026-06-27 17:14:26,1782583166,40.7079° N,-74.008738,40.709242,-74.002443,73,
RIDE_001446,SCOOT_0292,USER_01374,1782095220,2026-06-22 2:53:00,40.712248,74.0036° W,40.711927,-73.997809,43%,1
RIDE_001447,SCOOT_0130,USER_00346,06/03/2026 8:58 PM,06/03/2026 9:25 PM,40.695656,-73.9333,40.690779,-73.940827,1,1
RIDE_001448,SCOOT_0104,USER_01171,06/14/2026 5:45 AM,06/14/2026 6:30 AM,40.71399,74.0054° W,40.713135,-74.005761,40,
RIDE_001449,SCOOT_0248,USER_00474,06/08/2026 3:39 PM,06/08/2026 4:21 PM,40.810866,-73.9732,40.812396,-73.975112,10,4
RIDE_001450,SCOOT_0333,USER_01116,06/03/2026 9:54 PM,1780524537,40.713981,-74.007,40.712749,-74.001496,68%,4
RIDE_001451,SCOOT_0169,USER_00633,1781441391,1781442471,40.7541,73.9325° W,40.747231,-73.933548,15,4
RIDE_001452,SCOOT_0397,USER_00715,06/07/2026 1:07 AM,2026-06-07 1:42:27,40.754561,-73.992613,40.75787,-73.988287,9,1
RIDE_001453,SCOOT_0238,USER_00811,06/16/2026 1:46 PM,1781618763,40.704879,-74.004836,40.697573,-74.002784,18,5
RIDE_001454,SCOOT_0198,USER_00712,06/10/2026 11:15 AM,2026-06-10 11:52:25,40.689805,-74.005277,40.686055,-74.006073,12,2
RIDE_001455,SCOOT_0290,USER_00874,2026-06-14 1:13:46,2026-06-14 1:32:46,40.749074,-73.980328,40.74573,-73.976737,76,3
RIDE_001456,SCOOT_0304,USER_00955,1781938041,06/20/2026 7:19 AM,40.746062,74.0190° W,40.745735,-74.018886,42,3
RIDE_001457,SCOOT_0315,USER_00594,2026-06-24 0:17:22,06/24/2026 12:31 AM,40.713442,74.0006° W,40.712733,-74.00091,31,3
RIDE_001458,SCOOT_0386,USER_00537,1782846349,06/30/2026 7:47 PM,40.678436,-73.971589,40.678989,-73.972849,32%,3
RIDE_001459,SCOOT_0125,USER_01446,2026-06-28 10:38:13,2026-06-28 10:55:13,40.7052,74.0002° W,40.701498,-74.001996,78,5
RIDE_001460,SCOOT_0088,USER_00300,2026-06-28 9:24:39,1782639879,40.6964,-74.068431,40.691886,-74.074803,87,5
RIDE_001461,SCOOT_0081,USER_00213,06/08/2026 1:44 AM,06/08/2026 2:24 AM,40.715684,-74.0082,40.724466,-74.011164,N/A,
RIDE_001462,SCOOT_0323,USER_01454,1780346843,2026-06-01 21:18:23,40.709114,-74.008262,40.709844,-74.009672,67,3
RIDE_001463,SCOOT_0156,USER_00782,1782486106,2026-06-26 15:27:46,40.7152° N,-74.009914,40.711105,-74.015309,39,4
RIDE_001464,SCOOT_0376,USER_00946,06/30/2026 2:20 AM,1782786720,40.686129,73.9456° W,40.685226,-73.947456,18,2
RIDE_001465,SCOOT_0041,USER_01175,06/11/2026 2:19 PM,2026-06-11 14:44:34,40.725368,73.9634° W,40.724364,-73.968821,1,4
RIDE_001466,SCOOT_0278,USER_01128,06/20/2026 7:57 AM,2026-06-20 8:04:06,40.710533,-74.008399,40.708562,-74.010492,11,
RIDE_001467,SCOOT_0150,USER_00376,2026-06-12 1:44:59,1781229659,40.710186,74.0075° W,40.70828,-74.006921,32,4
RIDE_001468,SCOOT_0277,USER_00058,2026-06-09 14:48:10,06/09/2026 3:04 PM,40.7556° N,-74.003913,40.759421,-74.006853,87%,4
RIDE_001469,SCOOT_0332,USER_01358,1780430773,2026-06-02 20:50:13,40.7063,-74.004477,40.703877,-74.003513,7%,1
RIDE_001470,SCOOT_0025,USER_00335,2026-06-16 15:57:09,1781626689,40.703185,-74.0004,40.705202,-74.004932,30,3
RIDE_001471,SCOOT_0069,USER_01066,06/06/2026 8:21 PM,2026-06-06 21:03:20,40.6765° N,73.9754° W,40.674312,-73.977857,98,2
RIDE_001472,SCOOT_0102,USER_00520,2026-06-05 22:42:17,2026-06-05 22:59:17,40.7037° N,-74.007403,40.703053,-74.005257,2,2
RIDE_001473,SCOOT_0073,USER_00980,1781456600,1781458460,40.707204,-74.012081,40.708557,-74.009061,LOW,4
RIDE_001474,SCOOT_0119,USER_01192,2026-06-20 22:12:28,1781995048,40.729977,73.9560° W,40.73009,-73.952694,11,2
RIDE_001475,SCOOT_0298,USER_00034,2026-06-18 9:24:17,2026-06-18 9:58:17,40.7125,74.0161° W,40.712063,-74.012909,70,1
RIDE_001476,SCOOT_0237,USER_01495,2026-06-03 16:32:15,1780505115,40.694925,-74.0138,40.694397,-74.022458,34%,5
RIDE_001477,SCOOT_0198,USER_00737,2026-06-25 3:41:55,2026-06-25 4:14:55,40.816527,73.9892° W,40.818044,-73.989488,24%,1
RIDE_001478,SCOOT_0307,USER_00083,2026-06-21 19:43:11,1782072011,40.8083° N,-73.963079,40.807548,-73.965759,9,3
RIDE_001479,SCOOT_0232,USER_01175,1782508668,2026-06-26 21:41:48,40.715991,-74.013494,40.717929,-74.016791,32%,2
RIDE_001480,SCOOT_0213,USER_01258,2026-06-25 2:46:41,1782356441,40.717809,-74.005355,40.719742,-74.005109,31,5
RIDE_001481,SCOOT_0317,USER_00516,2026-06-02 2:41:30,2026-06-02 3:13:30,40.7481° N,-73.988415,40.75007,-73.987915,14,5
RIDE_001482,SCOOT_0233,USER_00373,06/23/2026 12:55 PM,2026-06-23 13:09:25,40.78162,-73.977435,40.77872,-73.979823,33,5
RIDE_001483,SCOOT_0099,USER_00400,2026-06-06 0:46:53,06/06/2026 1:12 AM,40.714858,-74.052281,40.719879,-74.050956,76,4
RIDE_001484,SCOOT_0261,USER_01228,1782259397,2026-06-24 0:40:17,40.755141,-73.9668,40.758874,-73.960118,65,4
RIDE_001485,SCOOT_0314,USER_00642,2026-06-19 12:02:11,2026-06-19 12:05:11,40.7075,74.0029° W,40.70752,-74.007548,65,1
RIDE_001486,SCOOT_0120,USER_00549,1780849145,2026-06-07 16:53:05,40.714772,74.0027° W,40.712968,-73.999168,77,4
RIDE_001487,SCOOT_0310,USER_00275,2026-06-06 16:28:10,06/06/2026 5:02 PM,40.679465,-74.035895,40.679875,-74.035819,45,2
RIDE_001488,SCOOT_0303,USER_00651,2026-06-01 23:48:56,2026-06-02 0:14:56,40.698469,-73.9898,40.700061,-73.987234,ERROR,2
RIDE_001489,SCOOT_0022,USER_00884,2026-06-11 21:10:26,06/11/2026 9:38 PM,40.7123,74.0036° W,40.710971,-73.997428,80,2
RIDE_001490,SCOOT_0390,USER_00083,06/13/2026 2:46 AM,06/13/2026 3:10 AM,40.6842° N,-73.945894,40.684354,-73.950021,14,5
RIDE_001491,SCOOT_0040,USER_00763,1780394131,2026-06-02 10:34:31,40.758,-73.932682,40.760515,-73.92901,13,2
RIDE_001492,SCOOT_0054,USER_01194,1782298006,06/24/2026 11:21 AM,40.7648,-73.997345,40.767686,-73.997343,52,1
RIDE_001493,SCOOT_0199,USER_00364,06/04/2026 7:19 PM,06/04/2026 7:42 PM,40.7155,74.0146° W,40.716884,-74.016531,87,
RIDE_001494,SCOOT_0384,USER_00637,06/19/2026 6:17 PM,1781895100,40.781966,73.9555° W,40.782686,-73.954079,ERROR,4
RIDE_001495,SCOOT_0094,USER_00036,2026-06-25 4:19:25,06/25/2026 5:00 AM,40.692831,-73.973535,40.698805,-73.972356,low,2
RIDE_001496,SCOOT_0396,USER_01434,06/10/2026 2:19 AM,06/10/2026 2:24 AM,40.7192° N,-74.008277,40.71677,-74.008154,66%,5
RIDE_001497,SCOOT_0050,USER_01335,06/28/2026 4:04 AM,1782619949,40.709199,73.9959° W,40.710812,-73.994961,N/A,5
RIDE_001498,SCOOT_0032,USER_00012,06/06/2026 6:42 PM,2026-06-06 18:57:10,40.7088,-74.003925,40.711397,-74.00341,89,1
RIDE_001499,SCOOT_0121,USER_01127,06/12/2026 7:09 AM,2026-06-12 7:22:42,40.753653,-73.959548,40.755057,-73.963059,23,5
RIDE_001500,SCOOT_0231,USER_00816,1782173050,1782174550,40.6905° N,74.0186° W,40.687692,-74.020263,79%,
RIDE_001501,SCOOT_0345,USER_00418,1781797448,1781798228,40.701817,73.9921° W,40.700854,-73.996814,65,4
RIDE_001502,SCOOT_0054,USER_00508,06/07/2026 5:36 PM,06/07/2026 6:05 PM,40.7808,-74.0022,40.780625,-74.000902,ERROR,4
RIDE_001503,SCOOT_0051,USER_01379,2026-06-14 20:06:11,2026-06-14 20:28:11,40.761992,-73.963616,40.763429,-73.9662,29,2
RIDE_001504,SCOOT_0208,USER_00988,2026-06-18 18:29:57,1781808417,40.7215° N,-74.005223,40.721072,-74.002331,91,1
RIDE_001505,SCOOT_0127,USER_00154,1781618546,1781619086,40.7111,-74.000815,40.718566,-74.001641,69%,3
RIDE_001506,SCOOT_0278,USER_01419,2026-06-20 4:38:23,1781932223,40.6997° N,-74.006468,40.702959,-74.010988,75%,2
RIDE_001507,SCOOT_0314,USER_00725,1781095467,1781098167,40.709089,-73.997442,40.704187,-73.998717,52,2
RIDE_001508,SCOOT_0344,USER_00892,2026-06-19 3:25:47,06/19/2026 3:36 AM,40.7148° N,-74.0096,40.71053,-74.009355,42,3
RIDE_001509,SCOOT_0217,USER_01209,1782083422,06/21/2026 11:13 PM,40.7065° N,-74.078399,40.708912,-74.075948,19%,4
RIDE_001510,SCOOT_0181,USER_01405,06/10/2026 2:17 AM,06/10/2026 2:48 AM,40.7252° N,73.9844° W,40.731788,-73.985499,88,5
RIDE_001511,SCOOT_0235,USER_01063,1781988439,2026-06-20 21:08:19,40.7602° N,-73.993829,40.760197,-73.98923,53,3
RIDE_001512,SCOOT_0149,USER_00648,06/21/2026 12:30 PM,1782045965,40.70742,-74.009444,40.711551,-74.006384,69,
RIDE_001513,SCOOT_0235,USER_00081,1780351289,1780352069,40.741637,-73.950912,40.742661,-73.946411,5,2
RIDE_001514,SCOOT_0285,USER_01106,2026-06-13 14:34:16,06/13/2026 2:55 PM,40.74989,-73.9652,40.757816,-73.963393,14,1
RIDE_001515,SCOOT_0284,USER_00712,2026-06-19 20:13:36,2026-06-19 20:28:36,40.7494,73.9713° W,40.748291,-73.964087,95%,1
RIDE_001516,SCOOT_0390,USER_01391,1781426206,1781426386,40.7135,-74.007092,40.711013,-74.0038,87,4
RIDE_001517,SCOOT_0099,USER_00898,06/13/2026 3:42 AM,2026-06-13 4:22:26,40.7178,-73.9979,40.719573,-74.002473,13,5
RIDE_001518,SCOOT_0016,USER_00232,06/18/2026 10:42 AM,06/18/2026 11:12 AM,40.7521° N,-73.976645,40.757221,-73.978957,61,1
RIDE_001519,SCOOT_0202,USER_00992,1782026744,2026-06-21 7:55:44,40.707687,-74.009582,40.703677,-74.005572,N/A,five star
RIDE_001520,SCOOT_0177,USER_01252,1781008150,06/09/2026 12:59 PM,40.737073,-74.002396,40.740737,-74.001994,100,three
RIDE_001521,SCOOT_0326,USER_01327,1781970772,1781972752,40.71242,-74.0073,40.711488,-74.011976,2,2
RIDE_001522,SCOOT_0308,USER_00896,06/22/2026 10:44 AM,06/22/2026 11:15 AM,40.694485,-74.045307,40.696721,-74.045026,42%,2
RIDE_001523,SCOOT_0053,USER_00341,06/11/2026 6:12 AM,2026-06-11 6:21:56,40.727346,-73.952624,40.727562,-73.950409,43,2
RIDE_001524,SCOOT_0399,USER_01311,2026-06-23 21:41:50,2026-06-23 21:47:50,40.708227,-74.00565,40.708926,-74.007804,92,2
RIDE_001525,SCOOT_0284,USER_00666,1780700608,06/05/2026 11:35 PM,40.694343,-74.004188,40.690943,-74.003138,42,3
RIDE_001526,SCOOT_0315,USER_00173,1780727716,06/06/2026 7:15 AM,40.6949° N,-73.984743,40.701906,-73.987325,65,3
RIDE_001527,SCOOT_0242,USER_00472,2026-06-15 2:25:24,1781490684,40.714937,-74.008907,40.71806,-74.012703,58,3
RIDE_001528,SCOOT_0061,USER_00730,1782393588,2026-06-25 14:02:48,40.7147,74.0095° W,40.714101,-74.012585,38,2
RIDE_001529,SCOOT_0100,USER_00256,2026-06-19 10:55:58,1781868898,40.705647,-74.06124,40.707303,-74.062272,69,
RIDE_001530,SCOOT_0263,USER_00972,1781682943,1781684683,40.712342,74.0054° W,40.710057,-74.004778,low,1
RIDE_001531,SCOOT_0351,USER_00129,2026-06-17 19:28:36,1781725356,40.779507,-73.983562,40.783022,-73.979068,72,3
RIDE_001532,SCOOT_0263,USER_01157,06/11/2026 6:36 AM,1781160394,40.672877,-74.073601,40.673783,-74.075243,66,
RIDE_001533,SCOOT_0304,USER_00815,2026-06-28 3:54:34,2026-06-28 4:19:34,40.820472,-73.970504,40.818065,-73.973945,96,2
RIDE_001534,SCOOT_0027,USER_01249,1781835759,2026-06-19 2:44:39,40.7172° N,-74.008285,40.717291,-74.005417,56,3
RIDE_001535,SCOOT_0084,USER_00195,2026-06-19 20:56:21,06/19/2026 9:36 PM,40.7387° N,-73.986619,40.738665,-73.984569,69%,3
RIDE_001536,SCOOT_0318,USER_01373,2026-06-23 3:05:39,2026-06-23 3:42:39,40.7607° N,-73.972402,40.760906,-73.973518,66%,3
RIDE_001537,SCOOT_0387,USER_01065,2026-06-20 16:40:07,1781976007,40.70689,74.0050° W,40.712566,-74.007621,82,3
RIDE_001538,SCOOT_0071,USER_00613,2026-06-05 18:52:16,2026-06-05 19:02:16,40.7329° N,-74.003115,40.735113,-74.001769,85,1
RIDE_001539,SCOOT_0137,USER_00423,1781725237,06/17/2026 7:55 PM,40.7799,73.9896° W,40.780206,-73.994254,34,1
RIDE_001540,SCOOT_0275,USER_00234,1781460256,2026-06-14 18:17:16,40.708969,-73.99137,40.705215,-73.995967,68,4
RIDE_001541,SCOOT_0378,USER_01265,1782356336,06/25/2026 3:37 AM,40.719118,-74.008447,40.722526,-74.008909,LOW,1
RIDE_001542,SCOOT_0192,USER_00184,06/22/2026 8:51 PM,06/22/2026 9:34 PM,40.754761,-73.976732,40.752109,-73.976334,55,2
RIDE_001543,SCOOT_0345,USER_00809,1782086113,1782087493,40.74127,73.9944° W,40.742283,-73.9952,86,2
RIDE_001544,SCOOT_0179,USER_00249,2026-06-01 4:25:30,2026-06-01 4:35:30,40.6974,-74.012203,40.702134,-74.009573,61%,3
RIDE_001545,SCOOT_0154,USER_00435,2026-06-08 15:31:54,06/08/2026 3:36 PM,40.768183,-73.974109,40.762996,-73.96825,37,2
RIDE_001546,SCOOT_0112,USER_01414,1782233229,1782234189,40.760178,-73.992576,40.761428,-73.989075,18,1
RIDE_001547,SCOOT_0047,USER_00752,2026-06-12 18:33:21,2026-06-12 19:14:21,40.7301° N,73.9096° W,40.733388,-73.912858,70%,4
RIDE_001548,SCOOT_0052,USER_00778,06/21/2026 10:37 AM,1782040119,40.7445,-73.966349,40.736386,-73.966798,24,1
RIDE_001549,SCOOT_0082,USER_01116,2026-06-10 8:57:36,2026-06-10 9:25:36,40.671883,-73.997531,40.670987,-73.998606,59,
RIDE_001550,SCOOT_0040,USER_00072,2026-06-20 15:21:29,1781971529,40.710591,-74.010389,40.717467,-74.004786,33,4
RIDE_001551,SCOOT_0136,USER_00088,1782704941,2026-06-29 4:31:01,40.7599,-73.939558,40.75866,-73.93917,82,4
RIDE_001552,SCOOT_0069,USER_01043,06/12/2026 4:31 AM,2026-06-12 4:36:50,40.712547,-74.008639,40.715498,-74.008261,63,4
RIDE_001553,SCOOT_0023,USER_00857,06/28/2026 3:43 AM,06/28/2026 4:02 AM,40.6797° N,74.0706° W,40.676988,-74.075516,3,5
RIDE_001554,SCOOT_0261,USER_00931,06/16/2026 2:38 PM,1781621848,40.700744,-74.011933,40.699948,-74.007823,98,5
RIDE_001555,SCOOT_0064,USER_00929,2026-06-25 9:48:59,1782382319,40.7854,73.9782° W,40.785125,-73.972606,59,2
RIDE_001556,SCOOT_0104,USER_00625,1780988961,1780989201,40.7165,74.0154° W,40.712237,-74.014175,35,1
RIDE_001557,SCOOT_0110,USER_00829,06/07/2026 9:30 PM,2026-06-07 22:05:17,40.774586,73.9981° W,40.77546,-73.999224,66,2
RIDE_001558,SCOOT_0012,USER_00382,2026-06-10 17:17:25,2026-06-10 17:48:25,40.712064,-74.015951,40.711399,-74.013043,N/A,4
RIDE_001559,SCOOT_0044,USER_01252,2026-06-18 4:39:00,2026-06-18 5:07:00,40.710274,-74.00579,40.708007,-74.004709,22%,2
RIDE_001560,SCOOT_0052,USER_01158,2026-06-02 23:45:07,1780445407,40.70847,-74.024785,40.712467,-74.021998,89%,3
RIDE_001561,SCOOT_0074,USER_00568,1780811313,1780812513,40.7104° N,-74.004009,40.711993,-74.002082,79,2
RIDE_001562,SCOOT_0041,USER_01016,06/18/2026 4:57 PM,1781802069,40.715,-73.9479,40.713306,-73.948941,27%,3
RIDE_001563,SCOOT_0019,USER_00395,2026-06-27 10:52:11,1782558251,40.7234° N,74.0048° W,40.722193,-74.011408,13,five star
RIDE_001564,SCOOT_0078,USER_00072,2026-06-10 13:55:44,06/10/2026 2:31 PM,40.733895,-74.035704,40.730885,-74.036698,22%,
RIDE_001565,SCOOT_0016,USER_00021,06/02/2026 9:38 PM,1780437769,40.7589° N,-73.919735,40.758455,-73.91881,53,5
RIDE_001566,SCOOT_0237,USER_00443,2026-06-11 16:55:28,06/11/2026 5:28 PM,40.736392,-73.9829,40.736612,-73.980001,2%,
RIDE_001567,SCOOT_0242,USER_00155,1781974086,06/20/2026 4:56 PM,40.716669,-74.004024,40.715582,-74.001799,49,5
RIDE_001568,SCOOT_0254,USER_00228,2026-06-21 14:11:38,1782053138,40.712432,-74.0103,40.711222,-74.010074,36%,1
RIDE_001569,SCOOT_0151,USER_00270,06/19/2026 6:05 AM,2026-06-19 6:43:13,40.776204,-73.989171,40.772577,-73.989,19,3
RIDE_001570,SCOOT_0299,USER_00557,06/06/2026 1:07 PM,2026-06-06 13:19:37,40.713254,-74.0053,40.716013,-74.0022,11,five star
RIDE_001571,SCOOT_0241,USER_00838,06/10/2026 4:14 PM,2026-06-10 16:47:28,40.694216,74.0211° W,40.691095,-74.019026,13,2
RIDE_001572,SCOOT_0058,USER_00783,1780530199,2026-06-04 0:15:19,40.7182,-74.050802,40.717452,-74.046401,N/A,3
RIDE_001573,SCOOT_0208,USER_01440,06/02/2026 4:47 AM,2026-06-02 4:56:04,40.7148,74.0043° W,40.711249,-74.002219,22,5
RIDE_001574,SCOOT_0031,USER_00020,06/10/2026 10:05 PM,06/10/2026 10:42 PM,40.6706,-74.0672,40.669577,-74.068938,17%,4
RIDE_001575,SCOOT_0293,USER_00067,2026-06-17 19:08:00,06/17/2026 7:28 PM,40.711914,-74.0118,40.71479,-74.008381,12%,1
RIDE_001576,SCOOT_0202,USER_01246,2026-06-16 10:36:57,2026-06-16 11:18:57,40.673853,73.9864° W,40.671422,-73.98386,68%,2
RIDE_001577,SCOOT_0115,USER_01176,1782341162,2026-06-24 22:57:02,40.760031,-73.977024,40.759476,-73.973388,6,1
RIDE_001578,SCOOT_0008,USER_00736,2026-06-17 14:56:08,1781709548,40.707842,-74.003569,40.711146,-74.00142,96,2
RIDE_001579,SCOOT_0233,USER_00491,2026-06-29 11:58:23,2026-06-29 12:01:23,40.777094,-73.945779,40.779966,-73.946097,96,4
RIDE_001580,SCOOT_0012,USER_01188,06/19/2026 4:02 AM,06/19/2026 4:44 AM,40.7177° N,-74.006,40.71657,-74.002113,16,1
RIDE_001581,SCOOT_0373,USER_00942,1782616903,2026-06-28 3:48:43,40.702969,-74.0343,40.701418,-74.032397,75%,5
RIDE_001582,SCOOT_0199,USER_00502,06/24/2026 10:29 PM,1782340473,40.718368,-74.0056,40.722323,-74.00963,ERROR,3
RIDE_001583,SCOOT_0050,USER_01072,06/02/2026 1:50 AM,1780365280,40.691635,-73.993772,40.691291,-73.993519,32,1
RIDE_001584,SCOOT_0077,USER_00038,06/29/2026 3:06 AM,06/29/2026 3:29 AM,40.7156° N,-74.007779,40.715981,-74.007915,74,3
RIDE_001585,SCOOT_0311,USER_01224,2026-06-07 23:09:11,2026-06-07 23:28:11,40.7299° N,-73.987973,40.729451,-73.988469,58,5
RIDE_001586,SCOOT_0072,USER_01447,1781000343,06/09/2026 10:59 AM,40.689835,-74.042987,40.688538,-74.039168,18,1
RIDE_001587,SCOOT_0073,USER_00069,1782416257,06/25/2026 7:45 PM,40.68941,74.0204° W,40.69775,-74.023533,1,2
RIDE_001588,SCOOT_0114,USER_00706,2026-06-17 12:37:16,2026-06-17 13:12:16,40.756025,-73.95651,40.749794,-73.957216,low,2
RIDE_001589,SCOOT_0352,USER_00858,2026-06-15 0:38:00,2026-06-15 0:41:00,40.7214° N,-74.0122,40.715437,-74.016677,43%,five star
RIDE_001590,SCOOT_0309,USER_00355,06/03/2026 10:52 PM,2026-06-03 23:06:38,40.7794° N,-73.9551,40.777829,-73.953055,5,
RIDE_001591,SCOOT_0103,USER_00261,2026-06-08 2:00:58,2026-06-08 2:19:58,40.776205,-73.949953,40.775466,-73.956857,12,2
RIDE_001592,SCOOT_0223,USER_00666,2026-06-19 22:50:01,2026-06-19 23:20:01,40.7095,-74.0077,40.70874,-74.008271,2%,4
RIDE_001593,SCOOT_0197,USER_00052,2026-06-08 9:24:48,1780912008,40.7173° N,-74.0009,40.716761,-73.997607,ERROR,3
RIDE_001594,SCOOT_0133,USER_00482,2026-06-04 22:38:51,06/04/2026 10:46 PM,40.7142° N,74.0057° W,40.71695,-74.005525,94,2
RIDE_001595,SCOOT_0343,USER_00376,1781295581,06/12/2026 8:48 PM,40.721031,-74.011754,40.719486,-74.012133,87,2
RIDE_001596,SCOOT_0040,USER_01273,1781368183,06/13/2026 4:32 PM,40.714889,73.9834° W,40.714816,-73.987707,20,3
RIDE_001597,SCOOT_0031,USER_01309,06/29/2026 4:05 PM,1782750864,40.8000° N,-73.956101,40.794125,-73.956112,11,5
RIDE_001598,SCOOT_0121,USER_00642,1780837796,2026-06-07 13:12:56,40.706439,-74.008659,40.703731,-74.006231,39,2
RIDE_001599,SCOOT_0327,USER_00887,2026-06-28 9:53:55,06/28/2026 10:09 AM,40.7133° N,-74.011142,40.715908,-74.015444,15,3
RIDE_001600,SCOOT_0330,USER_00181,2026-06-27 9:12:12,2026-06-27 9:53:12,40.7680° N,-73.99388,40.766905,-73.992367,89,3
RIDE_001601,SCOOT_0120,USER_00629,06/25/2026 4:30 AM,2026-06-25 4:39:16,40.7109° N,-73.961261,40.710682,-73.960341,1,4
RIDE_001602,SCOOT_0012,USER_00830,1780921018,06/08/2026 12:56 PM,40.740145,-73.96436,40.741464,-73.964655,76,5
RIDE_001603,SCOOT_0043,USER_01488,2026-06-13 9:27:15,2026-06-13 9:31:15,40.705585,-74.004674,40.706679,-74.006715,48,3
RIDE_001604,SCOOT_0366,USER_01496,06/06/2026 8:59 AM,2026-06-06 9:03:52,40.7077° N,-74.000096,40.709137,-74.000784,31,1
RIDE_001605,SCOOT_0310,USER_00102,2026-06-21 18:23:42,2026-06-21 18:50:42,40.7083,-74.009287,40.71216,-74.008874,71%,5
RIDE_001606,SCOOT_0302,USER_00956,2026-06-03 3:15:26,2026-06-03 3:35:26,40.7106,-74.004,40.708154,-73.999459,97,1
RIDE_001607,SCOOT_0385,USER_00105,1782431089,1782433369,40.7851,-73.994831,40.78317,-74.002686,N/A,5
RIDE_001608,SCOOT_0040,USER_00422,06/24/2026 6:28 PM,1782326836,40.7069° N,-74.0114,40.707279,-74.012337,47,1
RIDE_001609,SCOOT_0242,USER_00282,2026-06-15 12:24:19,2026-06-15 12:41:19,40.707419,-74.007125,40.708935,-74.005541,57,1
RIDE_001610,SCOOT_0080,USER_00266,06/25/2026 5:02 PM,1782409399,40.692607,-73.937765,40.688457,-73.93506,15%,4
RIDE_001611,SCOOT_0021,USER_00917,06/29/2026 7:23 AM,06/29/2026 8:04 AM,40.716183,74.0060° W,40.713885,-74.007344,63,2
RIDE_001612,SCOOT_0017,USER_00031,2026-06-29 15:15:48,2026-06-29 15:53:48,40.703344,73.9790° W,40.702526,-73.97607,46,5
RIDE_001613,SCOOT_0197,USER_01234,2026-06-06 23:42:51,1780790511,40.667232,-74.056882,40.662712,-74.059895,16,1
RIDE_001614,SCOOT_0318,USER_01414,06/22/2026 1:55 PM,06/22/2026 2:33 PM,40.708072,-74.002016,40.705977,-74.001644,88,4
RIDE_001615,SCOOT_0075,USER_00796,1780563431,1780565771,40.7538,-74.002989,40.75328,-74.001192,15,3
RIDE_001616,SCOOT_0145,USER_00434,2026-06-03 0:09:38,2026-06-03 0:42:38,40.7064,-73.919,40.703896,-73.920467,34,2
RIDE_001617,SCOOT_0379,USER_00871,06/23/2026 4:05 AM,2026-06-23 4:47:46,40.7412,-73.948469,40.741326,-73.949413,2,1
RIDE_001618,SCOOT_0199,USER_01431,2026-06-20 2:42:57,2026-06-20 2:45:57,40.713317,-74.015523,40.707828,-74.013675,47,5
RIDE_001619,SCOOT_0390,USER_00566,1781102589,06/10/2026 3:01 PM,40.716949,-74.009642,40.716217,-74.008758,1,1
RIDE_001620,SCOOT_0283,USER_00691,1782842961,06/30/2026 6:38 PM,40.7156,74.0141° W,40.712915,-74.015108,16,2
RIDE_001621,SCOOT_0260,USER_00202,1781150570,1781151230,40.772063,-73.935531,40.771379,-73.939752,48,4
RIDE_001622,SCOOT_0079,USER_00606,1781183484,06/11/2026 1:30 PM,40.7144° N,-74.0007,40.714733,-74.003436,30,1
RIDE_001623,SCOOT_0105,USER_00126,1782470367,06/26/2026 11:09 AM,40.78056,-73.964329,40.777482,-73.963185,57,2
RIDE_001624,SCOOT_0111,USER_00201,06/27/2026 6:12 PM,2026-06-27 18:44:21,40.7168° N,-74.001272,40.71659,-74.002347,30%,1
RIDE_001625,SCOOT_0344,USER_00371,2026-06-16 11:34:47,2026-06-16 11:56:47,40.773445,-73.9922,40.774761,-73.996313,65,4
RIDE_001626,SCOOT_0154,USER_00094,2026-06-13 1:48:48,1781316108,40.7827° N,-73.982761,40.786513,-73.981287,58,5
RIDE_001627,SCOOT_0174,USER_00427,2026-06-15 15:10:07,06/15/2026 3:40 PM,40.707907,-74.000301,40.712561,-73.997655,9,2
RIDE_001628,SCOOT_0344,USER_01422,06/24/2026 7:58 PM,2026-06-24 20:26:11,40.6976,-74.01212,40.698005,-74.014231,61,4
RIDE_001629,SCOOT_0004,USER_00711,1780306504,06/01/2026 10:11 AM,40.782747,-73.965113,40.774637,-73.964095,48,3
RIDE_001630,SCOOT_0220,USER_00528,1782435329,06/26/2026 1:31 AM,40.6935° N,73.9895° W,40.692431,-73.987077,N/A,4
RIDE_001631,SCOOT_0177,USER_00522,06/25/2026 12:19 AM,2026-06-25 0:42:17,40.717279,74.0049° W,40.716261,-74.004992,60,3
RIDE_001632,SCOOT_0234,USER_01493,2026-06-06 15:53:11,1780761611,40.748792,-74.0017,40.750529,-74.000368,52,2
RIDE_001633,SCOOT_0219,USER_01243,1780814027,2026-06-07 6:39:47,40.743609,73.9809° W,40.741552,-73.978432,48,4
RIDE_001634,SCOOT_0120,USER_00067,1780595663,2026-06-04 18:03:23,40.7294,-73.971781,40.727831,-73.974851,71,5
RIDE_001635,SCOOT_0282,USER_00029,2026-06-12 6:23:52,06/12/2026 6:32 AM,40.7061,-74.041491,40.700848,-74.042024,96,5
RIDE_001636,SCOOT_0111,USER_00165,06/04/2026 9:41 AM,2026-06-04 9:55:23,40.690849,-74.051886,40.686111,-74.05434,60,1
RIDE_001637,SCOOT_0094,USER_00520,1781334230,1781336090,40.7562,-73.974064,40.756176,-73.970594,24,4
RIDE_001638,SCOOT_0277,USER_00456,1782814255,06/30/2026 10:37 AM,40.7659° N,74.0004° W,40.765106,-74.004658,31,1
RIDE_001639,SCOOT_0113,USER_01239,2026-06-19 1:11:01,2026-06-19 1:39:01,40.759237,73.9554° W,40.761293,-73.951152,71,5
RIDE_001640,SCOOT_0153,USER_01154,2026-06-08 4:37:55,1780895395,40.777042,73.9443° W,40.776462,-73.939863,29,1
RIDE_001641,SCOOT_0183,USER_00421,06/27/2026 3:37 PM,06/27/2026 3:43 PM,40.712713,-74.003171,40.717138,-74.003751,22,3
RIDE_001642,SCOOT_0187,USER_00846,06/19/2026 5:48 PM,06/19/2026 6:07 PM,40.704868,-73.9622,40.704469,-73.966185,1,4
RIDE_001643,SCOOT_0096,USER_00160,2026-06-28 0:47:24,1782608424,40.721372,-74.0079,40.721848,-74.004411,77,
RIDE_001644,SCOOT_0099,USER_00507,06/29/2026 1:31 PM,2026-06-29 13:53:20,40.71843,-73.9554,40.719191,-73.960737,23%,3
RIDE_001645,SCOOT_0059,USER_01267,06/07/2026 6:18 AM,2026-06-07 6:21:36,40.7248,-73.9303,40.724032,-73.93493,45,1
RIDE_001646,SCOOT_0356,USER_00427,1782720854,1782722294,40.719177,-74.0056,40.72347,-74.006366,71%,3
RIDE_001647,SCOOT_0178,USER_01156,2026-06-20 7:03:00,1781940060,40.70928,-74.004923,40.708633,-74.008457,1,1
RIDE_001648,SCOOT_0400,USER_00683,2026-06-24 19:36:04,1782332404,40.718679,-74.008489,40.713158,-74.004505,75,
RIDE_001649,SCOOT_0247,USER_00942,1782424039,06/25/2026 10:15 PM,40.710783,-74.008431,40.705487,-74.003208,64,1
RIDE_001650,SCOOT_0176,USER_01275,2026-06-10 21:24:30,2026-06-10 21:50:30,40.707642,74.0058° W,40.71038,-74.004501,12,4
RIDE_001651,SCOOT_0141,USER_00970,06/26/2026 3:33 AM,2026-06-26 4:13:37,40.712561,-74.012807,40.710132,-74.012243,52,2
RIDE_001652,SCOOT_0014,USER_00010,2026-06-11 5:30:10,2026-06-11 6:15:10,40.6904,74.0047° W,40.692402,-74.001845,55,1
RIDE_001653,SCOOT_0354,USER_00472,1781904937,2026-06-19 21:48:37,40.724376,-73.924067,40.726679,-73.924072,14,
RIDE_001654,SCOOT_0265,USER_00905,2026-06-28 12:04:58,2026-06-28 12:29:58,40.7172° N,-73.996538,40.712842,-73.997214,39%,1
RIDE_001655,SCOOT_0280,USER_00484,06/16/2026 9:31 PM,1781647420,40.641631,74.0406° W,40.642728,-74.040764,20,5
RIDE_001656,SCOOT_0248,USER_01009,1782206141,06/23/2026 9:58 AM,40.748309,-74.01859,40.74943,-74.014224,LOW,5
RIDE_001657,SCOOT_0184,USER_01265,2026-06-02 15:42:27,2026-06-02 16:16:27,40.68868,-73.979199,40.683975,-73.977827,72%,1
RIDE_001658,SCOOT_0377,USER_01080,06/02/2026 6:02 AM,1780381588,40.741032,-73.9832,40.738751,-73.984429,65,3
RIDE_001659,SCOOT_0261,USER_00546,1781679579,1781681799,40.7143° N,-74.011249,40.713138,-74.011373,23,
RIDE_001660,SCOOT_0300,USER_00803,06/13/2026 5:33 PM,1781372670,40.6908,73.9701° W,40.688259,-73.972075,48,
RIDE_001661,SCOOT_0087,USER_00615,1780776803,2026-06-06 20:26:23,40.708887,-73.998806,40.710545,-74.001616,85%,4
RIDE_001662,SCOOT_0045,USER_00589,1781504157,1781506437,40.7226° N,-73.983986,40.723396,-73.985019,low,3
RIDE_001663,SCOOT_0135,USER_00702,06/19/2026 8:52 PM,06/19/2026 9:06 PM,40.733412,-73.9789,40.731776,-73.973494,18,1
RIDE_001664,SCOOT_0378,USER_00173,2026-06-27 1:54:56,2026-06-27 2:34:56,40.7077,73.9999° W,40.707389,-73.998958,30,1
RIDE_001665,SCOOT_0196,USER_00012,2026-06-19 7:59:44,06/19/2026 8:17 AM,40.716133,-74.008521,40.718725,-74.016644,12,2
RIDE_001666,SCOOT_0243,USER_00893,2026-06-23 1:42:11,06/23/2026 2:11 AM,40.7345,-73.986481,40.73074,-73.987126,88,1
RIDE_001667,SCOOT_0217,USER_00185,1782621813,1782623493,40.714343,-74.003189,40.715066,-74.005186,60,3
RIDE_001668,SCOOT_0317,USER_00531,2026-06-15 15:29:45,2026-06-15 16:14:45,40.7143,-74.0055,40.717084,-74.003172,15,
RIDE_001669,SCOOT_0236,USER_00366,1781061809,1781063609,40.712922,-74.009589,40.710963,-74.011238,15,2
RIDE_001670,SCOOT_0310,USER_00599,06/15/2026 5:06 PM,1781545886,40.7426,73.9626° W,40.74474,-73.962792,89,3
RIDE_001671,SCOOT_0318,USER_01261,1780785746,06/06/2026 10:47 PM,40.7064,-74.005934,40.704875,-74.00871,3%,4
RIDE_001672,SCOOT_0087,USER_00449,2026-06-19 6:52:24,1781852784,40.705778,-74.008781,40.707198,-74.010889,99,4
RIDE_001673,SCOOT_0396,USER_01098,06/09/2026 12:34 PM,06/09/2026 1:04 PM,40.725844,73.9259° W,40.727406,-73.92911,low,3
RIDE_001674,SCOOT_0033,USER_01338,06/12/2026 8:12 AM,06/12/2026 8:39 AM,40.732741,-73.983453,40.729352,-73.985925,56,3
RIDE_001675,SCOOT_0372,USER_00571,06/01/2026 12:07 AM,2026-06-01 0:48:01,40.7176,-74.006587,40.710905,-74.010786,low,
RIDE_001676,SCOOT_0378,USER_00193,06/08/2026 11:41 AM,2026-06-08 12:21:51,40.743413,-74.008961,40.742172,-74.008864,40,4
RIDE_001677,SCOOT_0213,USER_00526,2026-06-10 8:05:14,2026-06-10 8:37:14,40.778145,73.9738° W,40.781363,-73.969523,97,3
RIDE_001678,SCOOT_0356,USER_00179,1782745476,1782747396,40.718537,-74.0049,40.712647,-74.003479,LOW,3
RIDE_001679,SCOOT_0265,USER_00631,2026-06-17 13:34:19,2026-06-17 14:10:19,40.721468,-73.9896,40.726702,-73.987042,15,
RIDE_001680,SCOOT_0117,USER_01446,06/11/2026 1:29 AM,2026-06-11 2:01:35,40.760265,-73.946272,40.761266,-73.953751,5,1
RIDE_001681,SCOOT_0359,USER_00247,06/08/2026 4:10 PM,2026-06-08 16:30:23,40.690517,73.9641° W,40.688094,-73.964727,3%,4
RIDE_001682,SCOOT_0263,USER_00926,06/18/2026 4:56 AM,1781759418,40.6852,73.9731° W,40.690248,-73.975773,79,
RIDE_001683,SCOOT_0105,USER_00624,06/17/2026 11:33 PM,2026-06-18 0:08:29,40.7335° N,-73.9488,40.735391,-73.947281,97,4
RIDE_001684,SCOOT_0344,USER_01305,1782108572,1782110672,40.765134,-73.9614,40.77394,-73.964445,82,1
RIDE_001685,SCOOT_0206,USER_01399,2026-06-10 20:47:22,06/10/2026 8:58 PM,40.705958,-74.0076,40.701254,-74.01205,90,5
RIDE_001686,SCOOT_0243,USER_00393,2026-06-24 16:07:16,2026-06-24 16:11:16,40.710574,73.9536° W,40.70771,-73.952089,87%,1
RIDE_001687,SCOOT_0079,USER_00858,1782508050,1782510450,40.710775,-74.0067,40.713458,-74.009017,21,5
RIDE_001688,SCOOT_0208,USER_01203,06/23/2026 11:45 AM,06/23/2026 12:01 PM,40.7253,-73.927885,40.719484,-73.93504,40,2
RIDE_001689,SCOOT_0155,USER_01408,1781070274,06/10/2026 5:48 AM,40.7142,-74.004032,40.720377,-74.003558,87,3
RIDE_001690,SCOOT_0175,USER_01104,06/21/2026 9:54 PM,06/21/2026 9:58 PM,40.7161,-74.006782,40.716971,-74.00178,low,
RIDE_001691,SCOOT_0338,USER_00503,1781506484,06/15/2026 6:57 AM,40.7043,-74.004346,40.710711,-74.003499,66%,3
RIDE_001692,SCOOT_0340,USER_00455,06/26/2026 1:58 AM,06/26/2026 2:10 AM,40.791011,-73.998084,40.790915,-73.997984,ERROR,3
RIDE_001693,SCOOT_0371,USER_01348,06/22/2026 4:08 AM,1782102768,40.7045,-73.991364,40.701258,-73.988897,33,5
RIDE_001694,SCOOT_0323,USER_00612,2026-06-05 23:48:47,1780705427,40.7163° N,-74.004704,40.718761,-74.005196,77,4
RIDE_001695,SCOOT_0077,USER_01083,06/02/2026 4:14 PM,06/02/2026 4:20 PM,40.717608,-74.006,40.717781,-74.006762,LOW,4
RIDE_001696,SCOOT_0260,USER_01352,1780782726,1780784466,40.702889,-74.0529,40.705818,-74.05632,3%,5
RIDE_001697,SCOOT_0198,USER_00226,06/19/2026 12:20 PM,06/19/2026 12:59 PM,40.708404,-74.00325,40.708139,-74.004612,76,5
RIDE_001698,SCOOT_0388,USER_00359,2026-06-06 17:11:38,2026-06-06 17:39:38,40.71636,-74.008429,40.71576,-74.004231,59%,
RIDE_001699,SCOOT_0349,USER_00993,2026-06-30 15:20:17,2026-06-30 15:35:17,40.72,-74.013052,40.719136,-74.00936,83%,5
RIDE_001700,SCOOT_0209,USER_01222,1782691969,2026-06-29 0:20:49,40.7090° N,74.0096° W,40.701953,-74.004609,85,2
RIDE_001701,SCOOT_0128,USER_01250,1780348751,06/01/2026 9:27 PM,40.69552,-74.008531,40.692789,-74.006445,ERROR,1
RIDE_001702,SCOOT_0182,USER_00456,1781393869,2026-06-14 0:08:49,40.711297,-74.011219,40.712622,-74.01552,89,3
RIDE_001703,SCOOT_0360,USER_00558,1782228494,1782229634,40.7413° N,74.0276° W,40.73698,-74.027102,3,4
RIDE_001704,SCOOT_0211,USER_00312,06/27/2026 6:34 PM,1782587469,40.704942,-74.011925,40.704935,-74.013555,36,4
RIDE_001705,SCOOT_0191,USER_01191,06/07/2026 4:37 AM,06/07/2026 4:54 AM,40.7459° N,-73.9721,40.743337,-73.970451,75,
RIDE_001706,SCOOT_0318,USER_00264,2026-06-10 20:38:30,2026-06-10 21:12:30,40.727786,74.0179° W,40.723299,-74.017986,22,5
RIDE_001707,SCOOT_0308,USER_01347,1780322309,1780324049,40.7121° N,-74.007743,40.713436,-74.009995,45,5
RIDE_001708,SCOOT_0285,USER_01055,1782538627,1782541027,40.67746,-73.985818,40.678618,-73.989348,62%,4
RIDE_001709,SCOOT_0312,USER_00506,1781546537,06/15/2026 6:33 PM,40.779962,-74.01301,40.778227,-74.013784,7,3
RIDE_001710,SCOOT_0153,USER_00102,1780574109,06/04/2026 12:10 PM,40.717876,-73.946501,40.723489,-73.949054,1,3
RIDE_001711,SCOOT_0146,USER_01498,1782086274,1782088194,40.7616,-73.9973,40.761901,-73.995829,84,1
RIDE_001712,SCOOT_0068,USER_00068,2026-06-30 20:32:07,2026-06-30 20:39:07,40.7229,-74.009974,40.719558,-74.012239,82,4
RIDE_001713,SCOOT_0169,USER_01272,1781907533,06/19/2026 10:55 PM,40.762043,74.0121° W,40.76211,-74.007035,low,1
RIDE_001714,SCOOT_0319,USER_00535,2026-06-23 23:37:41,2026-06-23 23:49:41,40.713406,74.0072° W,40.711551,-74.004475,55,1
RIDE_001715,SCOOT_0206,USER_01094,1781822122,1781823802,40.7095,-73.998614,40.715297,-73.997844,LOW,3
RIDE_001716,SCOOT_0246,USER_00314,2026-06-05 0:09:25,1780618645,40.76117,-73.956987,40.764454,-73.959405,68,3
RIDE_001717,SCOOT_0116,USER_00149,1782431011,2026-06-26 0:27:31,40.678669,-74.0709,40.679896,-74.068947,16,3
RIDE_001718,SCOOT_0180,USER_00128,1782111850,2026-06-22 7:37:10,40.734401,-73.986704,40.73036,-73.9894,22,
RIDE_001719,SCOOT_0102,USER_01057,1780931724,2026-06-08 15:23:24,40.72382,74.0207° W,40.722918,-74.025552,77,5
RIDE_001720,SCOOT_0001,USER_00555,2026-06-16 7:02:26,2026-06-16 7:18:26,40.73434,-73.9361,40.732153,-73.936653,58,5
RIDE_001721,SCOOT_0212,USER_00659,06/16/2026 3:42 PM,2026-06-16 15:46:05,40.752506,-73.9843,40.748077,-73.978881,LOW,4
RIDE_001722,SCOOT_0276,USER_01215,1780524531,1780524951,40.7357,-73.9876,40.738767,-73.977048,89,2
RIDE_001723,SCOOT_0178,USER_01116,2026-06-12 2:51:23,2026-06-12 3:11:23,40.7078° N,-74.004201,40.705699,-74.005817,66,
RIDE_001724,SCOOT_0204,USER_00097,1782269561,2026-06-24 3:01:41,40.7099° N,74.0105° W,40.709795,-74.014926,32%,1
RIDE_001725,SCOOT_0277,USER_00566,2026-06-21 17:54:33,06/21/2026 6:27 PM,40.7166,-74.0058,40.717855,-74.007179,41%,1
RIDE_001726,SCOOT_0123,USER_01053,2026-06-01 9:03:10,2026-06-01 9:44:10,40.741556,73.9622° W,40.738064,-73.963323,51%,1
RIDE_001727,SCOOT_0201,USER_00659,1781293701,06/12/2026 8:26 PM,40.7094° N,-74.009562,40.703032,-74.005544,70,
RIDE_001728,SCOOT_0068,USER_00410,1780783702,2026-06-06 22:32:22,40.710054,74.0013° W,40.71326,-74.005204,93,4
RIDE_001729,SCOOT_0369,USER_01240,2026-06-02 6:54:47,2026-06-02 7:35:47,40.6674,-73.9933,40.672685,-73.993384,56,5
RIDE_001730,SCOOT_0114,USER_00162,1781804103,1781804403,40.7535° N,73.9983° W,40.754845,-74.000468,93,3
RIDE_001731,SCOOT_0096,USER_01348,2026-06-03 7:16:14,2026-06-03 7:28:14,40.665453,-74.035231,40.665516,-74.038624,21,2
RIDE_001732,SCOOT_0348,USER_00015,2026-06-04 4:03:26,06/04/2026 4:44 AM,40.7471° N,-74.0072,40.744707,-74.004634,41,4
RIDE_001733,SCOOT_0328,USER_00403,2026-06-16 17:22:54,06/16/2026 5:42 PM,40.7138° N,74.0060° W,40.716427,-74.004597,87,2
RIDE_001734,SCOOT_0199,USER_00836,1780502968,1780503388,40.7186° N,74.0078° W,40.717297,-74.011743,54%,4
RIDE_001735,SCOOT_0379,USER_01095,1780671004,06/05/2026 3:04 PM,40.7111,-74.002141,40.714984,-73.99926,low,1
RIDE_001736,SCOOT_0202,USER_00485,1781051755,1781052415,40.705623,-74.0017,40.700108,-73.998973,7,1
RIDE_001737,SCOOT_0005,USER_01278,1780410334,06/02/2026 2:53 PM,40.711329,-74.00319,40.707332,-73.999676,83%,3
RIDE_001738,SCOOT_0187,USER_00278,2026-06-18 21:23:59,2026-06-18 21:33:59,40.70694,-74.008674,40.703946,-74.013937,31,2
RIDE_001739,SCOOT_0295,USER_01330,1780351732,1780352872,40.713178,-73.998776,40.721179,-73.998484,77,1
RIDE_001740,SCOOT_0132,USER_00560,06/27/2026 6:47 AM,06/27/2026 7:15 AM,40.717267,-74.0051,40.718763,-74.006098,64,3
RIDE_001741,SCOOT_0286,USER_00034,2026-06-21 21:30:02,06/21/2026 9:41 PM,40.7136° N,74.0039° W,40.711845,-74.004083,low,1
RIDE_001742,SCOOT_0208,USER_00322,06/21/2026 8:25 PM,06/21/2026 8:35 PM,40.699331,-73.971472,40.696133,-73.971627,37,4
RIDE_001743,SCOOT_0053,USER_00861,2026-06-28 6:06:43,06/28/2026 6:47 AM,40.79964,-73.954319,40.803688,-73.954246,2,4
RIDE_001744,SCOOT_0101,USER_00724,06/27/2026 5:04 AM,2026-06-27 5:26:49,40.7548,-73.965655,40.759501,-73.97151,52,
RIDE_001745,SCOOT_0217,USER_01018,2026-06-26 2:17:22,1782441802,40.7221° N,-73.959511,40.721261,-73.961526,93,1
RIDE_001746,SCOOT_0158,USER_00906,06/26/2026 3:25 AM,06/26/2026 3:48 AM,40.736317,-73.9887,40.73211,-73.982427,27,3
RIDE_001747,SCOOT_0371,USER_00943,1781861979,06/19/2026 9:45 AM,40.688751,-74.0457,40.690516,-74.042772,60%,3
RIDE_001748,SCOOT_0220,USER_00677,06/04/2026 8:51 PM,06/04/2026 8:59 PM,40.767818,73.9465° W,40.765925,-73.947421,92,2
RIDE_001749,SCOOT_0192,USER_01407,1781324929,1781327209,40.715876,74.0081° W,40.715861,-74.006913,51%,1
RIDE_001750,SCOOT_0084,USER_00053,1781488045,1781488885,40.798804,-74.006754,40.800948,-74.007455,83,1
RIDE_001751,SCOOT_0149,USER_00531,2026-06-20 13:06:10,1781962570,40.7447° N,73.9197° W,40.749573,-73.915601,88,2
RIDE_001752,SCOOT_0335,USER_00383,2026-06-02 6:46:25,2026-06-02 7:24:25,40.788331,-73.9487,40.789206,-73.94863,ERROR,5
RIDE_001753,SCOOT_0123,USER_01405,06/09/2026 6:01 AM,1780986731,40.748056,-73.920558,40.747129,-73.919344,19,
RIDE_001754,SCOOT_0071,USER_00436,1780706843,2026-06-06 1:26:23,40.71266,-74.009416,40.716531,-74.00925,23,3
RIDE_001755,SCOOT_0138,USER_01414,06/10/2026 6:00 PM,2026-06-10 18:45:33,40.7210° N,74.0125° W,40.719324,-74.012404,42,3
RIDE_001756,SCOOT_0016,USER_00008,1781152624,2026-06-11 5:04:04,40.7173° N,74.0044° W,40.718281,-74.007784,71,1
RIDE_001757,SCOOT_0231,USER_00958,1782224356,2026-06-23 14:40:16,40.7075° N,-73.9287,40.703369,-73.930346,20%,4
RIDE_001758,SCOOT_0227,USER_00008,1781510218,06/15/2026 8:12 AM,40.7161,-74.0284,40.720934,-74.024775,39,1
RIDE_001759,SCOOT_0044,USER_01491,06/07/2026 8:20 PM,2026-06-07 20:46:05,40.7065° N,-74.009729,40.699657,-74.012077,39,three
RIDE_001760,SCOOT_0260,USER_00343,1782523327,2026-06-27 2:05:07,40.704528,-74.052778,40.70591,-74.057345,56%,3
RIDE_001761,SCOOT_0098,USER_01042,06/14/2026 4:30 PM,2026-06-14 16:59:33,40.716,-74.0082,40.716028,-74.008499,6,4
RIDE_001762,SCOOT_0249,USER_01323,1782133170,1782135750,40.6807,74.0319° W,40.683572,-74.030665,58,5
RIDE_001763,SCOOT_0040,USER_00528,1781854576,1781855116,40.7516° N,-73.928707,40.75203,-73.933885,70%,5
RIDE_001764,SCOOT_0074,USER_00854,1781979933,1781981733,40.7117,-74.00611,40.717578,-74.004049,90,2
RIDE_001765,SCOOT_0300,USER_01442,2026-06-25 15:53:35,2026-06-25 16:14:35,40.7189° N,-74.0036,40.71681,-74.003258,13,5
RIDE_001766,SCOOT_0359,USER_00150,1782847548,2026-06-30 20:09:48,40.7137° N,74.0098° W,40.712592,-74.010374,33,
RIDE_001767,SCOOT_0175,USER_00815,2026-06-06 16:23:58,2026-06-06 16:53:58,40.7449° N,-74.047615,40.74853,-74.050425,ERROR,2
RIDE_001768,SCOOT_0333,USER_00990,1782233236,1782235336,40.730558,-73.9619,40.732754,-73.958138,58,5
RIDE_001769,SCOOT_0329,USER_00758,2026-06-02 12:00:31,06/02/2026 12:45 PM,40.705214,-74.003303,40.70689,-74.003773,90%,5
RIDE_001770,SCOOT_0320,USER_00552,06/13/2026 11:08 AM,1781350821,40.7074,-73.963131,40.70502,-73.965086,42,4
RIDE_001771,SCOOT_0279,USER_00122,2026-06-19 14:05:01,2026-06-19 14:20:01,40.7427° N,-74.0101,40.743135,-74.01575,51,1
RIDE_001772,SCOOT_0143,USER_00677,06/19/2026 5:07 AM,2026-06-19 5:36:22,40.713012,-74.002539,40.711582,-73.997507,58,4
RIDE_001773,SCOOT_0003,USER_00015,1781636516,06/16/2026 7:29 PM,40.706958,-74.001235,40.708983,-74.006383,N/A,3
RIDE_001774,SCOOT_0196,USER_00723,1780409048,06/02/2026 2:40 PM,40.803116,-73.969275,40.800483,-73.973496,46%,
RIDE_001775,SCOOT_0074,USER_00414,1781005810,1781006350,40.71192,74.0065° W,40.712228,-74.007403,61%,1
RIDE_001776,SCOOT_0011,USER_00503,2026-06-07 19:16:14,1780861514,40.7188,-74.0166,40.71296,-74.017001,94,
RIDE_001777,SCOOT_0356,USER_00682,1781420626,2026-06-14 7:08:46,40.6419,-74.037425,40.638913,-74.036935,23,
RIDE_001778,SCOOT_0299,USER_00888,2026-06-24 1:45:58,1782267778,40.7752° N,-73.986975,40.778365,-73.988275,35,1
RIDE_001779,SCOOT_0285,USER_00551,1782008678,1782011138,40.8182,-73.9785,40.815642,-73.976441,35,2
RIDE_001780,SCOOT_0154,USER_01044,2026-06-04 7:38:11,2026-06-04 8:04:11,40.711057,-74.009366,40.709623,-74.0095,97,4
RIDE_001781,SCOOT_0337,USER_00886,06/01/2026 8:51 PM,1780348489,40.7574,73.9739° W,40.757513,-73.972007,71%,
RIDE_001782,SCOOT_0391,USER_00287,2026-06-01 6:08:16,1780296616,40.7136,-74.0008,40.713351,-74.001314,N/A,5
RIDE_001783,SCOOT_0147,USER_01091,06/11/2026 6:57 PM,1781205434,40.760247,-73.983714,40.759075,-73.982165,57%,4
RIDE_001784,SCOOT_0268,USER_01483,06/14/2026 4:45 PM,2026-06-14 17:11:29,40.7449,73.9977° W,40.743365,-73.993664,low,5
RIDE_001785,SCOOT_0087,USER_00880,1780697078,1780698458,40.6845,-73.960088,40.684582,-73.965131,21%,2
RIDE_001786,SCOOT_0099,USER_01434,1780356256,1780357816,40.712295,-73.999285,40.714063,-74.00724,67,4
RIDE_001787,SCOOT_0240,USER_01108,06/01/2026 1:58 PM,06/01/2026 2:26 PM,40.7183° N,74.0090° W,40.720325,-74.006728,68,1
RIDE_001788,SCOOT_0121,USER_00274,1781674005,1781675265,40.6886° N,-73.995591,40.68741,-74.001805,3,2
RIDE_001789,SCOOT_0029,USER_00074,06/15/2026 5:15 AM,06/15/2026 5:32 AM,40.7814° N,-74.001,40.778791,-74.00221,30,5
RIDE_001790,SCOOT_0037,USER_01285,06/23/2026 3:35 PM,06/23/2026 3:58 PM,40.7543° N,73.9691° W,40.755989,-73.973164,58,3
RIDE_001791,SCOOT_0384,USER_00431,2026-06-26 16:12:29,06/26/2026 4:41 PM,40.7466,-73.9799,40.752246,-73.980261,80,4
RIDE_001792,SCOOT_0086,USER_00830,2026-06-15 18:43:15,06/15/2026 6:50 PM,40.717141,74.0058° W,40.71569,-74.006586,78,4
RIDE_001793,SCOOT_0122,USER_01216,06/27/2026 8:01 PM,06/27/2026 8:17 PM,40.745532,-73.9559,40.749655,-73.954848,ERROR,2
RIDE_001794,SCOOT_0052,USER_00317,06/13/2026 3:57 AM,06/13/2026 4:11 AM,40.717548,-74.0099,40.716304,-74.012032,71%,5
RIDE_001795,SCOOT_0004,USER_00823,06/30/2026 8:38 PM,1782854567,40.7552° N,-73.975179,40.757378,-73.977972,4,4
RIDE_001796,SCOOT_0115,USER_00563,06/13/2026 9:41 PM,2026-06-13 21:46:57,40.749261,-73.971963,40.743065,-73.965598,50%,2
RIDE_001797,SCOOT_0236,USER_01047,06/29/2026 6:37 PM,06/29/2026 7:22 PM,40.700437,-74.049301,40.700911,-74.0492,6%,3
RIDE_001798,SCOOT_0393,USER_00350,1781967833,2026-06-20 15:39:53,40.728962,-73.915376,40.731204,-73.914483,57,1
RIDE_001799,SCOOT_0269,USER_00980,2026-06-27 23:57:51,06/28/2026 12:13 AM,40.7146° N,74.0064° W,40.719927,-74.010855,5,1
RIDE_001800,SCOOT_0248,USER_00106,2026-06-20 21:58:22,2026-06-20 22:15:22,40.692,-74.0432,40.694433,-74.045731,10,3
RIDE_001801,SCOOT_0309,USER_00153,1782013422,2026-06-21 3:55:42,40.726527,-73.974464,40.72737,-73.969995,97,5
RIDE_001802,SCOOT_0183,USER_00874,06/24/2026 1:21 AM,06/24/2026 2:01 AM,40.7577,-73.948106,40.764795,-73.949239,39%,3
RIDE_001803,SCOOT_0153,USER_00045,06/17/2026 10:37 AM,2026-06-17 10:56:42,40.7573,-73.9793,40.757323,-73.977648,55,4
RIDE_001804,SCOOT_0188,USER_00928,2026-06-03 15:43:43,2026-06-03 15:59:43,40.688672,73.9569° W,40.685329,-73.962114,46,4
RIDE_001805,SCOOT_0290,USER_00182,06/23/2026 5:49 AM,2026-06-23 6:30:53,40.734934,-74.0515,40.734322,-74.042139,27,2
RIDE_001806,SCOOT_0178,USER_01284,06/11/2026 8:21 PM,1781210856,40.688959,-74.066915,40.688787,-74.067068,95,5
RIDE_001807,SCOOT_0200,USER_00362,06/24/2026 9:15 AM,06/24/2026 9:52 AM,40.7134,-74.0034,40.710325,-73.998288,50,3
RIDE_001808,SCOOT_0227,USER_00007,06/24/2026 4:27 AM,2026-06-24 4:52:14,40.705402,73.9735° W,40.703518,-73.969605,79,five star
RIDE_001809,SCOOT_0117,USER_00615,06/11/2026 12:28 AM,2026-06-11 0:41:40,40.7529° N,-73.979949,40.75006,-73.98294,37,1
RIDE_001810,SCOOT_0066,USER_01212,1782554242,2026-06-27 10:42:22,40.7622° N,73.9946° W,40.759603,-73.996502,37,
RIDE_001811,SCOOT_0295,USER_01487,1782448433,1782450653,40.744579,-73.947781,40.744226,-73.947736,N/A,1
RIDE_001812,SCOOT_0212,USER_00892,2026-06-21 21:18:15,1782078315,40.674453,-74.035423,40.675462,-74.037634,96,4
RIDE_001813,SCOOT_0138,USER_01257,1780444996,2026-06-03 0:14:16,40.7272,-73.9895,40.729392,-73.984005,17,1
RIDE_001814,SCOOT_0049,USER_00972,1781898531,1781898831,40.7125,74.0034° W,40.710714,-73.996047,63,1
RIDE_001815,SCOOT_0398,USER_00718,2026-06-28 16:28:09,2026-06-28 17:10:09,40.7207,-74.005952,40.721894,-74.001875,79,2
RIDE_001816,SCOOT_0385,USER_00263,06/03/2026 4:40 PM,2026-06-03 17:02:20,40.7585,-73.990732,40.761079,-73.990497,71,4
RIDE_001817,SCOOT_0249,USER_01404,1781337397,06/13/2026 8:03 AM,40.7651,73.9943° W,40.759907,-73.993577,98,2
RIDE_001818,SCOOT_0092,USER_00686,06/15/2026 1:40 PM,2026-06-15 13:59:34,40.7073,-74.049,40.711609,-74.051128,N/A,
RIDE_001819,SCOOT_0118,USER_01173,1781144329,1781145289,40.668106,-74.045845,40.667858,-74.043535,24,5
RIDE_001820,SCOOT_0298,USER_00406,2026-06-01 10:56:52,1780313392,40.715101,73.9078° W,40.721001,-73.907956,48%,3
RIDE_001821,SCOOT_0353,USER_00017,1780664471,06/05/2026 1:09 PM,40.717799,-74.010226,40.721025,-74.007084,28,
RIDE_001822,SCOOT_0258,USER_00106,2026-06-10 0:30:30,06/10/2026 1:10 AM,40.716254,-74.006062,40.707391,-74.007987,90,3
RIDE_001823,SCOOT_0212,USER_00350,2026-06-02 3:38:14,2026-06-02 4:15:14,40.718082,-73.954765,40.718448,-73.956022,30,5
RIDE_001824,SCOOT_0170,USER_00931,2026-06-21 3:46:56,06/21/2026 3:49 AM,40.732408,73.9892° W,40.730261,-73.985812,41%,2
RIDE_001825,SCOOT_0092,USER_01448,2026-06-27 1:55:30,06/27/2026 2:24 AM,40.7352° N,-73.995999,40.733809,-73.994982,LOW,3
RIDE_001826,SCOOT_0357,USER_00039,2026-06-24 7:08:33,2026-06-24 7:11:33,40.7575,-74.046593,40.76059,-74.042284,83,3
RIDE_001827,SCOOT_0132,USER_00655,1782129187,2026-06-22 12:04:07,40.7086° N,-74.009889,40.707248,-74.012157,5,five star
RIDE_001828,SCOOT_0070,USER_00570,2026-06-24 21:26:18,1782338718,40.713696,-74.013786,40.710342,-74.009169,67,1
RIDE_001829,SCOOT_0340,USER_01258,1780362529,2026-06-02 1:31:49,40.7091° N,-74.001026,40.710153,-74.006454,84,
RIDE_001830,SCOOT_0265,USER_00776,2026-06-25 1:41:16,06/25/2026 1:48 AM,40.715341,74.0065° W,40.713975,-74.005736,83,2
RIDE_001831,SCOOT_0205,USER_00612,06/04/2026 7:48 AM,2026-06-04 8:01:58,40.7147,74.0032° W,40.718233,-74.001945,28,5
RIDE_001832,SCOOT_0183,USER_00507,2026-06-25 10:50:52,06/25/2026 11:32 AM,40.720887,-73.995173,40.729716,-73.992999,7,5
RIDE_001833,SCOOT_0172,USER_01410,2026-06-14 16:31:22,06/14/2026 5:14 PM,40.7780° N,-73.907291,40.778711,-73.906387,30%,1
RIDE_001834,SCOOT_0328,USER_01047,2026-06-06 13:58:05,1780755965,40.712654,74.0130° W,40.712708,-74.009319,21,2
RIDE_001835,SCOOT_0227,USER_00555,2026-06-02 22:33:30,1780441350,40.746007,-73.977261,40.748562,-73.97999,90,3
RIDE_001836,SCOOT_0283,USER_00695,2026-06-30 14:20:17,06/30/2026 2:50 PM,40.7216° N,73.9556° W,40.719107,-73.959421,98,5
RIDE_001837,SCOOT_0042,USER_00321,1782291947,1782292667,40.7092,-74.000322,40.706452,-73.999943,39%,2
RIDE_001838,SCOOT_0169,USER_01025,1782059987,1782062627,40.696043,-73.985223,40.699976,-73.98263,85,5
RIDE_001839,SCOOT_0312,USER_01119,06/24/2026 3:37 PM,2026-06-24 15:55:31,40.7545° N,-73.990321,40.750947,-73.984491,76%,5
RIDE_001840,SCOOT_0046,USER_00060,1782518150,1782518570,40.746207,-73.964327,40.749385,-73.965993,66,4
RIDE_001841,SCOOT_0217,USER_00988,2026-06-08 0:50:30,2026-06-08 1:24:30,40.8039° N,73.9559° W,40.809044,-73.957324,13,5
RIDE_001842,SCOOT_0394,USER_00610,1781743303,06/18/2026 1:19 AM,40.680383,-74.0189,40.681009,-74.018735,ERROR,5
RIDE_001843,SCOOT_0177,USER_00831,06/26/2026 4:05 PM,1782491616,40.7112° N,-74.0136,40.712638,-74.00772,50%,3
RIDE_001844,SCOOT_0135,USER_01036,2026-06-07 6:57:48,1780817928,40.7147,74.0036° W,40.716374,-74.002372,2,5
RIDE_001845,SCOOT_0211,USER_01397,06/28/2026 2:54 AM,1782617975,40.716527,-74.004419,40.715589,-74.006806,80,1
RIDE_001846,SCOOT_0206,USER_01472,2026-06-29 20:03:01,2026-06-29 20:20:01,40.711804,-74.004743,40.710856,-74.0038,99,1
RIDE_001847,SCOOT_0247,USER_01346,06/08/2026 8:40 PM,1780953667,40.714557,-74.002667,40.718405,-74.002433,35,4
RIDE_001848,SCOOT_0253,USER_01230,2026-06-26 7:28:05,1782460085,40.731844,73.9924° W,40.731977,-73.997909,8,4
RIDE_001849,SCOOT_0025,USER_00639,2026-06-07 1:22:21,06/07/2026 1:29 AM,40.7767,73.9652° W,40.777817,-73.961056,85%,1
RIDE_001850,SCOOT_0318,USER_01234,06/21/2026 5:52 AM,1782021474,40.7103,-74.0037,40.70995,-74.004256,70,1
RIDE_001851,SCOOT_0031,USER_00430,1780390702,1780391962,40.709711,-73.9993,40.708585,-73.997239,N/A,2
RIDE_001852,SCOOT_0031,USER_00164,06/11/2026 7:11 AM,1781162304,40.7456,-73.9476,40.748756,-73.947308,27%,4
RIDE_001853,SCOOT_0070,USER_00622,1781198986,2026-06-11 17:38:46,40.7535,73.9775° W,40.760328,-73.98279,88,1
RIDE_001854,SCOOT_0324,USER_00613,1782752008,06/29/2026 5:38 PM,40.7284,-74.024232,40.728381,-74.024976,17,4
RIDE_001855,SCOOT_0097,USER_01240,1781153919,06/11/2026 5:32 AM,40.7494,-73.985709,40.746031,-73.982622,63,4
RIDE_001856,SCOOT_0087,USER_00511,2026-06-03 8:41:45,06/03/2026 9:19 AM,40.722117,-73.9747,40.721138,-73.978217,49%,three
RIDE_001857,SCOOT_0339,USER_00380,1782019890,2026-06-21 5:41:30,40.71361,-74.0122,40.713729,-74.016496,7,4
RIDE_001858,SCOOT_0325,USER_00745,2026-06-13 2:25:07,1781319247,40.770625,73.9961° W,40.769272,-73.995205,10%,
RIDE_001859,SCOOT_0145,USER_01038,06/10/2026 5:42 PM,06/10/2026 5:49 PM,40.7676° N,-73.972359,40.763108,-73.970467,N/A,5
RIDE_001860,SCOOT_0107,USER_00749,06/19/2026 9:46 PM,06/19/2026 10:03 PM,40.7837° N,73.9299° W,40.783972,-73.927491,45,4
RIDE_001861,SCOOT_0014,USER_00531,06/12/2026 6:22 PM,1781289833,40.677187,-73.975945,40.679516,-73.977397,84,3
RIDE_001862,SCOOT_0194,USER_01043,2026-06-13 0:17:27,2026-06-13 0:50:27,40.7177,-74.007,40.716375,-74.005592,29,
RIDE_001863,SCOOT_0210,USER_01109,1782055178,06/21/2026 3:33 PM,40.7085° N,-74.001914,40.705379,-74.005064,82,4
RIDE_001864,SCOOT_0338,USER_00331,06/20/2026 2:08 AM,06/20/2026 2:28 AM,40.739806,-73.97031,40.737956,-73.974354,93,three
RIDE_001865,SCOOT_0311,USER_01211,2026-06-05 8:21:03,2026-06-05 8:33:03,40.700686,-74.006641,40.697143,-74.010096,20,3
RIDE_001866,SCOOT_0361,USER_00237,2026-06-20 10:49:09,1781952849,40.7212° N,-74.009442,40.720276,-74.010544,30,1
RIDE_001867,SCOOT_0004,USER_00895,2026-06-30 8:57:59,1782811379,40.753,-73.9652,40.755817,-73.966091,83,2
RIDE_001868,SCOOT_0038,USER_00049,1781065021,06/10/2026 5:00 AM,40.73667,73.9521° W,40.736384,-73.94692,4,five star
RIDE_001869,SCOOT_0336,USER_00538,2026-06-29 10:55:34,2026-06-29 11:04:34,40.716488,73.9737° W,40.722244,-73.974752,66,1
RIDE_001870,SCOOT_0115,USER_00047,2026-06-10 17:05:42,1781113422,40.77859,-73.96529,40.776914,-73.966226,66,5
RIDE_001871,SCOOT_0050,USER_00455,06/13/2026 8:04 AM,1781339399,40.7421° N,-73.980548,40.74583,-73.979165,99%,1
RIDE_001872,SCOOT_0253,USER_00763,1782599738,2026-06-27 23:06:38,40.7138° N,74.0028° W,40.713009,-74.005088,43,3
RIDE_001873,SCOOT_0327,USER_00101,06/19/2026 8:49 PM,2026-06-19 21:11:54,40.7363° N,73.9857° W,40.73317,-73.987165,78,5
RIDE_001874,SCOOT_0120,USER_00927,06/23/2026 10:51 AM,06/23/2026 11:16 AM,40.738578,-73.925509,40.730256,-73.926048,43,2
RIDE_001875,SCOOT_0301,USER_01131,2026-06-25 9:57:10,2026-06-25 10:23:10,40.782914,-73.983263,40.785174,-73.982964,85,3
RIDE_001876,SCOOT_0152,USER_00552,2026-06-02 5:05:51,2026-06-02 5:30:51,40.710131,-74.014968,40.710747,-74.017294,82%,4
RIDE_001877,SCOOT_0090,USER_00436,2026-06-10 16:44:31,1781111911,40.696793,-74.01598,40.702028,-74.008765,96,three
RIDE_001878,SCOOT_0274,USER_00693,2026-06-10 18:39:06,1781116926,40.693544,74.0538° W,40.690012,-74.05239,51,3
RIDE_001879,SCOOT_0232,USER_00126,1781196101,06/11/2026 5:02 PM,40.7362,73.9929° W,40.729021,-73.990937,21,3
RIDE_001880,SCOOT_0072,USER_01076,1780904704,1780905724,40.720208,-74.019717,40.720737,-74.018363,11,5
RIDE_001881,SCOOT_0081,USER_00204,1781338469,2026-06-13 8:19:29,40.712508,-74.009163,40.715555,-74.010373,80,4
RIDE_001882,SCOOT_0303,USER_00361,2026-06-16 10:45:30,2026-06-16 10:58:30,40.683096,-74.047,40.686879,-74.045139,16,2
RIDE_001883,SCOOT_0111,USER_00249,1782744430,1782746050,40.784859,-73.98,40.783272,-73.983233,97,
RIDE_001884,SCOOT_0025,USER_00218,2026-06-27 8:23:48,06/27/2026 9:03 AM,40.7111,-74.01448,40.708866,-74.015413,6,5
RIDE_001885,SCOOT_0363,USER_01192,06/19/2026 8:42 AM,2026-06-19 9:26:53,40.7152° N,-74.00616,40.717624,-74.002112,8,2
RIDE_001886,SCOOT_0379,USER_00755,2026-06-21 12:26:13,1782046573,40.717033,74.0041° W,40.717068,-74.00706,64,
RIDE_001887,SCOOT_0070,USER_00480,06/12/2026 9:50 PM,1781302324,40.7158,-73.999281,40.716786,-73.993529,100,2
RIDE_001888,SCOOT_0228,USER_00027,1780495271,06/03/2026 2:45 PM,40.752589,-73.994283,40.755154,-73.99349,94,2
RIDE_001889,SCOOT_0216,USER_01458,1782447501,2026-06-26 5:00:21,40.7181° N,-74.0061,40.715451,-74.006703,ERROR,4
RIDE_001890,SCOOT_0359,USER_01328,06/14/2026 12:22 PM,06/14/2026 12:28 PM,40.7067° N,-74.010514,40.709587,-74.007896,74,1
RIDE_001891,SCOOT_0321,USER_01121,06/11/2026 5:21 PM,1781200773,40.7143° N,-74.012884,40.713177,-74.016559,87,2
RIDE_001892,SCOOT_0183,USER_01200,1782144307,06/22/2026 4:09 PM,40.717506,-74.008335,40.714249,-74.008246,88,5
RIDE_001893,SCOOT_0147,USER_00312,06/05/2026 2:36 AM,1780627646,40.7102° N,-74.000065,40.708035,-74.004263,64,
RIDE_001894,SCOOT_0107,USER_00294,2026-06-20 11:20:37,1781955337,40.704188,-74.006123,40.702503,-74.01041,low,1
RIDE_001895,SCOOT_0252,USER_01350,1781020524,06/09/2026 4:20 PM,40.772685,-73.9547,40.7726,-73.950562,69,1
RIDE_001896,SCOOT_0141,USER_01367,2026-06-18 7:20:37,1781769277,40.7138,-74.0045,40.710633,-74.002003,13,
RIDE_001897,SCOOT_0033,USER_00296,1782608775,06/28/2026 1:33 AM,40.720727,-74.002605,40.718188,-74.000781,29,3
RIDE_001898,SCOOT_0315,USER_00962,06/16/2026 6:39 AM,1781593196,40.7098,-74.006408,40.714119,-74.00839,87,4
RIDE_001899,SCOOT_0158,USER_00834,06/14/2026 9:28 AM,2026-06-14 10:04:22,40.65774,-74.0656,40.660723,-74.064787,48,1
RIDE_001900,SCOOT_0345,USER_00112,06/21/2026 5:01 AM,2026-06-21 5:24:39,40.7123° N,-74.008036,40.713741,-74.010584,43,2
RIDE_001901,SCOOT_0132,USER_01403,1782660073,2026-06-28 15:32:13,40.7122,74.0234° W,40.70952,-74.025338,79%,2
RIDE_001902,SCOOT_0150,USER_01011,06/29/2026 9:48 AM,2026-06-29 9:59:16,40.7113,74.0062° W,40.712005,-74.01726,low,1
RIDE_001903,SCOOT_0150,USER_01430,2026-06-15 20:01:43,06/15/2026 8:46 PM,40.732247,73.9935° W,40.736762,-73.996771,18,5
RIDE_001904,SCOOT_0228,USER_01322,2026-06-21 1:53:27,06/21/2026 2:25 AM,40.713451,-74.00002,40.709512,-73.998838,19%,2
RIDE_001905,SCOOT_0323,USER_00450,2026-06-24 5:40:55,1782280015,40.673155,-74.054593,40.670745,-74.056788,2%,4
RIDE_001906,SCOOT_0150,USER_01031,2026-06-22 5:07:11,1782106991,40.8028,-73.9688,40.806143,-73.967335,7,5
RIDE_001907,SCOOT_0196,USER_00047,2026-06-30 9:46:22,1782813442,40.706375,-74.00442,40.709594,-74.00698,55,5
RIDE_001908,SCOOT_0311,USER_00586,06/26/2026 6:33 PM,06/26/2026 6:46 PM,40.7682° N,-73.953913,40.773763,-73.955167,2,3
RIDE_001909,SCOOT_0134,USER_01274,06/29/2026 3:49 PM,06/29/2026 4:30 PM,40.70841,74.0074° W,40.712716,-74.012932,15,2
RIDE_001910,SCOOT_0244,USER_00707,2026-06-12 3:24:25,06/12/2026 4:03 AM,40.72,-73.975812,40.718705,-73.975789,43,1
RIDE_001911,SCOOT_0131,USER_01307,1782501546,2026-06-26 20:03:06,40.716581,-74.00821,40.710962,-74.002077,94%,3
RIDE_001912,SCOOT_0268,USER_01300,2026-06-03 2:13:48,06/03/2026 2:34 AM,40.708811,-74.010236,40.712122,-74.01139,28,2
RIDE_001913,SCOOT_0207,USER_01058,06/21/2026 3:45 AM,06/21/2026 4:05 AM,40.729332,-73.925544,40.732583,-73.926545,82,
RIDE_001914,SCOOT_0237,USER_01346,2026-06-30 11:34:09,1782820869,40.71888,-74.014543,40.721159,-74.017062,78,
RIDE_001915,SCOOT_0265,USER_00866,06/04/2026 2:44 PM,2026-06-04 15:25:17,40.7763° N,-73.965159,40.774327,-73.963171,67,4
RIDE_001916,SCOOT_0022,USER_01474,06/04/2026 3:06 AM,06/04/2026 3:45 AM,40.7240° N,-73.995962,40.720875,-73.997414,53,
RIDE_001917,SCOOT_0280,USER_00757,2026-06-11 1:01:21,2026-06-11 1:25:21,40.748819,-73.968825,40.751068,-73.97487,55%,2
RIDE_001918,SCOOT_0398,USER_01435,06/08/2026 1:16 PM,1780925687,40.707187,-73.9938,40.704671,-73.996027,85,2
RIDE_001919,SCOOT_0398,USER_00415,1781611928,06/16/2026 12:50 PM,40.711942,-74.020404,40.709838,-74.023032,78,1
RIDE_001920,SCOOT_0131,USER_00649,2026-06-01 5:31:13,1780293973,40.714931,74.0092° W,40.714286,-74.004595,72,2
RIDE_001921,SCOOT_0279,USER_00957,2026-06-03 23:13:40,2026-06-03 23:39:40,40.768287,-73.9677,40.766787,-73.966025,31,
RIDE_001922,SCOOT_0248,USER_00974,1782543361,2026-06-27 6:59:01,40.6958° N,-73.991922,40.697051,-73.993713,29,2
RIDE_001923,SCOOT_0001,USER_01235,1781627753,2026-06-16 16:45:53,40.718772,74.0066° W,40.720627,-74.002274,65,2
RIDE_001924,SCOOT_0348,USER_00107,2026-06-02 0:18:49,1780361389,40.7334° N,-74.034178,40.734768,-74.031626,87,2
RIDE_001925,SCOOT_0299,USER_01293,1781308730,2026-06-13 0:31:50,40.8009° N,-73.9935,40.798966,-73.990482,55%,5
RIDE_001926,SCOOT_0269,USER_00481,06/16/2026 3:56 AM,06/16/2026 4:23 AM,40.709753,74.0072° W,40.714481,-74.007342,6,4
RIDE_001927,SCOOT_0350,USER_01460,06/07/2026 10:28 AM,06/07/2026 10:48 AM,40.709893,-74.0095,40.710891,-74.01351,18,4
RIDE_001928,SCOOT_0355,USER_00583,2026-06-12 7:08:46,2026-06-12 7:40:46,40.707853,-73.999335,40.711751,-73.997333,LOW,3
RIDE_001929,SCOOT_0360,USER_00197,2026-06-16 8:51:22,06/16/2026 9:20 AM,40.7099° N,-74.001286,40.709045,-74.004993,N/A,
RIDE_001930,SCOOT_0240,USER_00689,06/02/2026 2:31 AM,2026-06-02 2:59:15,40.709359,-73.977237,40.709855,-73.977199,92%,3
RIDE_001931,SCOOT_0146,USER_01169,2026-06-20 16:35:31,2026-06-20 17:13:31,40.763344,-73.963827,40.759487,-73.968675,12,1
RIDE_001932,SCOOT_0348,USER_00492,2026-06-13 17:11:05,2026-06-13 17:50:05,40.7143,-74.005334,40.718919,-74.004604,82,3
RIDE_001933,SCOOT_0159,USER_00805,1782452416,1782452656,40.7499° N,-73.9855,40.75027,-73.990479,47,1
RIDE_001934,SCOOT_0011,USER_01119,1781784456,1781785596,40.754707,-73.977603,40.755337,-73.975757,5,2
RIDE_001935,SCOOT_0254,USER_00235,1781315305,1781315785,40.715638,74.0066° W,40.713744,-74.004764,44%,2
RIDE_001936,SCOOT_0007,USER_00184,1781394219,2026-06-13 23:58:39,40.738314,73.9514° W,40.742571,-73.950518,77,2
RIDE_001937,SCOOT_0273,USER_00092,2026-06-30 2:07:10,1782785590,40.7151° N,-73.960162,40.715162,-73.959211,15,3
RIDE_001938,SCOOT_0319,USER_00472,2026-06-06 19:10:39,1780775679,40.746801,-73.949697,40.746963,-73.949321,low,1
RIDE_001939,SCOOT_0072,USER_00281,06/02/2026 9:33 AM,2026-06-02 9:50:27,40.686979,-73.962447,40.682757,-73.966342,LOW,1
RIDE_001940,SCOOT_0178,USER_01471,1782169655,1782171455,40.7877° N,73.9633° W,40.784607,-73.961513,33,1
RIDE_001941,SCOOT_0310,USER_00918,06/08/2026 2:40 AM,06/08/2026 2:48 AM,40.718671,74.0061° W,40.726468,-74.011293,79,2
RIDE_001942,SCOOT_0376,USER_00730,06/20/2026 6:20 PM,1781980899,40.7719° N,-73.962169,40.774551,-73.962783,30,4
RIDE_001943,SCOOT_0111,USER_00838,06/21/2026 1:02 AM,1782004312,40.777291,-73.962317,40.779738,-73.96051,17,5
RIDE_001944,SCOOT_0304,USER_00326,2026-06-30 8:35:57,1782810357,40.782201,73.9980° W,40.781518,-74.000797,59%,2
RIDE_001945,SCOOT_0203,USER_00666,1780759720,06/06/2026 3:58 PM,40.7412° N,73.9477° W,40.741502,-73.939875,51,
RIDE_001946,SCOOT_0290,USER_01097,1780728544,1780730824,40.7044,-73.986806,40.704687,-73.98872,75,3
RIDE_001947,SCOOT_0097,USER_01141,06/04/2026 4:56 AM,06/04/2026 5:19 AM,40.712569,-74.0015,40.712911,-74.003869,49,5
RIDE_001948,SCOOT_0169,USER_00989,1781292156,1781292396,40.7091,-74.007801,40.709321,-74.00422,14,4
RIDE_001949,SCOOT_0332,USER_00234,06/18/2026 9:12 PM,1781818077,40.68599,-74.012397,40.686423,-74.017898,69,1
RIDE_001950,SCOOT_0268,USER_00916,1782558818,06/27/2026 11:49 AM,40.731728,73.9993° W,40.72934,-73.998722,35,2
RIDE_001951,SCOOT_0175,USER_01298,06/18/2026 5:53 PM,06/18/2026 6:18 PM,40.7452° N,73.9968° W,40.746473,-73.991636,14,2
RIDE_001952,SCOOT_0083,USER_00466,06/01/2026 2:19 AM,2026-06-01 3:03:23,40.7812° N,-74.024155,40.782916,-74.02469,77%,2
RIDE_001953,SCOOT_0070,USER_00536,06/28/2026 6:52 AM,2026-06-28 7:21:56,40.761103,-73.993466,40.761456,-73.993011,64,1
RIDE_001954,SCOOT_0358,USER_00669,2026-06-26 6:17:24,1782456264,40.6945° N,-74.026727,40.693175,-74.026025,95,1
RIDE_001955,SCOOT_0278,USER_01010,06/16/2026 3:21 AM,06/16/2026 4:05 AM,40.7012° N,-74.0274,40.699697,-74.026581,64%,4
RIDE_001956,SCOOT_0340,USER_00858,1782459299,2026-06-26 8:00:59,40.70845,-74.021188,40.708274,-74.021851,55,5
RIDE_001957,SCOOT_0323,USER_00328,06/12/2026 6:43 PM,1781290685,40.6930° N,-74.0675,40.692442,-74.06526,46%,4
RIDE_001958,SCOOT_0187,USER_01075,1782659390,1782661430,40.715368,-74.007081,40.716021,-74.009555,85,4
RIDE_001959,SCOOT_0154,USER_00500,2026-06-16 0:09:59,1781570699,40.7033° N,74.0461° W,40.702442,-74.047142,28%,3
RIDE_001960,SCOOT_0306,USER_00359,2026-06-28 15:40:42,2026-06-28 16:21:42,40.7476° N,-73.976958,40.749617,-73.978143,47,1
RIDE_001961,SCOOT_0229,USER_00466,2026-06-18 9:47:56,2026-06-18 10:15:56,40.780259,-73.9564,40.777585,-73.956187,26%,4
RIDE_001962,SCOOT_0033,USER_00864,2026-06-30 17:50:28,06/30/2026 6:02 PM,40.6875,73.9945° W,40.693494,-73.995456,LOW,1
RIDE_001963,SCOOT_0095,USER_01152,06/05/2026 12:11 PM,1780663799,40.7652° N,73.9747° W,40.762203,-73.977239,44,
RIDE_001964,SCOOT_0385,USER_01007,1780572048,2026-06-04 11:36:48,40.707976,-74.009544,40.699426,-74.00791,87%,2
RIDE_001965,SCOOT_0206,USER_00734,1781956933,1781957833,40.721017,-74.005409,40.716768,-74.007337,4,2
RIDE_001966,SCOOT_0187,USER_01016,06/06/2026 4:46 PM,1780765527,40.711,-74.0101,40.713545,-74.00764,89,
RIDE_001967,SCOOT_0300,USER_00476,06/08/2026 7:14 PM,06/08/2026 7:29 PM,40.738291,73.9631° W,40.742871,-73.957391,6,1
RIDE_001968,SCOOT_0070,USER_00971,06/11/2026 3:24 AM,06/11/2026 3:32 AM,40.7465° N,-74.06254,40.754977,-74.063602,5,4
RIDE_001969,SCOOT_0192,USER_00867,2026-06-06 19:47:59,2026-06-06 19:56:59,40.718751,-73.9287,40.717005,-73.927461,86,4
RIDE_001970,SCOOT_0008,USER_01207,2026-06-24 6:04:20,1782282860,40.70752,-74.006955,40.711376,-74.007126,84,2
RIDE_001971,SCOOT_0382,USER_01012,06/20/2026 2:09 AM,06/20/2026 2:39 AM,40.760832,-73.976,40.764344,-73.980961,N/A,4
RIDE_001972,SCOOT_0226,USER_00467,2026-06-02 11:18:52,06/02/2026 11:42 AM,40.7151° N,-74.007073,40.715638,-74.003893,87,4
RIDE_001973,SCOOT_0047,USER_01347,2026-06-22 3:38:21,2026-06-22 3:52:21,40.7067° N,-73.9555,40.70091,-73.9571,5,3
RIDE_001974,SCOOT_0055,USER_00505,06/10/2026 11:40 PM,1781135544,40.718122,-74.006482,40.714101,-74.007939,19,2
RIDE_001975,SCOOT_0384,USER_00585,06/09/2026 4:49 AM,06/09/2026 5:22 AM,40.706849,74.0105° W,40.708015,-74.014022,43,1
RIDE_001976,SCOOT_0020,USER_01405,1782033916,2026-06-21 9:40:16,40.771153,-73.969422,40.771409,-73.970258,29%,1
RIDE_001977,SCOOT_0310,USER_00260,06/21/2026 5:42 AM,1782023249,40.798557,-73.955537,40.799562,-73.953842,75,2
RIDE_001978,SCOOT_0258,USER_01002,1781353329,06/13/2026 12:29 PM,40.7264,-73.924356,40.725345,-73.924349,96%,
RIDE_001979,SCOOT_0399,USER_00992,06/08/2026 10:31 PM,2026-06-08 22:43:14,40.7117° N,-74.007829,40.709634,-74.006426,28,4
RIDE_001980,SCOOT_0192,USER_00403,06/04/2026 12:58 AM,06/04/2026 1:23 AM,40.718042,74.0013° W,40.714273,-73.997448,77,1
RIDE_001981,SCOOT_0285,USER_01256,2026-06-02 9:15:31,1780392931,40.711527,74.0036° W,40.708809,-74.003171,67,4
RIDE_001982,SCOOT_0005,USER_01239,2026-06-02 7:45:24,2026-06-02 8:07:24,40.754674,74.0154° W,40.756499,-74.011354,84,3
RIDE_001983,SCOOT_0023,USER_00155,1782372563,2026-06-25 7:49:23,40.779607,73.9440° W,40.779038,-73.941448,55,1
RIDE_001984,SCOOT_0280,USER_00636,2026-06-29 8:52:07,2026-06-29 9:30:07,40.7387° N,-73.922824,40.743215,-73.923678,49,
RIDE_001985,SCOOT_0386,USER_01377,06/06/2026 5:25 AM,06/06/2026 5:28 AM,40.704912,-74.004848,40.70058,-74.003513,71,1
RIDE_001986,SCOOT_0126,USER_00780,2026-06-13 19:02:26,1781377946,40.714331,74.0276° W,40.717694,-74.025211,12%,4
RIDE_001987,SCOOT_0358,USER_01469,1781915255,06/20/2026 12:59 AM,40.720016,-73.987823,40.71577,-73.984889,46,three
RIDE_001988,SCOOT_0165,USER_00214,2026-06-04 1:50:00,2026-06-04 2:23:00,40.7777° N,-73.999,40.781749,-73.992697,84,5
RIDE_001989,SCOOT_0186,USER_00532,06/06/2026 7:53 AM,1780734322,40.7126,73.9974° W,40.712909,-73.998505,34,3
RIDE_001990,SCOOT_0225,USER_00914,06/30/2026 1:13 PM,06/30/2026 1:42 PM,40.700191,-73.973258,40.69785,-73.971053,55,2
RIDE_001991,SCOOT_0279,USER_00449,1782274447,2026-06-24 4:49:07,40.701617,-74.015206,40.704707,-74.016346,98%,4
RIDE_001992,SCOOT_0112,USER_01408,2026-06-01 13:33:12,06/01/2026 1:59 PM,40.775,-73.948544,40.779796,-73.94661,6,2
RIDE_001993,SCOOT_0152,USER_01393,2026-06-21 10:30:39,2026-06-21 11:15:39,40.710181,-74.008042,40.710421,-74.00708,27,1
RIDE_001994,SCOOT_0273,USER_00864,1780540587,2026-06-04 3:08:27,40.7382° N,-73.971039,40.738499,-73.976186,30,2
RIDE_001995,SCOOT_0194,USER_01129,06/07/2026 3:08 PM,06/07/2026 3:27 PM,40.6706,-74.054583,40.670403,-74.048915,62,2
RIDE_001996,SCOOT_0392,USER_00706,06/18/2026 8:25 AM,06/18/2026 8:28 AM,40.7138° N,74.0094° W,40.714415,-74.010419,30,1
RIDE_001997,SCOOT_0136,USER_00103,2026-06-19 6:35:40,06/19/2026 6:47 AM,40.706995,-73.976389,40.710623,-73.976462,29,1
RIDE_001998,SCOOT_0275,USER_00234,06/13/2026 5:17 AM,2026-06-13 5:57:05,40.719356,-74.002368,40.717234,-73.995738,25,
RIDE_001999,SCOOT_0245,USER_00584,2026-06-15 21:14:25,06/15/2026 9:42 PM,40.7896° N,73.9879° W,40.794599,-73.981669,84%,5
RIDE_002000,SCOOT_0214,USER_00729,2026-06-19 22:21:57,1781909577,40.747739,-73.995773,40.747222,-73.993629,70,3
RIDE_002001,SCOOT_0209,USER_00499,1781666841,1781669121,40.783557,-73.97409,40.783862,-73.969596,88,3
RIDE_002002,SCOOT_0053,USER_00858,06/04/2026 2:51 PM,1780585568,40.706543,-73.985382,40.705679,-73.984089,96,4
RIDE_002003,SCOOT_0300,USER_00110,1781953588,06/20/2026 11:47 AM,40.780829,-73.9723,40.779697,-73.968282,89,5
RIDE_002004,SCOOT_0059,USER_00797,1781378320,06/13/2026 7:31 PM,40.743341,-74.000305,40.749704,-73.997371,N/A,2
RIDE_002005,SCOOT_0029,USER_00497,2026-06-08 7:04:49,06/08/2026 7:33 AM,40.682898,-73.946505,40.677462,-73.949357,6,5
RIDE_002006,SCOOT_0281,USER_00254,2026-06-16 5:56:49,06/16/2026 6:37 AM,40.700246,-74.006548,40.69682,-74.006368,31%,5
RIDE_002007,SCOOT_0036,USER_01230,06/05/2026 5:32 PM,2026-06-05 17:52:34,40.6981,73.9335° W,40.696853,-73.929036,14,3
RIDE_002008,SCOOT_0361,USER_00374,06/23/2026 6:42 AM,1782198330,40.7862,-73.9698,40.785247,-73.963837,54,1
RIDE_002009,SCOOT_0129,USER_00652,1782197424,06/23/2026 7:18 AM,40.7269° N,-74.013571,40.726688,-74.006809,27,5
RIDE_002010,SCOOT_0397,USER_01274,1780889096,06/08/2026 3:47 AM,40.711991,74.0067° W,40.707665,-74.003895,52,3
RIDE_002011,SCOOT_0384,USER_01252,06/02/2026 11:41 PM,1780446077,40.708264,-74.028718,40.706376,-74.030839,94,
RIDE_002012,SCOOT_0319,USER_00964,2026-06-20 6:24:07,1781937187,40.7047,-73.933523,40.701496,-73.937055,9,2
RIDE_002013,SCOOT_0331,USER_00350,1780846602,2026-06-07 16:07:42,40.7111° N,74.0080° W,40.709491,-74.006557,low,2
RIDE_002014,SCOOT_0223,USER_00641,1782294638,1782295178,40.750481,-73.9738,40.75103,-73.976738,32,2
RIDE_002015,SCOOT_0081,USER_01420,06/10/2026 12:31 AM,2026-06-10 0:40:29,40.760106,-73.982488,40.755596,-73.979501,N/A,1
RIDE_002016,SCOOT_0337,USER_00134,06/09/2026 8:54 AM,06/09/2026 9:20 AM,40.709274,-74.0056,40.712768,-74.002862,86,4
RIDE_002017,SCOOT_0240,USER_00080,1781190595,2026-06-11 15:29:55,40.712937,-74.00745,40.71578,-74.005426,80%,2
RIDE_002018,SCOOT_0342,USER_00145,1781176769,1781179349,40.7103° N,74.0092° W,40.704109,-74.008717,23,1
RIDE_002019,SCOOT_0246,USER_00783,2026-06-01 23:24:39,2026-06-01 23:39:39,40.7125° N,74.0015° W,40.713546,-73.997453,82,2
RIDE_002020,SCOOT_0034,USER_01281,06/23/2026 1:53 PM,1782224617,40.6922° N,-73.986037,40.690566,-73.983704,12,1
RIDE_002021,SCOOT_0002,USER_00776,1782589410,1782590310,40.7192° N,-73.980997,40.713271,-73.981799,81,3
RIDE_002022,SCOOT_0190,USER_00210,06/14/2026 6:28 AM,2026-06-14 7:03:08,40.698007,-74.054919,40.694856,-74.052381,31%,4
RIDE_002023,SCOOT_0091,USER_00786,2026-06-24 19:10:50,2026-06-24 19:37:50,40.698431,-73.9978,40.698556,-73.989881,23,5
RIDE_002024,SCOOT_0325,USER_01072,2026-06-20 4:51:44,2026-06-20 5:29:44,40.717414,-74.0013,40.718721,-74.00085,45%,5
RIDE_002025,SCOOT_0166,USER_01231,1782513456,1782515016,40.735178,-73.98478,40.733737,-73.990404,ERROR,2
RIDE_002026,SCOOT_0141,USER_00280,2026-06-04 17:07:26,2026-06-04 17:35:26,40.70817,-74.013923,40.708055,-74.011467,76,3
RIDE_002027,SCOOT_0231,USER_01207,2026-06-18 18:31:10,2026-06-18 19:03:10,40.7172° N,74.0043° W,40.714337,-74.010137,67%,4
RIDE_002028,SCOOT_0134,USER_01273,2026-06-18 22:15:23,1781823323,40.705773,-74.0111,40.703106,-74.011555,56%,1
RIDE_002029,SCOOT_0246,USER_00735,1781492352,1781492832,40.708743,-74.0046,40.708047,-74.004612,58%,2
RIDE_002030,SCOOT_0134,USER_01153,2026-06-14 15:44:00,06/14/2026 4:07 PM,40.717361,-74.0107,40.718617,-74.010763,50%,3
RIDE_002031,SCOOT_0166,USER_00035,2026-06-29 6:34:44,1782715844,40.7115° N,74.0025° W,40.714103,-74.005298,67,3
RIDE_002032,SCOOT_0288,USER_00891,1782043925,2026-06-21 12:41:05,40.696857,-73.982376,40.696038,-73.980621,96,2
RIDE_002033,SCOOT_0166,USER_01446,1780506617,2026-06-03 17:47:17,40.767,-73.9409,40.762433,-73.941316,88,5
RIDE_002034,SCOOT_0389,USER_00834,06/16/2026 3:34 PM,1781624916,40.6710° N,74.0324° W,40.666178,-74.031379,83,2
RIDE_002035,SCOOT_0225,USER_01125,2026-06-28 20:21:46,06/28/2026 8:27 PM,40.717999,-73.9499,40.71366,-73.951278,11,2
RIDE_002036,SCOOT_0363,USER_01003,1781876662,06/19/2026 2:25 PM,40.717138,74.0061° W,40.719021,-74.001107,65%,2
RIDE_002037,SCOOT_0130,USER_00623,06/15/2026 12:45 PM,1781529671,40.713855,-74.008235,40.715257,-74.009868,25,2
RIDE_002038,SCOOT_0101,USER_00456,06/22/2026 10:14 AM,1782124225,40.679112,74.0749° W,40.68189,-74.076056,14,2
RIDE_002039,SCOOT_0237,USER_00946,1781280038,1781281778,40.713528,-74.0101,40.714836,-74.01243,58,3
RIDE_002040,SCOOT_0310,USER_01001,06/29/2026 3:34 PM,1782748139,40.709966,-73.988443,40.712338,-73.98851,79,5
RIDE_002041,SCOOT_0182,USER_00390,06/27/2026 6:03 PM,1782584538,40.7260° N,-73.9177,40.731275,-73.915576,92,5
RIDE_002042,SCOOT_0077,USER_00047,1781541853,1781542993,40.733336,-73.987972,40.731706,-73.98418,37%,
RIDE_002043,SCOOT_0031,USER_01274,2026-06-28 17:28:36,06/28/2026 5:57 PM,40.76325,-74.001183,40.761838,-73.99782,61,2
RIDE_002044,SCOOT_0382,USER_00595,06/19/2026 2:07 AM,2026-06-19 2:12:06,40.780402,-73.955133,40.782673,-73.955891,93,2
RIDE_002045,SCOOT_0211,USER_00881,1782293723,1782295163,40.6998° N,-74.004811,40.699828,-74.004391,24,2
RIDE_002046,SCOOT_0300,USER_01364,2026-06-02 22:59:05,2026-06-02 23:44:05,40.7495,74.0122° W,40.75115,-74.010329,95,3
RIDE_002047,SCOOT_0053,USER_01399,1781277635,06/12/2026 3:27 PM,40.7155° N,74.0022° W,40.717342,-74.003444,11,
RIDE_002048,SCOOT_0048,USER_01046,1782732917,1782735017,40.712517,-74.005636,40.71284,-74.002641,40,4
RIDE_002049,SCOOT_0363,USER_01258,2026-06-21 23:35:22,06/22/2026 12:04 AM,40.7613° N,-73.944153,40.767893,-73.943914,50%,2
RIDE_002050,SCOOT_0355,USER_00475,06/01/2026 1:34 PM,06/01/2026 1:45 PM,40.697453,-74.001053,40.695832,-74.003457,36%,2
RIDE_002051,SCOOT_0090,USER_00319,06/01/2026 6:34 AM,2026-06-01 7:13:15,40.775131,-73.980133,40.776968,-73.984811,31,4
RIDE_002052,SCOOT_0283,USER_01210,2026-06-03 9:13:30,2026-06-03 9:19:30,40.708489,-74.004627,40.710358,-74.002703,58,2
RIDE_002053,SCOOT_0145,USER_00212,2026-06-27 3:17:14,2026-06-27 3:36:14,40.733159,-73.987565,40.731639,-73.986846,25,3
RIDE_002054,SCOOT_0212,USER_00636,06/01/2026 6:03 AM,1780294841,40.8128,-74.012149,40.812147,-74.016147,90%,4
RIDE_002055,SCOOT_0101,USER_00548,2026-06-30 18:05:29,1782844709,40.7062,-74.002132,40.707825,-74.000784,2%,three
RIDE_002056,SCOOT_0282,USER_01234,06/29/2026 3:14 PM,1782747421,40.7764,73.9951° W,40.775123,-73.988537,22,4
RIDE_002057,SCOOT_0193,USER_00677,1781181053,06/11/2026 1:12 PM,40.7435° N,73.9710° W,40.743488,-73.976542,low,5
RIDE_002058,SCOOT_0391,USER_01172,06/12/2026 6:53 PM,06/12/2026 7:03 PM,40.704621,-74.008316,40.70779,-74.005951,76,5
RIDE_002059,SCOOT_0160,USER_00322,1780516592,2026-06-03 20:01:32,40.748882,-73.954941,40.753729,-73.957836,91,2
RIDE_002060,SCOOT_0242,USER_00396,1780610926,1780612486,40.7349,73.9354° W,40.734335,-73.931391,9,2
RIDE_002061,SCOOT_0165,USER_00458,06/10/2026 3:18 AM,2026-06-10 3:26:05,40.70998,-74.0114,40.71004,-74.012598,26,1
RIDE_002062,SCOOT_0185,USER_01258,2026-06-02 6:54:38,06/02/2026 7:00 AM,40.756748,74.0310° W,40.75552,-74.034138,79,4
RIDE_002063,SCOOT_0062,USER_01144,06/18/2026 11:02 AM,1781783225,40.7238° N,-73.998104,40.724139,-73.993822,42,3
RIDE_002064,SCOOT_0317,USER_00211,06/24/2026 6:41 AM,06/24/2026 7:22 AM,40.7352,-74.001418,40.734264,-74.000612,54,1
RIDE_002065,SCOOT_0082,USER_01361,1780326965,06/01/2026 3:25 PM,40.6957° N,-73.974433,40.69516,-73.974692,90,2
RIDE_002066,SCOOT_0088,USER_01332,06/09/2026 4:52 AM,06/09/2026 5:02 AM,40.668484,74.0099° W,40.670993,-74.013112,64%,4
RIDE_002067,SCOOT_0002,USER_00023,1782481942,2026-06-26 14:34:22,40.691086,-73.992946,40.686656,-73.989772,91%,
RIDE_002068,SCOOT_0026,USER_01441,1781296941,06/12/2026 8:59 PM,40.7107,74.0076° W,40.7073,-74.00642,98,2
RIDE_002069,SCOOT_0098,USER_01140,1780811096,06/07/2026 5:56 AM,40.7226,-74.002874,40.720047,-73.999467,64,3
RIDE_002070,SCOOT_0362,USER_00302,2026-06-15 4:26:43,2026-06-15 4:38:43,40.7517° N,-73.95801,40.754086,-73.96684,66%,1
RIDE_002071,SCOOT_0184,USER_00616,1782860405,2026-06-30 23:36:05,40.7088° N,-74.002222,40.709239,-74.005294,low,4
RIDE_002072,SCOOT_0259,USER_00677,1782753735,06/29/2026 5:41 PM,40.693428,74.0469° W,40.693163,-74.040293,11,5
RIDE_002073,SCOOT_0272,USER_01042,2026-06-14 14:16:38,06/14/2026 2:35 PM,40.7160° N,-73.997238,40.718667,-73.994156,29,4
RIDE_002074,SCOOT_0214,USER_01326,06/30/2026 6:35 PM,1782846365,40.7456,74.0013° W,40.74502,-73.998157,10,1
RIDE_002075,SCOOT_0142,USER_01363,2026-06-05 5:01:34,2026-06-05 5:41:34,40.7186° N,-74.00792,40.716451,-74.007503,36,5
RIDE_002076,SCOOT_0301,USER_00661,2026-06-25 16:16:57,06/25/2026 4:24 PM,40.71713,-73.972038,40.712857,-73.966303,33%,5
RIDE_002077,SCOOT_0186,USER_00478,1782291429,2026-06-24 9:35:09,40.710235,74.0071° W,40.707527,-73.998965,59,1
RIDE_002078,SCOOT_0065,USER_01347,06/10/2026 4:02 PM,2026-06-10 16:13:17,40.7053° N,-74.00502,40.707933,-74.002712,73%,2
RIDE_002079,SCOOT_0195,USER_01411,06/24/2026 2:20 PM,1782312861,40.7120° N,-74.002638,40.709573,-74.004116,96%,3
RIDE_002080,SCOOT_0001,USER_00227,1782105962,1782108362,40.721196,-74.004079,40.726619,-73.999155,68,5
RIDE_002081,SCOOT_0249,USER_00839,2026-06-17 7:56:57,06/17/2026 8:08 AM,40.713063,-73.999348,40.712583,-74.000079,39,4
RIDE_002082,SCOOT_0244,USER_00686,1782064908,2026-06-21 18:36:48,40.713,-74.0065,40.71238,-74.003069,N/A,5
RIDE_002083,SCOOT_0258,USER_01434,2026-06-05 2:53:20,1780629020,40.713401,-74.00315,40.716495,-74.001986,43,2
RIDE_002084,SCOOT_0220,USER_00909,1781977634,2026-06-20 18:07:14,40.7637° N,73.9983° W,40.764141,-73.998771,68,2
RIDE_002085,SCOOT_0393,USER_00734,06/11/2026 4:22 AM,06/11/2026 5:06 AM,40.71315,-74.006064,40.7209,-74.010055,46%,1
RIDE_002086,SCOOT_0290,USER_00424,2026-06-25 23:20:59,06/25/2026 11:50 PM,40.70484,-74.00467,40.703711,-74.003722,LOW,1
RIDE_002087,SCOOT_0089,USER_00576,2026-06-12 18:21:41,1781289341,40.7151,-74.000864,40.710614,-74.002534,74%,2
RIDE_002088,SCOOT_0291,USER_01288,06/05/2026 4:35 AM,1780636308,40.714515,74.0029° W,40.721095,-74.000051,49,1
RIDE_002089,SCOOT_0284,USER_00011,1781687697,1781689497,40.7473,-74.0035,40.745571,-74.005287,27,3
RIDE_002090,SCOOT_0214,USER_00033,06/03/2026 12:08 PM,1780489551,40.743705,-73.9301,40.739734,-73.931368,45,3
RIDE_002091,SCOOT_0254,USER_00279,06/12/2026 8:55 AM,06/12/2026 9:35 AM,40.71631,-74.0046,40.718016,-74.003445,ERROR,2
RIDE_002092,SCOOT_0179,USER_00838,1780440860,1780442300,40.738629,74.0041° W,40.737471,-74.006826,89,5
RIDE_002093,SCOOT_0286,USER_00504,1781563721,2026-06-15 23:00:41,40.766392,-74.0264,40.765839,-74.027032,42,2
RIDE_002094,SCOOT_0329,USER_01049,06/28/2026 12:42 AM,2026-06-28 1:16:50,40.734111,-73.996165,40.73654,-73.995473,78,4
RIDE_002095,SCOOT_0357,USER_01167,06/09/2026 10:30 AM,1781002703,40.713207,-74.004775,40.713485,-74.001046,86,5
RIDE_002096,SCOOT_0400,USER_00339,06/04/2026 10:06 PM,06/04/2026 10:41 PM,40.713294,74.0118° W,40.718184,-74.010722,13,5
RIDE_002097,SCOOT_0244,USER_00558,06/11/2026 7:30 AM,2026-06-11 7:39:01,40.6774° N,74.0696° W,40.678603,-74.06992,83,5
RIDE_002098,SCOOT_0327,USER_00627,1781539919,06/15/2026 4:41 PM,40.719097,-74.007384,40.716584,-74.004696,93,2
RIDE_002099,SCOOT_0394,USER_01255,2026-06-08 15:43:31,1780935631,40.8016,-73.967827,40.803635,-73.96794,1,3
RIDE_002100,SCOOT_0064,USER_00683,2026-06-28 1:57:27,2026-06-28 2:31:27,40.735277,73.9119° W,40.737153,-73.912408,7,1
RIDE_002101,SCOOT_0248,USER_00274,1782033064,06/21/2026 9:43 AM,40.757647,73.9825° W,40.763803,-73.987615,85,5
RIDE_002102,SCOOT_0274,USER_00674,2026-06-06 12:49:49,2026-06-06 13:15:49,40.736358,-73.968818,40.735919,-73.965799,ERROR,4
RIDE_002103,SCOOT_0177,USER_00996,06/29/2026 11:37 PM,2026-06-30 0:03:06,40.6793,-73.982785,40.677609,-73.981899,N/A,5
RIDE_002104,SCOOT_0322,USER_01312,1782337555,2026-06-24 22:07:55,40.760105,-73.975741,40.758455,-73.977271,68,3
RIDE_002105,SCOOT_0053,USER_00516,2026-06-04 7:02:31,1780558291,40.7139° N,74.0022° W,40.712154,-74.004831,39,
RIDE_002106,SCOOT_0064,USER_01139,2026-06-13 21:35:12,1781388372,40.7703° N,-73.98615,40.772761,-73.988867,89,3
RIDE_002107,SCOOT_0237,USER_00053,2026-06-12 11:37:36,1781266596,40.705682,-74.008132,40.703383,-74.008368,52%,
RIDE_002108,SCOOT_0197,USER_00943,2026-06-07 22:09:15,06/07/2026 10:36 PM,40.7103° N,74.0030° W,40.709388,-74.002585,14,1
RIDE_002109,SCOOT_0057,USER_00748,06/19/2026 11:31 PM,1781913099,40.786253,-73.967301,40.78618,-73.965769,13,2
RIDE_002110,SCOOT_0345,USER_00730,06/19/2026 8:36 AM,06/19/2026 9:21 AM,40.684587,-73.96,40.683877,-73.963946,63,3
RIDE_002111,SCOOT_0055,USER_00398,2026-06-23 19:11:39,2026-06-23 19:52:39,40.786861,-73.988224,40.788857,-73.981595,28,3
RIDE_002112,SCOOT_0345,USER_00461,2026-06-20 0:15:57,06/20/2026 12:22 AM,40.7097,-74.004671,40.704387,-74.003309,79%,4
RIDE_002113,SCOOT_0027,USER_00935,1781198886,2026-06-11 18:07:06,40.7403,-73.997997,40.736982,-73.9958,86,
RIDE_002114,SCOOT_0122,USER_01494,1782116327,06/22/2026 8:44 AM,40.726246,-74.0083,40.723653,-74.003564,44,4
RIDE_002115,SCOOT_0065,USER_01377,2026-06-16 21:31:42,06/16/2026 9:50 PM,40.7430° N,-74.028741,40.744367,-74.032055,LOW,
RIDE_002116,SCOOT_0291,USER_00301,06/05/2026 7:08 AM,2026-06-05 7:21:26,40.7168,-74.0075,40.718566,-74.00332,14,5
RIDE_002117,SCOOT_0093,USER_00768,1782562066,1782564586,40.681923,-74.020119,40.681696,-74.015506,49%,2
RIDE_002118,SCOOT_0044,USER_00438,2026-06-22 11:32:33,06/22/2026 11:52 AM,40.7102° N,74.0084° W,40.711601,-74.01011,98%,3
RIDE_002119,SCOOT_0228,USER_01480,1781367801,2026-06-13 16:38:21,40.751451,-74.0167,40.758094,-74.020774,13%,2
RIDE_002120,SCOOT_0134,USER_01356,1781462438,2026-06-14 19:02:38,40.742465,-73.96865,40.748203,-73.972624,18,1
RIDE_002121,SCOOT_0101,USER_00004,2026-06-17 8:52:39,2026-06-17 9:07:39,40.720735,-74.002971,40.721986,-74.005925,27,1
RIDE_002122,SCOOT_0122,USER_00953,1781717535,2026-06-17 18:00:15,40.7945° N,-73.9857,40.798323,-73.988583,62%,5
RIDE_002123,SCOOT_0145,USER_01118,06/13/2026 5:15 AM,06/13/2026 5:56 AM,40.7123° N,-74.008221,40.709385,-74.005997,13,1
RIDE_002124,SCOOT_0336,USER_00673,2026-06-17 18:47:32,06/17/2026 7:15 PM,40.6999° N,-74.02032,40.69457,-74.017127,86,3
RIDE_002125,SCOOT_0350,USER_00042,2026-06-26 14:35:08,06/26/2026 2:54 PM,40.833209,-73.980233,40.838894,-73.981022,88%,5
RIDE_002126,SCOOT_0362,USER_01221,06/13/2026 9:06 AM,1781343930,40.70731,-74.007223,40.710455,-74.009737,44,1
RIDE_002127,SCOOT_0142,USER_00359,06/15/2026 1:55 AM,2026-06-15 2:05:57,40.749393,-73.965729,40.749402,-73.963975,60%,4
RIDE_002128,SCOOT_0072,USER_00357,2026-06-04 12:05:30,1780575810,40.7138° N,74.0041° W,40.712454,-74.003386,22,1
RIDE_002129,SCOOT_0280,USER_00473,06/04/2026 3:25 PM,06/04/2026 4:04 PM,40.729853,-73.959931,40.72795,-73.956545,78,3
RIDE_002130,SCOOT_0160,USER_00693,1782411592,06/25/2026 6:41 PM,40.711866,-74.005192,40.710381,-74.00824,42,4
RIDE_002131,SCOOT_0126,USER_00388,2026-06-30 9:14:15,1782812475,40.7265° N,-73.998706,40.725533,-73.998071,LOW,5
RIDE_002132,SCOOT_0233,USER_00205,1780519688,06/03/2026 9:12 PM,40.716842,74.0078° W,40.714196,-74.012111,N/A,5
RIDE_002133,SCOOT_0130,USER_01431,2026-06-16 17:56:51,06/16/2026 6:04 PM,40.758001,-73.958,40.7618,-73.955906,39,
RIDE_002134,SCOOT_0198,USER_01145,06/13/2026 12:10 AM,06/13/2026 12:34 AM,40.715354,73.9992° W,40.71635,-73.997271,42%,4
RIDE_002135,SCOOT_0367,USER_00932,06/09/2026 4:11 AM,1780980593,40.699684,-74.036041,40.697633,-74.036068,29,5
RIDE_002136,SCOOT_0171,USER_01024,06/22/2026 11:07 PM,06/22/2026 11:52 PM,40.759216,-73.946974,40.75946,-73.943438,75,4
RIDE_002137,SCOOT_0372,USER_00445,2026-06-29 9:36:46,06/29/2026 10:00 AM,40.7111,-74.0072,40.707073,-74.009474,90%,4
RIDE_002138,SCOOT_0185,USER_01188,06/27/2026 4:15 AM,2026-06-27 4:52:44,40.714908,-74.00597,40.717737,-74.005426,59,5
RIDE_002139,SCOOT_0215,USER_00700,2026-06-23 10:52:56,2026-06-23 11:25:56,40.751,73.9425° W,40.750669,-73.939045,58,3
RIDE_002140,SCOOT_0105,USER_01188,2026-06-15 5:27:22,06/15/2026 6:02 AM,40.7751° N,-73.957008,40.77786,-73.956383,88,
RIDE_002141,SCOOT_0094,USER_01332,1780351803,06/01/2026 10:45 PM,40.703382,-74.005927,40.707073,-74.004345,49,5
RIDE_002142,SCOOT_0225,USER_01221,2026-06-23 14:50:41,06/23/2026 2:57 PM,40.714583,-74.012889,40.712422,-74.011655,57,4
RIDE_002143,SCOOT_0036,USER_01373,06/12/2026 5:03 PM,1781284092,40.738808,-73.910907,40.738373,-73.909689,76,4
RIDE_002144,SCOOT_0148,USER_00414,1782443193,2026-06-26 3:12:33,40.7309° N,-73.954939,40.72416,-73.953646,5,2
RIDE_002145,SCOOT_0206,USER_01451,2026-06-06 8:26:26,2026-06-06 8:41:26,40.7341° N,-73.9476,40.729221,-73.945674,49,
RIDE_002146,SCOOT_0201,USER_00662,1782694808,1782696428,40.683882,74.0334° W,40.689474,-74.039787,25%,5
RIDE_002147,SCOOT_0130,USER_01088,2026-06-25 5:07:05,06/25/2026 5:48 AM,40.710002,-74.0068,40.714366,-74.011747,49,3
RIDE_002148,SCOOT_0006,USER_00525,06/29/2026 8:13 PM,1782765474,40.720543,-74.005457,40.720255,-74.006051,97%,5
RIDE_002149,SCOOT_0171,USER_00062,06/06/2026 1:11 PM,2026-06-06 13:36:02,40.704075,-73.985038,40.700869,-73.984001,39,3
RIDE_002150,SCOOT_0039,USER_00985,06/16/2026 8:17 PM,2026-06-16 20:47:04,40.775416,-73.986443,40.783174,-73.985186,17%,2
RIDE_002151,SCOOT_0290,USER_01075,06/02/2026 3:23 AM,1780373113,40.7737,-73.9548,40.769401,-73.949588,85,2
RIDE_002152,SCOOT_0089,USER_01181,06/25/2026 5:37 PM,1782409823,40.6987° N,-73.983375,40.697344,-73.98163,40,4
RIDE_002153,SCOOT_0242,USER_00010,06/27/2026 4:07 AM,2026-06-27 4:40:04,40.704874,-73.991336,40.704838,-73.99427,70,1
RIDE_002154,SCOOT_0043,USER_01482,06/01/2026 11:48 AM,2026-06-01 11:56:11,40.6829° N,-73.99147,40.684936,-73.986716,88,1
RIDE_002155,SCOOT_0138,USER_00832,1782755307,2026-06-29 18:14:27,40.70964,-74.003229,40.708789,-73.999657,90,
RIDE_002156,SCOOT_0027,USER_00471,1781412450,1781414370,40.716888,-74.005155,40.715869,-74.002272,58%,2
RIDE_002157,SCOOT_0073,USER_00488,2026-06-28 14:29:58,06/28/2026 2:35 PM,40.7743,-73.991289,40.770355,-73.992154,48,4
RIDE_002158,SCOOT_0118,USER_00276,1782245596,2026-06-23 20:29:16,40.718862,-74.001414,40.715525,-74.004917,58,2
RIDE_002159,SCOOT_0290,USER_00886,06/13/2026 5:40 PM,06/13/2026 5:47 PM,40.7179° N,74.0105° W,40.719427,-74.012391,13,1
RIDE_002160,SCOOT_0065,USER_00488,06/16/2026 10:11 PM,06/16/2026 10:44 PM,40.7807° N,-74.001108,40.784171,-74.000554,20,3
RIDE_002161,SCOOT_0176,USER_01097,1780896381,06/08/2026 6:05 AM,40.7534,74.0251° W,40.746835,-74.025768,65%,1
RIDE_002162,SCOOT_0172,USER_00942,06/21/2026 1:32 PM,2026-06-21 13:55:32,40.7629° N,-74.008004,40.759672,-74.00632,22,4
RIDE_002163,SCOOT_0280,USER_00487,06/10/2026 4:01 AM,06/10/2026 4:23 AM,40.700457,-74.047255,40.702798,-74.050777,45,5
RIDE_002164,SCOOT_0363,USER_00945,06/23/2026 2:33 AM,1782182826,40.7114° N,-73.999408,40.711581,-73.99903,98,4
RIDE_002165,SCOOT_0310,USER_00771,06/16/2026 6:15 AM,2026-06-16 6:34:24,40.722,-74.0116,40.724413,-74.006605,60%,2
RIDE_002166,SCOOT_0081,USER_01257,06/12/2026 5:21 PM,1781285462,40.711501,-74.0026,40.708555,-74.004622,83,
RIDE_002167,SCOOT_0321,USER_00063,2026-06-30 20:48:08,06/30/2026 8:54 PM,40.738299,-73.919229,40.741662,-73.91452,75,1
RIDE_002168,SCOOT_0196,USER_01423,06/24/2026 1:48 AM,06/24/2026 2:27 AM,40.71253,-74.001226,40.711503,-73.998519,37,4
RIDE_002169,SCOOT_0323,USER_00121,06/25/2026 5:02 AM,1782364403,40.71363,74.0042° W,40.7149,-74.009031,77,3
RIDE_002170,SCOOT_0133,USER_01007,2026-06-30 3:39:00,1782792180,40.708304,-74.00559,40.703242,-74.003096,51,1
RIDE_002171,SCOOT_0313,USER_01081,1782647825,06/28/2026 12:26 PM,40.765831,-73.979157,40.762468,-73.975016,29%,3
RIDE_002172,SCOOT_0351,USER_00851,2026-06-24 9:56:09,06/24/2026 10:27 AM,40.753544,74.0031° W,40.755076,-74.002453,98,4
RIDE_002173,SCOOT_0239,USER_01493,1782840684,2026-06-30 18:04:24,40.7686° N,73.9879° W,40.768504,-73.985174,99,3
RIDE_002174,SCOOT_0154,USER_00929,2026-06-25 8:36:09,2026-06-25 9:04:09,40.7222° N,-74.0116,40.721871,-74.015142,82,
RIDE_002175,SCOOT_0366,USER_00582,2026-06-14 2:27:34,06/14/2026 3:11 AM,40.719168,74.0084° W,40.714838,-74.006436,34,1
RIDE_002176,SCOOT_0293,USER_00461,06/06/2026 11:20 PM,06/06/2026 11:38 PM,40.7198° N,74.0033° W,40.720392,-74.002118,57%,3
RIDE_002177,SCOOT_0090,USER_01052,06/20/2026 7:09 AM,2026-06-20 7:31:09,40.728797,-74.005484,40.728461,-74.006842,76,3
RIDE_002178,SCOOT_0142,USER_00698,2026-06-16 20:18:49,1781642149,40.7081,-74.007314,40.711452,-74.005614,3,2
RIDE_002179,SCOOT_0325,USER_01168,1780959253,06/08/2026 11:10 PM,40.715377,-74.005414,40.716947,-74.007816,61,1
RIDE_002180,SCOOT_0168,USER_00197,2026-06-18 13:37:41,2026-06-18 13:52:41,40.77691,-73.96736,40.777742,-73.966399,7,1
RIDE_002181,SCOOT_0140,USER_00312,1782522114,2026-06-27 1:35:54,40.7586,-73.985148,40.768107,-73.982428,35%,1
RIDE_002182,SCOOT_0262,USER_00073,2026-06-05 23:34:46,2026-06-05 23:56:46,40.7144° N,-74.013464,40.713009,-74.013857,12,1
RIDE_002183,SCOOT_0313,USER_00521,1781635747,1781636167,40.7365,-73.9728,40.731748,-73.974719,96,3
RIDE_002184,SCOOT_0222,USER_00473,2026-06-30 2:29:22,1782789082,40.7872,-73.975985,40.791677,-73.980433,16,4
RIDE_002185,SCOOT_0337,USER_00747,06/06/2026 6:44 PM,2026-06-06 19:27:53,40.6742° N,-74.014098,40.674566,-74.011444,10,5
RIDE_002186,SCOOT_0311,USER_01152,2026-06-29 15:44:58,1782748978,40.721005,-74.0088,40.720707,-74.009592,38,3
RIDE_002187,SCOOT_0259,USER_00087,06/22/2026 2:01 PM,06/22/2026 2:36 PM,40.667008,-74.015008,40.669651,-74.013386,55,
RIDE_002188,SCOOT_0249,USER_01052,2026-06-24 21:35:07,2026-06-24 21:40:07,40.7153° N,74.0075° W,40.713308,-74.003694,94,2
RIDE_002189,SCOOT_0268,USER_00234,06/17/2026 6:14 PM,2026-06-17 18:52:05,40.7108° N,-74.0048,40.711301,-74.000439,50%,5
RIDE_002190,SCOOT_0196,USER_00685,2026-06-14 18:30:18,1781463798,40.780828,-74.003505,40.777266,-74.001768,45%,5
RIDE_002191,SCOOT_0058,USER_01379,06/13/2026 8:16 PM,06/13/2026 8:53 PM,40.704813,-74.0179,40.70786,-74.017341,21%,5
RIDE_002192,SCOOT_0274,USER_00455,2026-06-22 10:34:21,2026-06-22 11:05:21,40.71301,-74.002881,40.711885,-73.998175,94,1
RIDE_002193,SCOOT_0281,USER_00419,1780410873,06/02/2026 3:15 PM,40.7331,-73.954861,40.737441,-73.958993,45%,5
RIDE_002194,SCOOT_0288,USER_00692,06/14/2026 4:48 PM,06/14/2026 4:56 PM,40.7114,-74.001431,40.714898,-74.001946,54,1
RIDE_002195,SCOOT_0128,USER_00184,2026-06-25 17:53:31,06/25/2026 6:02 PM,40.709861,74.0022° W,40.713412,-74.00567,52,3
RIDE_002196,SCOOT_0123,USER_00962,06/17/2026 1:46 AM,2026-06-17 2:29:38,40.7065° N,-73.930695,40.70841,-73.931592,45,2
RIDE_002197,SCOOT_0191,USER_00580,1782235297,2026-06-23 17:54:37,40.761986,73.9999° W,40.755642,-74.001174,21,1
RIDE_002198,SCOOT_0337,USER_00119,2026-06-18 17:29:38,2026-06-18 17:41:38,40.713053,-74.0071,40.709577,-74.01255,N/A,1
RIDE_002199,SCOOT_0206,USER_01293,1781174769,1781177169,40.7386° N,73.9500° W,40.742387,-73.946484,27%,4
RIDE_002200,SCOOT_0396,USER_01375,2026-06-15 8:37:31,2026-06-15 9:13:31,40.696482,-74.029074,40.697972,-74.027169,37,2
RIDE_002201,SCOOT_0055,USER_00897,2026-06-02 1:00:04,2026-06-02 1:04:04,40.697203,-74.0848,40.694603,-74.08487,ERROR,3
RIDE_002202,SCOOT_0081,USER_00298,06/19/2026 8:37 PM,06/19/2026 9:21 PM,40.698944,-74.029154,40.699377,-74.028162,13,4
RIDE_002203,SCOOT_0196,USER_00959,2026-06-11 5:39:02,2026-06-11 6:10:02,40.707797,-73.995088,40.708736,-73.99489,37,
RIDE_002204,SCOOT_0396,USER_01039,06/15/2026 3:43 AM,06/15/2026 3:57 AM,40.7117° N,-74.0057,40.71318,-74.004872,67,2
RIDE_002205,SCOOT_0395,USER_00565,06/29/2026 12:26 AM,2026-06-29 0:50:09,40.714323,-74.000629,40.715119,-74.002576,75,three
RIDE_002206,SCOOT_0145,USER_00621,06/16/2026 11:06 PM,1781653735,40.716334,-74.011465,40.71309,-74.010457,79,5
RIDE_002207,SCOOT_0126,USER_00946,1781069954,2026-06-10 5:42:14,40.7149° N,-74.01098,40.713717,-74.012798,51,1
RIDE_002208,SCOOT_0348,USER_00780,2026-06-08 16:49:18,1780937778,40.7109,-74.0022,40.712973,-74.002283,LOW,4
RIDE_002209,SCOOT_0257,USER_01163,06/21/2026 9:22 PM,2026-06-21 21:32:40,40.7471° N,-74.012493,40.751341,-74.010717,34,1
RIDE_002210,SCOOT_0210,USER_01148,2026-06-27 4:31:11,2026-06-27 4:40:11,40.6864,-73.9736,40.686156,-73.974469,19%,4
RIDE_002211,SCOOT_0160,USER_00020,2026-06-18 7:41:51,2026-06-18 8:02:51,40.714541,-74.008966,40.71351,-74.008602,14,five star
RIDE_002212,SCOOT_0001,USER_01173,06/11/2026 3:07 AM,06/11/2026 3:24 AM,40.7108° N,-74.003324,40.716409,-74.005587,5,4
RIDE_002213,SCOOT_0182,USER_00799,06/24/2026 10:00 AM,2026-06-24 10:06:30,40.6728,-74.048835,40.672346,-74.050824,3,3
RIDE_002214,SCOOT_0014,USER_00456,1781004448,06/09/2026 12:00 PM,40.7136° N,-74.00547,40.708822,-74.010914,7,3
RIDE_002215,SCOOT_0363,USER_00469,06/07/2026 4:22 PM,06/07/2026 4:41 PM,40.714,-74.005458,40.712706,-74.01043,30%,1
RIDE_002216,SCOOT_0180,USER_00479,1781389392,06/13/2026 10:44 PM,40.714686,-74.000912,40.71552,-74.003455,29,4
RIDE_002217,SCOOT_0208,USER_01319,06/03/2026 11:30 PM,1780531739,40.712978,74.0115° W,40.716152,-74.011219,4,5
RIDE_002218,SCOOT_0205,USER_00951,2026-06-11 10:45:08,06/11/2026 11:14 AM,40.677437,-74.012013,40.678827,-74.013013,57,5
RIDE_002219,SCOOT_0208,USER_00219,06/20/2026 10:56 AM,06/20/2026 11:34 AM,40.711696,-74.010898,40.713396,-74.012843,9,2
RIDE_002220,SCOOT_0305,USER_00405,1780279019,06/01/2026 2:28 AM,40.7053,73.9931° W,40.708215,-73.994286,62,3
RIDE_002221,SCOOT_0316,USER_00049,2026-06-26 7:21:15,1782458775,40.79276,73.9769° W,40.793776,-73.977306,7,3
RIDE_002222,SCOOT_0341,USER_01356,2026-06-06 3:22:46,1780717366,40.712527,-74.0071,40.71162,-74.005461,36,2
RIDE_002223,SCOOT_0109,USER_01489,1781694119,1781696819,40.687383,-74.030318,40.684014,-74.024181,14%,1
RIDE_002224,SCOOT_0368,USER_00229,2026-06-08 13:06:51,1780925091,40.7590° N,-73.97961,40.755834,-73.97774,45%,4
RIDE_002225,SCOOT_0140,USER_01038,2026-06-24 22:20:02,1782341582,40.780769,73.9669° W,40.777839,-73.966436,55,2
RIDE_002226,SCOOT_0338,USER_00795,1781587953,1781588853,40.740423,-73.983312,40.742626,-73.987925,80%,4
RIDE_002227,SCOOT_0312,USER_00800,1781800206,1781802906,40.7151,-74.003262,40.71242,-74.005723,16,4
RIDE_002228,SCOOT_0199,USER_00280,06/15/2026 1:12 AM,06/15/2026 1:42 AM,40.711908,-74.004872,40.711449,-74.003571,78,five star
RIDE_002229,SCOOT_0274,USER_01422,06/11/2026 12:53 AM,2026-06-11 1:21:30,40.7358,73.9982° W,40.730614,-73.995677,52,5
RIDE_002230,SCOOT_0129,USER_01355,2026-06-20 16:18:21,1781972481,40.7195° N,-74.004429,40.71627,-74.004801,30,2
RIDE_002231,SCOOT_0013,USER_01273,06/05/2026 5:18 PM,1780680456,40.6837,-73.995943,40.679676,-73.996843,84,
RIDE_002232,SCOOT_0168,USER_00869,2026-06-30 6:19:18,2026-06-30 6:46:18,40.7283,-73.9832,40.727214,-73.982633,96%,
RIDE_002233,SCOOT_0045,USER_00474,2026-06-03 15:07:11,2026-06-03 15:14:11,40.783547,73.9909° W,40.785428,-73.991079,66%,
RIDE_002234,SCOOT_0208,USER_00980,06/01/2026 1:42 AM,2026-06-01 2:20:24,40.7108,-73.8904,40.712259,-73.890841,98%,5
RIDE_002235,SCOOT_0322,USER_00846,2026-06-05 7:09:34,2026-06-05 7:25:34,40.718461,73.9986° W,40.718025,-73.997591,ERROR,2
RIDE_002236,SCOOT_0110,USER_00168,06/28/2026 1:12 PM,2026-06-28 13:35:33,40.73824,-73.9884,40.737643,-73.987889,18,
RIDE_002237,SCOOT_0392,USER_00239,06/17/2026 2:28 PM,06/17/2026 2:49 PM,40.7141° N,74.0038° W,40.714844,-74.007393,20,3
RIDE_002238,SCOOT_0125,USER_00302,06/23/2026 10:51 PM,2026-06-23 23:21:25,40.6873° N,74.0197° W,40.686484,-74.016576,60,1
RIDE_002239,SCOOT_0233,USER_00209,06/08/2026 9:01 PM,2026-06-08 21:46:21,40.708148,-74.00743,40.711007,-74.008329,69,2
RIDE_002240,SCOOT_0213,USER_00527,06/06/2026 1:51 PM,06/06/2026 2:32 PM,40.7146° N,-74.006558,40.715412,-74.007244,24,5
RIDE_002241,SCOOT_0060,USER_00153,1781002689,1781004849,40.7155° N,-74.01218,40.714378,-74.011291,70%,1
RIDE_002242,SCOOT_0360,USER_00713,2026-06-10 8:06:11,06/10/2026 8:23 AM,40.714935,-74.000028,40.713762,-73.99559,11,3
RIDE_002243,SCOOT_0366,USER_01495,1781920912,06/20/2026 2:44 AM,40.6996,-73.979427,40.702072,-73.982167,LOW,1
RIDE_002244,SCOOT_0153,USER_00149,06/09/2026 2:12 PM,1781015420,40.7641,-73.986525,40.766018,-73.987195,19,5
RIDE_002245,SCOOT_0101,USER_01233,06/18/2026 12:14 AM,06/18/2026 12:28 AM,40.7553,-73.950218,40.754959,-73.947739,59,5
RIDE_002246,SCOOT_0038,USER_00132,1782565455,2026-06-27 13:38:15,40.7569,-73.9443,40.754858,-73.946109,58,1
RIDE_002247,SCOOT_0054,USER_00212,2026-06-16 7:53:06,1781598066,40.81359,-73.9801,40.818394,-73.977423,84,4
RIDE_002248,SCOOT_0381,USER_01041,1780751810,2026-06-06 13:54:50,40.712181,-74.013253,40.712123,-74.012948,51,1
RIDE_002249,SCOOT_0242,USER_01399,1782191956,06/23/2026 5:58 AM,40.712544,-74.012731,40.710489,-74.010328,low,1
RIDE_002250,SCOOT_0095,USER_00006,2026-06-23 18:59:40,06/23/2026 7:35 PM,40.7159° N,-74.0017,40.717358,-74.007534,38,2
RIDE_002251,SCOOT_0350,USER_01468,06/16/2026 4:52 AM,2026-06-16 4:55:08,40.712178,-74.010623,40.71157,-74.007683,87,
RIDE_002252,SCOOT_0364,USER_00040,06/06/2026 5:50 PM,2026-06-06 18:32:32,40.736703,73.9122° W,40.737728,-73.916133,43,
RIDE_002253,SCOOT_0354,USER_00098,2026-06-01 13:13:55,2026-06-01 13:21:55,40.702717,-74.005405,40.702075,-74.008336,55,2
RIDE_002254,SCOOT_0098,USER_01372,06/01/2026 7:38 AM,2026-06-01 8:07:19,40.705997,-74.008939,40.705414,-74.006941,30%,
RIDE_002255,SCOOT_0311,USER_00230,1780981857,2026-06-09 5:53:57,40.713555,-73.999568,40.710448,-73.996925,74,five star
RIDE_002256,SCOOT_0128,USER_00423,06/28/2026 3:07 PM,1782660946,40.712989,-74.003221,40.71168,-74.000006,94%,1
RIDE_002257,SCOOT_0352,USER_01120,1782604988,2026-06-28 0:22:08,40.713981,-74.008718,40.713945,-74.009436,75,1
RIDE_002258,SCOOT_0265,USER_00008,2026-06-10 10:33:50,06/10/2026 10:57 AM,40.767784,-74.009096,40.767696,-74.00791,53%,2
RIDE_002259,SCOOT_0051,USER_01497,06/19/2026 4:43 AM,2026-06-19 5:04:06,40.712932,74.0006° W,40.715254,-74.000635,79,4
RIDE_002260,SCOOT_0025,USER_00665,2026-06-24 7:06:17,2026-06-24 7:16:17,40.713667,-74.004817,40.714877,-74.010294,85,5
RIDE_002261,SCOOT_0090,USER_00697,06/17/2026 7:57 PM,2026-06-17 20:12:39,40.7771,74.0009° W,40.780904,-74.001071,N/A,4
RIDE_002262,SCOOT_0093,USER_00949,1782285214,2026-06-24 7:54:34,40.712,74.0024° W,40.713294,-74.005799,41,4
RIDE_002263,SCOOT_0184,USER_01093,2026-06-15 19:46:51,2026-06-15 20:24:51,40.704682,-74.015503,40.699448,-74.017574,31,
RIDE_002264,SCOOT_0092,USER_01248,06/29/2026 6:28 PM,1782757898,40.696829,73.9903° W,40.692382,-73.986844,40,2
RIDE_002265,SCOOT_0289,USER_00834,1782720060,1782721620,40.7594° N,-73.976849,40.76056,-73.979213,6,3
RIDE_002266,SCOOT_0157,USER_00679,1781523697,2026-06-15 12:12:37,40.7096° N,73.9953° W,40.706937,-73.993621,low,
RIDE_002267,SCOOT_0272,USER_01169,2026-06-15 14:59:19,1781536279,40.719033,-74.03,40.721802,-74.031565,73,3
RIDE_002268,SCOOT_0264,USER_00401,2026-06-15 1:25:08,1781487248,40.680848,73.9762° W,40.687011,-73.971569,49%,
RIDE_002269,SCOOT_0254,USER_00576,2026-06-09 16:41:37,06/09/2026 5:11 PM,40.7513° N,-74.008593,40.748087,-74.013644,30%,
RIDE_002270,SCOOT_0357,USER_00807,06/13/2026 3:51 AM,06/13/2026 4:01 AM,40.6984° N,-73.9559,40.697927,-73.954979,60%,three
RIDE_002271,SCOOT_0315,USER_01049,1782783975,1782784995,40.7183,74.0076° W,40.724409,-74.00164,19,5
RIDE_002272,SCOOT_0292,USER_00018,1781375978,2026-06-13 19:23:38,40.712276,74.0083° W,40.714367,-74.009353,32,
RIDE_002273,SCOOT_0237,USER_01401,06/21/2026 12:08 AM,06/21/2026 12:41 AM,40.7082,-74.0009,40.711823,-74.000409,N/A,3
RIDE_002274,SCOOT_0198,USER_01312,1782775422,2026-06-30 0:08:42,40.7077,-74.010918,40.70807,-74.012418,22,2
RIDE_002275,SCOOT_0297,USER_01336,1782390604,1782391864,40.6824,-74.024061,40.684578,-74.019926,94,3
RIDE_002276,SCOOT_0220,USER_00746,2026-06-30 18:45:53,06/30/2026 7:01 PM,40.7291° N,73.9749° W,40.731364,-73.97352,78,5
RIDE_002277,SCOOT_0112,USER_00628,1781695586,06/17/2026 11:57 AM,40.761248,-73.9268,40.766792,-73.925169,49%,3
RIDE_002278,SCOOT_0352,USER_01305,2026-06-22 1:25:04,06/22/2026 1:59 AM,40.7518° N,-73.9417,40.751886,-73.938937,60,1
RIDE_002279,SCOOT_0145,USER_00028,06/28/2026 7:02 AM,06/28/2026 7:25 AM,40.78066,-73.971115,40.78041,-73.966983,92,3
RIDE_002280,SCOOT_0071,USER_01400,06/08/2026 6:53 AM,1780903324,40.65666,74.0164° W,40.658705,-74.016402,29%,
RIDE_002281,SCOOT_0305,USER_01414,06/26/2026 2:17 PM,2026-06-26 14:40:37,40.7152° N,-74.005742,40.716935,-74.008186,80,3
RIDE_002282,SCOOT_0161,USER_00754,2026-06-02 6:51:30,06/02/2026 7:02 AM,40.74201,73.9153° W,40.745671,-73.909271,5,3
RIDE_002283,SCOOT_0289,USER_00562,2026-06-12 16:26:16,06/12/2026 4:31 PM,40.717682,-74.000522,40.713112,-74.002116,40,3
RIDE_002284,SCOOT_0215,USER_00666,2026-06-26 17:06:57,06/26/2026 5:34 PM,40.712028,74.0018° W,40.710195,-73.99941,82,five star
RIDE_002285,SCOOT_0198,USER_00607,2026-06-01 15:55:57,1780331037,40.7128,-74.006709,40.71354,-74.007882,91,3
RIDE_002286,SCOOT_0209,USER_00435,1781104551,1781106831,40.722019,-73.969296,40.721275,-73.970736,N/A,
RIDE_002287,SCOOT_0250,USER_00840,06/23/2026 12:07 PM,1782218224,40.7107° N,74.0043° W,40.712712,-74.003636,low,2
RIDE_002288,SCOOT_0370,USER_01354,2026-06-28 6:58:44,1782632264,40.768308,-73.974189,40.767423,-73.975577,32%,4
RIDE_002289,SCOOT_0054,USER_00938,2026-06-27 5:10:27,1782538827,40.706756,-73.976525,40.71095,-73.972951,44,4
RIDE_002290,SCOOT_0130,USER_00634,2026-06-25 22:02:43,1782425263,40.7723,73.9732° W,40.774284,-73.970036,8,2
RIDE_002291,SCOOT_0302,USER_01301,1781917946,1781919866,40.801879,73.9725° W,40.798117,-73.975474,25%,2
RIDE_002292,SCOOT_0044,USER_00327,1782614311,1782616771,40.7139° N,-74.004631,40.710594,-74.004497,29,
RIDE_002293,SCOOT_0162,USER_00586,2026-06-06 15:12:55,2026-06-06 15:17:55,40.761524,-73.991025,40.764839,-73.992157,24%,1
RIDE_002294,SCOOT_0355,USER_01353,06/20/2026 8:22 PM,06/20/2026 8:45 PM,40.774052,-73.978669,40.770972,-73.980043,52,2
RIDE_002295,SCOOT_0166,USER_00282,06/17/2026 12:56 AM,06/17/2026 1:04 AM,40.710897,-74.01377,40.710249,-74.012768,54,5
RIDE_002296,SCOOT_0176,USER_00363,06/24/2026 9:51 AM,1782296727,40.697076,-73.989322,40.691949,-73.988147,34,3
RIDE_002297,SCOOT_0140,USER_00854,1781282828,06/12/2026 5:03 PM,40.781316,-73.938994,40.778497,-73.944419,1,5
RIDE_002298,SCOOT_0205,USER_01070,1781198724,2026-06-11 17:57:24,40.7608,-73.978769,40.757736,-73.983359,20%,2
RIDE_002299,SCOOT_0175,USER_00402,1780436877,1780437537,40.743548,73.9777° W,40.736086,-73.979092,16,1
RIDE_002300,SCOOT_0329,USER_00823,2026-06-28 17:56:18,06/28/2026 6:03 PM,40.7394° N,-74.018321,40.737912,-74.01917,26,
RIDE_002301,SCOOT_0069,USER_01141,1781348857,06/13/2026 11:40 AM,40.678082,74.0221° W,40.68124,-74.027624,16,3
RIDE_002302,SCOOT_0285,USER_00041,2026-06-22 13:08:32,06/22/2026 1:26 PM,40.694145,74.0268° W,40.689792,-74.029541,79,3
RIDE_002303,SCOOT_0246,USER_00958,06/17/2026 4:01 PM,1781712250,40.7823° N,73.9748° W,40.780412,-73.971235,14,1
RIDE_002304,SCOOT_0359,USER_00311,2026-06-21 3:46:00,2026-06-21 3:52:00,40.713331,-74.039119,40.71063,-74.040359,57,4
RIDE_002305,SCOOT_0241,USER_00105,2026-06-21 10:41:32,1782040232,40.713946,-74.0068,40.716762,-74.011344,1%,
RIDE_002306,SCOOT_0361,USER_01399,2026-06-27 3:51:51,2026-06-27 4:25:51,40.731515,-73.973983,40.73004,-73.975864,73%,2
RIDE_002307,SCOOT_0346,USER_01419,1781936619,2026-06-20 6:28:39,40.7057,-74.005922,40.70557,-74.003961,ERROR,4
RIDE_002308,SCOOT_0178,USER_00310,06/21/2026 12:09 PM,2026-06-21 12:52:06,40.7131,-74.0065,40.716607,-74.010468,33%,2
RIDE_002309,SCOOT_0048,USER_00385,2026-06-13 22:24:38,2026-06-13 22:43:38,40.723528,-74.039423,40.721013,-74.043061,57%,3
RIDE_002310,SCOOT_0059,USER_01385,1780936907,1780939427,40.798739,73.9725° W,40.798698,-73.975828,78,5
RIDE_002311,SCOOT_0153,USER_01261,06/29/2026 1:42 PM,1782740757,40.7554,-73.992869,40.756556,-73.995843,6%,5
RIDE_002312,SCOOT_0146,USER_00093,2026-06-24 14:14:07,06/24/2026 2:50 PM,40.715796,-74.078012,40.713376,-74.07298,44,2
RIDE_002313,SCOOT_0075,USER_00904,2026-06-22 12:56:34,06/22/2026 1:27 PM,40.7111° N,-74.01126,40.711717,-74.012686,48,3
RIDE_002314,SCOOT_0129,USER_00841,2026-06-24 21:31:24,1782337224,40.709457,74.0104° W,40.717762,-74.011138,89,5
RIDE_002315,SCOOT_0027,USER_01350,06/22/2026 3:26 PM,1782144112,40.722889,-73.947726,40.724722,-73.950025,16%,2
RIDE_002316,SCOOT_0080,USER_00709,1781507625,06/15/2026 7:57 AM,40.7091,-74.003306,40.708327,-74.009084,85,3
RIDE_002317,SCOOT_0053,USER_01471,2026-06-20 18:02:05,2026-06-20 18:47:05,40.784145,-73.99438,40.788632,-73.990545,62%,5
RIDE_002318,SCOOT_0090,USER_01196,06/20/2026 5:07 AM,1781932488,40.6692° N,-74.023836,40.667225,-74.029436,50,
RIDE_002319,SCOOT_0094,USER_01023,1780936525,1780937065,40.7404,-73.96,40.73902,-73.960968,56,
RIDE_002320,SCOOT_0266,USER_01330,1781206167,06/11/2026 7:35 PM,40.7843,-73.97547,40.781741,-73.973364,55,5
RIDE_002321,SCOOT_0121,USER_00569,06/20/2026 4:33 PM,06/20/2026 5:13 PM,40.752854,-74.018432,40.754139,-74.017257,58,1
RIDE_002322,SCOOT_0223,USER_00373,1780287144,06/01/2026 4:54 AM,40.7132° N,-73.988166,40.711185,-73.987156,LOW,5
RIDE_002323,SCOOT_0271,USER_00587,1782232264,06/23/2026 4:55 PM,40.726661,-73.9774,40.73252,-73.980343,4,three
RIDE_002324,SCOOT_0070,USER_01445,1782470614,06/26/2026 11:16 AM,40.690904,-74.023,40.691294,-74.026189,47,4
RIDE_002325,SCOOT_0068,USER_01448,2026-06-05 8:44:16,06/05/2026 8:50 AM,40.7915° N,-73.954263,40.793128,-73.959568,30,five star
RIDE_002326,SCOOT_0035,USER_01100,2026-06-05 16:21:58,2026-06-05 17:04:58,40.750503,73.9165° W,40.752994,-73.915334,84,4
RIDE_002327,SCOOT_0108,USER_01114,2026-06-14 23:08:47,1781481167,40.713681,-74.00187,40.719451,-74.00473,14,five star
RIDE_002328,SCOOT_0178,USER_01276,06/23/2026 12:31 AM,06/23/2026 1:05 AM,40.7344° N,-74.007724,40.733973,-74.012334,10,3
RIDE_002329,SCOOT_0349,USER_01070,2026-06-28 18:35:32,06/28/2026 6:59 PM,40.7004° N,-74.028745,40.699013,-74.03204,4,5
RIDE_002330,SCOOT_0140,USER_00799,2026-06-06 12:19:39,06/06/2026 12:30 PM,40.7110° N,-74.007624,40.711295,-74.012469,41%,5
RIDE_002331,SCOOT_0079,USER_00092,06/19/2026 10:03 PM,1781908753,40.6839,-73.9988,40.681497,-73.995538,ERROR,3
RIDE_002332,SCOOT_0108,USER_00327,1780887186,1780889886,40.713701,-74.0036,40.717933,-74.004502,94,2
RIDE_002333,SCOOT_0219,USER_01110,06/30/2026 12:36 AM,1782780758,40.69461,-73.991366,40.696139,-73.991928,62,2
RIDE_002334,SCOOT_0138,USER_00897,06/23/2026 12:18 PM,06/23/2026 12:32 PM,40.776729,-73.972245,40.776827,-73.972181,62,2
RIDE_002335,SCOOT_0246,USER_00498,06/03/2026 12:15 AM,1780447490,40.709062,74.0057° W,40.713252,-74.004355,97,3
RIDE_002336,SCOOT_0131,USER_00678,06/11/2026 3:29 PM,1781192582,40.7129,-74.006647,40.713917,-74.004398,99%,
RIDE_002337,SCOOT_0088,USER_01128,06/07/2026 12:21 PM,2026-06-07 12:57:59,40.7152,74.0073° W,40.716211,-74.005888,82,2
RIDE_002338,SCOOT_0267,USER_01237,2026-06-12 16:19:01,2026-06-12 16:23:01,40.7088° N,-74.0053,40.702287,-74.003879,44,4
RIDE_002339,SCOOT_0216,USER_01306,06/24/2026 8:07 AM,2026-06-24 8:47:00,40.796307,-73.956249,40.795122,-73.955322,9%,5
RIDE_002340,SCOOT_0264,USER_01375,2026-06-26 10:23:39,06/26/2026 10:51 AM,40.8116° N,-73.9429,40.811492,-73.942507,2,3
RIDE_002341,SCOOT_0181,USER_01095,2026-06-30 9:37:55,1782814975,40.7528° N,-73.965216,40.751849,-73.961209,37%,3
RIDE_002342,SCOOT_0141,USER_00066,1781538970,1781539210,40.716701,74.0045° W,40.712183,-74.004673,N/A,4
RIDE_002343,SCOOT_0356,USER_00241,2026-06-16 15:01:17,2026-06-16 15:05:17,40.688702,73.9814° W,40.686274,-73.984456,32,1
RIDE_002344,SCOOT_0397,USER_00156,1780942932,2026-06-08 18:56:12,40.704541,-74.001113,40.703341,-74.000641,7,5
RIDE_002345,SCOOT_0326,USER_01344,1780429288,2026-06-02 19:45:28,40.761355,-73.9989,40.757578,-74.001965,59,
RIDE_002346,SCOOT_0342,USER_00606,2026-06-15 17:52:36,2026-06-15 18:05:36,40.768637,73.9639° W,40.766249,-73.958628,48%,5
RIDE_002347,SCOOT_0069,USER_01154,06/12/2026 6:00 PM,1781288673,40.721043,-73.971833,40.720684,-73.96729,31,4
RIDE_002348,SCOOT_0354,USER_00641,06/23/2026 10:59 PM,1782256057,40.6848,-74.045125,40.68535,-74.04302,29,2
RIDE_002349,SCOOT_0333,USER_00642,1780665699,1780666419,40.7611° N,73.9952° W,40.759539,-73.993283,100,4
RIDE_002350,SCOOT_0105,USER_00083,2026-06-04 2:26:35,1780542515,40.727105,-74.013867,40.722343,-74.014489,20,
RIDE_002351,SCOOT_0374,USER_00743,1782449761,06/26/2026 5:29 AM,40.712971,73.9519° W,40.709377,-73.953171,39,2
RIDE_002352,SCOOT_0396,USER_00894,1782118115,1782118955,40.750212,-73.9584,40.750107,-73.961106,90,2
RIDE_002353,SCOOT_0182,USER_00980,06/08/2026 10:32 AM,2026-06-08 11:16:33,40.7596° N,-73.993793,40.755901,-73.996471,5%,2
RIDE_002354,SCOOT_0167,USER_00620,2026-06-19 11:32:27,1781871147,40.7831° N,-73.978016,40.783404,-73.978765,84,2
RIDE_002355,SCOOT_0258,USER_01455,2026-06-14 0:17:49,1781396749,40.706343,73.9824° W,40.707219,-73.982051,94%,3
RIDE_002356,SCOOT_0253,USER_00490,06/12/2026 5:13 PM,1781284815,40.716275,-74.005908,40.713341,-74.007745,70,2
RIDE_002357,SCOOT_0048,USER_00594,2026-06-10 4:40:32,2026-06-10 4:50:32,40.67322,73.9655° W,40.675808,-73.967954,11,1
RIDE_002358,SCOOT_0155,USER_00739,06/19/2026 11:06 AM,1781869498,40.711673,-74.008548,40.7163,-74.012807,9,4
RIDE_002359,SCOOT_0373,USER_01426,1780728675,1780729275,40.76029,-73.987671,40.76277,-73.987983,25%,5
RIDE_002360,SCOOT_0006,USER_01342,1780802733,1780804593,40.6954° N,-73.940222,40.692519,-73.939984,LOW,1
RIDE_002361,SCOOT_0082,USER_00047,2026-06-07 19:56:48,06/07/2026 8:35 PM,40.7185° N,-74.012958,40.716136,-74.014616,4,1
RIDE_002362,SCOOT_0030,USER_01466,06/25/2026 9:03 AM,06/25/2026 9:23 AM,40.6816,-74.029697,40.681047,-74.02845,61,3
RIDE_002363,SCOOT_0202,USER_00054,06/16/2026 4:31 PM,1781628978,40.700285,-74.001402,40.702618,-74.003598,97,1
RIDE_002364,SCOOT_0016,USER_00385,1782544069,2026-06-27 7:52:49,40.7645,73.9670° W,40.767664,-73.967557,LOW,4
RIDE_002365,SCOOT_0306,USER_00813,1782420747,2026-06-25 21:34:27,40.714325,-74.006162,40.714036,-74.005386,77,4
RIDE_002366,SCOOT_0005,USER_00055,1781388045,2026-06-13 22:18:45,40.7235° N,-74.030991,40.727837,-74.03657,96,5
RIDE_002367,SCOOT_0173,USER_01095,2026-06-19 18:02:23,06/19/2026 6:09 PM,40.710061,-74.006377,40.711298,-74.001649,4,4
RIDE_002368,SCOOT_0375,USER_00011,1782409945,1782411205,40.7054° N,74.0080° W,40.698986,-74.007936,32%,5
RIDE_002369,SCOOT_0381,USER_00562,06/27/2026 9:02 PM,1782596169,40.7139,-73.9996,40.714249,-73.996505,48,3
RIDE_002370,SCOOT_0399,USER_00482,1781263866,1781264466,40.7151,74.0077° W,40.710908,-74.006916,N/A,2
RIDE_002371,SCOOT_0009,USER_00067,06/14/2026 6:02 PM,06/14/2026 6:39 PM,40.700758,73.9093° W,40.700272,-73.90571,19%,5
RIDE_002372,SCOOT_0051,USER_00805,06/09/2026 8:34 AM,2026-06-09 9:03:12,40.710879,74.0049° W,40.711507,-74.00506,95,3
RIDE_002373,SCOOT_0134,USER_00734,06/08/2026 5:52 PM,2026-06-08 18:00:48,40.711069,-74.0044,40.708291,-74.008058,62%,1
RIDE_002374,SCOOT_0360,USER_00777,1781693971,2026-06-17 11:02:31,40.7829° N,-73.970957,40.783054,-73.965961,15,2
RIDE_002375,SCOOT_0312,USER_00341,2026-06-29 2:29:30,2026-06-29 2:36:30,40.7007,-73.9823,40.701271,-73.98542,10,
RIDE_002376,SCOOT_0195,USER_01038,1781311701,2026-06-13 1:12:21,40.7202,-74.002,40.719829,-73.999856,51,2
RIDE_002377,SCOOT_0174,USER_01161,1782379087,1782380107,40.749926,-73.9689,40.742753,-73.971976,81%,3
RIDE_002378,SCOOT_0113,USER_01071,2026-06-12 14:56:15,2026-06-12 15:26:15,40.716717,74.0070° W,40.71734,-74.011039,18,2
RIDE_002379,SCOOT_0119,USER_01096,1781385745,06/13/2026 9:55 PM,40.7498° N,73.9822° W,40.749155,-73.983403,27%,5
RIDE_002380,SCOOT_0294,USER_00175,1781308661,06/13/2026 12:03 AM,40.781992,73.9380° W,40.784853,-73.931435,4,5
RIDE_002381,SCOOT_0322,USER_00516,2026-06-14 13:07:59,1781442779,40.7396° N,-74.0019,40.735986,-74.000562,3,5
RIDE_002382,SCOOT_0172,USER_01454,1781776452,2026-06-18 10:09:12,40.7866° N,-73.974239,40.78904,-73.970542,74,5
RIDE_002383,SCOOT_0357,USER_01430,2026-06-04 11:06:01,06/04/2026 11:20 AM,40.730887,73.9895° W,40.733347,-73.990943,11,4
RIDE_002384,SCOOT_0105,USER_00555,06/12/2026 3:50 PM,1781280092,40.696836,-73.9856,40.692967,-73.986534,92%,4
RIDE_002385,SCOOT_0117,USER_00333,1781110018,2026-06-10 17:26:58,40.695773,-74.055976,40.698122,-74.057683,53,5
RIDE_002386,SCOOT_0065,USER_01399,1781431703,1781433803,40.786172,-73.988015,40.788186,-73.985777,72,1
RIDE_002387,SCOOT_0155,USER_01146,06/23/2026 10:40 PM,1782255712,40.7488° N,-74.01867,40.749931,-74.018453,100,5
RIDE_002388,SCOOT_0328,USER_00437,1781061378,06/10/2026 3:37 AM,40.715,-74.006906,40.713732,-74.000881,100%,1
RIDE_002389,SCOOT_0167,USER_00775,1781590148,06/16/2026 6:46 AM,40.7320° N,73.9629° W,40.730229,-73.963928,7%,4
RIDE_002390,SCOOT_0020,USER_01383,2026-06-09 23:12:00,2026-06-09 23:44:00,40.776758,-73.987269,40.778472,-73.983097,9%,4
RIDE_002391,SCOOT_0206,USER_00528,1782759585,1782762045,40.71468,74.0056° W,40.711721,-74.004036,54,three
RIDE_002392,SCOOT_0375,USER_00619,2026-06-09 13:54:06,06/09/2026 2:38 PM,40.721425,-74.007523,40.720297,-74.009206,47%,2
RIDE_002393,SCOOT_0150,USER_01146,1782668956,1782669916,40.7391° N,-74.0229,40.740327,-74.025443,64,4
RIDE_002394,SCOOT_0045,USER_01331,06/22/2026 6:02 PM,06/22/2026 6:34 PM,40.706359,-74.002987,40.703113,-74.004003,43,2
RIDE_002395,SCOOT_0076,USER_01109,1782331935,06/24/2026 8:16 PM,40.7421° N,74.0342° W,40.737531,-74.033376,86%,1
RIDE_002396,SCOOT_0069,USER_00223,1781442462,06/14/2026 1:23 PM,40.75359,-73.966687,40.754813,-73.964944,98,5
RIDE_002397,SCOOT_0250,USER_01066,1782345752,06/25/2026 12:05 AM,40.7046,74.0028° W,40.707193,-74.003741,3,2
RIDE_002398,SCOOT_0386,USER_01447,1782353565,1782355725,40.731147,-73.9861,40.731456,-73.987425,22%,
RIDE_002399,SCOOT_0351,USER_00361,06/02/2026 8:46 PM,06/02/2026 9:21 PM,40.7089° N,74.0062° W,40.710618,-74.007123,39,4
RIDE_002400,SCOOT_0203,USER_00739,06/20/2026 2:55 PM,2026-06-20 15:20:19,40.704,-74.0009,40.704581,-74.002064,57,2
RIDE_002401,SCOOT_0021,USER_00397,2026-06-22 10:03:19,2026-06-22 10:11:19,40.766,-73.937507,40.757637,-73.936204,45,
RIDE_002402,SCOOT_0340,USER_00524,2026-06-10 12:09:17,1781094017,40.719867,-73.9757,40.720251,-73.973811,28,2
RIDE_002403,SCOOT_0376,USER_00781,2026-06-12 6:15:22,06/12/2026 6:41 AM,40.7206° N,-73.972665,40.719264,-73.971444,N/A,1
RIDE_002404,SCOOT_0103,USER_00988,2026-06-08 12:11:50,2026-06-08 12:19:50,40.781708,74.0010° W,40.784789,-74.00298,17,5
RIDE_002405,SCOOT_0100,USER_00279,2026-06-25 23:02:32,1782430892,40.7556,-73.9959,40.756196,-73.993222,99,2
RIDE_002406,SCOOT_0072,USER_00449,2026-06-16 15:49:07,2026-06-16 16:06:07,40.7079,74.0087° W,40.708447,-74.001515,99,4
RIDE_002407,SCOOT_0004,USER_01113,06/16/2026 6:26 AM,2026-06-16 6:40:02,40.709347,-73.997839,40.715361,-73.998131,99,1
RIDE_002408,SCOOT_0350,USER_00254,2026-06-23 21:15:54,1782250674,40.711607,74.0088° W,40.711403,-74.012988,26,2
RIDE_002409,SCOOT_0321,USER_00026,2026-06-21 22:49:08,2026-06-21 23:26:08,40.747375,73.9381° W,40.745542,-73.938785,47,5
RIDE_002410,SCOOT_0293,USER_01350,06/09/2026 4:55 PM,1781025134,40.6665° N,73.9805° W,40.667271,-73.980328,15%,4
RIDE_002411,SCOOT_0251,USER_01364,2026-06-13 19:40:25,1781379865,40.701763,-74.014655,40.703269,-74.014742,19,
RIDE_002412,SCOOT_0220,USER_01070,06/23/2026 7:38 PM,2026-06-23 19:55:17,40.719099,-74.0017,40.72247,-73.999669,26,5
RIDE_002413,SCOOT_0315,USER_01244,1781701934,2026-06-17 13:54:14,40.7136,-73.999926,40.714832,-73.996011,5,4
RIDE_002414,SCOOT_0177,USER_00744,1781549479,2026-06-15 19:07:19,40.770139,74.0223° W,40.774053,-74.021933,75,4
RIDE_002415,SCOOT_0207,USER_01324,2026-06-25 2:56:17,06/25/2026 3:00 AM,40.7126,74.0049° W,40.711557,-74.004194,82,1
RIDE_002416,SCOOT_0371,USER_01261,2026-06-15 8:07:29,2026-06-15 8:29:29,40.7713° N,73.9457° W,40.770922,-73.946862,19,3
RIDE_002417,SCOOT_0347,USER_00905,2026-06-03 0:02:07,1780445947,40.694301,-74.000624,40.694863,-73.999459,73,2
RIDE_002418,SCOOT_0165,USER_00586,2026-06-10 7:29:47,06/10/2026 8:08 AM,40.6856° N,-74.0408,40.687432,-74.03637,26,3
RIDE_002419,SCOOT_0340,USER_00300,2026-06-14 13:11:26,06/14/2026 1:41 PM,40.740873,-73.945811,40.741725,-73.945832,95,1
RIDE_002420,SCOOT_0088,USER_01495,06/24/2026 5:01 PM,1782321467,40.7112,-74.011538,40.714173,-74.013865,60,2
RIDE_002421,SCOOT_0155,USER_01124,2026-06-07 10:22:46,1780829866,40.684904,-73.968161,40.679255,-73.972732,75,five star
RIDE_002422,SCOOT_0293,USER_01287,1781710864,2026-06-17 16:09:04,40.748,-73.979834,40.749492,-73.98074,97,5
RIDE_002423,SCOOT_0344,USER_00048,06/23/2026 7:11 AM,06/23/2026 7:56 AM,40.812007,-73.982158,40.811315,-73.984549,8,5
RIDE_002424,SCOOT_0180,USER_01006,06/20/2026 7:12 AM,1781941569,40.7133° N,74.0035° W,40.716906,-74.008008,72,three
RIDE_002425,SCOOT_0030,USER_01458,1782550764,2026-06-27 9:19:24,40.69558,-73.979066,40.697341,-73.979046,low,5
RIDE_002426,SCOOT_0379,USER_00921,06/11/2026 4:45 AM,06/11/2026 5:20 AM,40.759248,-74.0019,40.763922,-73.998901,57%,3
RIDE_002427,SCOOT_0164,USER_01268,06/15/2026 3:17 AM,1781495871,40.722001,-73.9895,40.718861,-73.987468,78,5
RIDE_002428,SCOOT_0144,USER_00806,1780856376,2026-06-07 18:24:36,40.707661,-74.007324,40.709025,-74.007523,76%,4
RIDE_002429,SCOOT_0096,USER_00210,1782511725,2026-06-26 22:51:45,40.7138,-74.010263,40.71562,-74.012103,77,1
RIDE_002430,SCOOT_0196,USER_00875,2026-06-22 12:56:58,06/22/2026 1:23 PM,40.711502,-74.005049,40.711811,-74.004977,40,3
RIDE_002431,SCOOT_0219,USER_00167,06/01/2026 10:54 AM,2026-06-01 11:34:36,40.715587,-73.941191,40.715594,-73.945316,LOW,1
RIDE_002432,SCOOT_0364,USER_01030,1780727254,2026-06-06 6:37:34,40.7391° N,73.9779° W,40.735317,-73.974477,45%,4
RIDE_002433,SCOOT_0213,USER_01464,2026-06-23 2:33:12,1782184572,40.773792,-74.010603,40.777865,-74.011034,28,5
RIDE_002434,SCOOT_0099,USER_01063,2026-06-23 14:36:12,2026-06-23 14:39:12,40.7145° N,74.0080° W,40.717243,-74.006768,76,4
RIDE_002435,SCOOT_0383,USER_01340,1780285884,1780286124,40.7095,-74.010661,40.705162,-74.010097,48,4
RIDE_002436,SCOOT_0183,USER_00689,06/26/2026 3:17 AM,06/26/2026 3:58 AM,40.71509,-74.003396,40.714736,-74.006867,48,
RIDE_002437,SCOOT_0004,USER_01099,2026-06-04 20:57:23,1780607183,40.686859,-73.964953,40.685405,-73.964523,85,4
RIDE_002438,SCOOT_0360,USER_00208,06/01/2026 11:22 PM,2026-06-01 23:44:29,40.691287,-73.9993,40.689914,-73.996128,N/A,
RIDE_002439,SCOOT_0022,USER_01153,06/20/2026 3:23 PM,2026-06-20 15:31:06,40.715894,74.0080° W,40.715514,-74.009636,46,2
RIDE_002440,SCOOT_0367,USER_00920,06/28/2026 9:39 AM,1782639858,40.7022,-73.952349,40.702806,-73.951373,72,2
RIDE_002441,SCOOT_0031,USER_00796,2026-06-09 19:41:37,1781034277,40.7134,-74.0072,40.716193,-74.007016,low,2
RIDE_002442,SCOOT_0342,USER_01495,1781875775,2026-06-19 13:36:35,40.797165,-74.006676,40.785398,-74.005824,9,1
RIDE_002443,SCOOT_0298,USER_01476,1780702150,1780703170,40.672005,-73.992249,40.671098,-73.987487,96,4
RIDE_002444,SCOOT_0054,USER_00042,2026-06-30 4:56:20,1782795740,40.7208,-74.002683,40.723311,-74.001577,85,5
RIDE_002445,SCOOT_0073,USER_00101,1782767572,1782769192,40.691346,-73.96657,40.688017,-73.965601,21,
RIDE_002446,SCOOT_0131,USER_00834,2026-06-27 7:54:22,1782548662,40.7066° N,-74.0052,40.707189,-74.000155,99,
RIDE_002447,SCOOT_0135,USER_00575,06/27/2026 1:32 AM,2026-06-27 2:09:50,40.669201,74.0000° W,40.671669,-73.999012,35,3
RIDE_002448,SCOOT_0355,USER_00936,06/19/2026 12:49 PM,1781873629,40.7520° N,-74.0048,40.750234,-74.001088,LOW,2
RIDE_002449,SCOOT_0312,USER_00562,2026-06-09 12:23:47,06/09/2026 12:51 PM,40.74787,-73.9605,40.747524,-73.964042,6%,2
RIDE_002450,SCOOT_0346,USER_01285,2026-06-03 11:06:23,06/03/2026 11:18 AM,40.7671,-73.9756,40.773993,-73.978682,56,2
RIDE_002451,SCOOT_0323,USER_00821,06/18/2026 10:28 AM,1781780423,40.7226,-74.035031,40.723023,-74.032101,37,5
RIDE_002452,SCOOT_0229,USER_00795,1780592726,2026-06-04 17:26:26,40.6647,-74.012899,40.662968,-74.015005,88,5
RIDE_002453,SCOOT_0281,USER_01218,1780460654,06/03/2026 4:51 AM,40.714341,74.0015° W,40.713941,-74.000901,67,2
RIDE_002454,SCOOT_0033,USER_00746,2026-06-30 22:59:09,06/30/2026 11:28 PM,40.750686,-73.985664,40.747418,-73.982339,88,2
RIDE_002455,SCOOT_0018,USER_00002,1782583574,2026-06-27 18:17:14,40.713981,-74.00442,40.711561,-74.005798,20,4
RIDE_002456,SCOOT_0005,USER_01282,06/17/2026 11:41 AM,1781698637,40.685677,-74.075182,40.680613,-74.076985,LOW,2
RIDE_002457,SCOOT_0118,USER_00591,2026-06-12 8:17:20,1781253680,40.71489,-74.008613,40.711834,-74.011057,43,5
RIDE_002458,SCOOT_0382,USER_00464,1782105983,1782107063,40.710979,-74.007415,40.717475,-74.004252,75,3
RIDE_002459,SCOOT_0349,USER_01301,2026-06-24 3:58:07,2026-06-24 4:18:07,40.7785,-73.9621,40.775499,-73.965795,29,2
RIDE_002460,SCOOT_0112,USER_01008,1781544739,2026-06-15 18:12:19,40.6907° N,-73.97931,40.689021,-73.983064,68,five star
RIDE_002461,SCOOT_0177,USER_00949,2026-06-20 20:36:07,2026-06-20 21:12:07,40.711076,74.0070° W,40.711881,-74.006202,40,4
RIDE_002462,SCOOT_0258,USER_01071,06/17/2026 10:26 PM,06/17/2026 10:56 PM,40.7448,73.9639° W,40.742919,-73.964356,17,3
RIDE_002463,SCOOT_0035,USER_00955,1781759635,2026-06-18 5:28:55,40.796835,73.9840° W,40.795127,-73.982261,42,1
RIDE_002464,SCOOT_0082,USER_00015,2026-06-17 20:17:00,2026-06-17 20:31:00,40.744245,-73.985296,40.745913,-73.979134,24%,4
RIDE_002465,SCOOT_0229,USER_00162,1781021052,1781022732,40.718208,-73.999347,40.7198,-74.002567,N/A,5
RIDE_002466,SCOOT_0191,USER_01453,2026-06-24 4:42:38,1782276518,40.7637,73.9782° W,40.764677,-73.977846,47,1
RIDE_002467,SCOOT_0008,USER_00794,06/05/2026 2:25 PM,06/05/2026 2:36 PM,40.714319,-74.0072,40.714495,-74.010929,34,1
RIDE_002468,SCOOT_0110,USER_00142,06/03/2026 10:05 AM,1780482414,40.71152,-74.000437,40.712477,-74.000499,40%,2
RIDE_002469,SCOOT_0319,USER_00886,2026-06-20 22:17:39,1781995839,40.720384,-74.0114,40.717056,-74.006305,75,2
RIDE_002470,SCOOT_0187,USER_01458,2026-06-27 22:24:03,2026-06-27 22:56:03,40.712984,74.0070° W,40.709386,-74.005627,39,4
RIDE_002471,SCOOT_0060,USER_00751,1781787454,06/18/2026 1:35 PM,40.768889,-74.0074,40.768468,-74.008396,7,2
RIDE_002472,SCOOT_0108,USER_00440,2026-06-19 21:30:32,06/19/2026 9:42 PM,40.6943,-74.066885,40.698075,-74.064138,37,1
RIDE_002473,SCOOT_0160,USER_01499,1780552194,2026-06-04 6:02:54,40.7113° N,-74.0069,40.710938,-74.009201,38,1
RIDE_002474,SCOOT_0211,USER_00724,06/29/2026 7:07 PM,06/29/2026 7:23 PM,40.7400° N,-73.973405,40.74487,-73.970566,3,4
RIDE_002475,SCOOT_0352,USER_01321,06/13/2026 12:27 AM,1781310621,40.801793,-73.9638,40.798441,-73.963926,16,2
RIDE_002476,SCOOT_0219,USER_00536,1781757453,06/18/2026 4:47 AM,40.75,-73.960365,40.751919,-73.953397,34,2
RIDE_002477,SCOOT_0206,USER_00822,1782201045,1782203505,40.7170° N,-74.000344,40.717702,-73.99744,56%,1
RIDE_002478,SCOOT_0373,USER_00568,06/22/2026 2:27 PM,2026-06-22 14:32:27,40.734543,-73.952083,40.736506,-73.951213,low,5
RIDE_002479,SCOOT_0200,USER_00482,06/19/2026 8:28 PM,2026-06-19 20:36:37,40.7181,-74.008155,40.717503,-74.007869,34,1
RIDE_002480,SCOOT_0353,USER_00842,2026-06-15 20:17:30,1781555130,40.7278,73.9812° W,40.722651,-73.97802,68,
RIDE_002481,SCOOT_0127,USER_01024,06/24/2026 12:18 PM,1782305908,40.7130° N,74.0081° W,40.710483,-74.008787,34,5
RIDE_002482,SCOOT_0267,USER_01009,1781853064,2026-06-19 7:20:04,40.7156° N,-74.003809,40.713436,-74.006347,63,4
RIDE_002483,SCOOT_0300,USER_00709,1781631978,06/16/2026 6:12 PM,40.774538,73.9920° W,40.774718,-73.991676,33,1
RIDE_002484,SCOOT_0208,USER_00236,1780949597,2026-06-08 20:17:17,40.7551° N,-73.9508,40.751352,-73.956568,78,4
RIDE_002485,SCOOT_0212,USER_00515,2026-06-12 1:00:13,06/12/2026 1:05 AM,40.71053,-73.998794,40.716597,-73.9933,37,2
RIDE_002486,SCOOT_0197,USER_00513,1781649064,06/16/2026 10:44 PM,40.68534,-74.0801,40.678311,-74.081984,51,
RIDE_002487,SCOOT_0196,USER_00931,1782578728,1782581188,40.7120° N,74.0008° W,40.714611,-74.000115,62,1
RIDE_002488,SCOOT_0093,USER_00886,06/20/2026 8:50 PM,2026-06-20 21:17:11,40.712803,73.9544° W,40.713565,-73.952324,24,4
RIDE_002489,SCOOT_0054,USER_01362,06/10/2026 8:08 AM,06/10/2026 8:22 AM,40.7144° N,-74.0101,40.71632,-74.008861,47,4
RIDE_002490,SCOOT_0158,USER_01389,1782689420,06/28/2026 11:56 PM,40.708517,-74.0091,40.710583,-74.009841,16,three
RIDE_002491,SCOOT_0209,USER_01042,06/20/2026 3:29 AM,2026-06-20 4:01:26,40.7624,-73.925177,40.760923,-73.925208,76,3
RIDE_002492,SCOOT_0194,USER_00981,1781811059,2026-06-18 20:14:59,40.7074° N,-74.023368,40.70463,-74.021264,26%,5
RIDE_002493,SCOOT_0253,USER_01348,1782682284,06/28/2026 9:52 PM,40.747505,-73.923124,40.752051,-73.92475,26,4
RIDE_002494,SCOOT_0325,USER_00543,1781441160,2026-06-14 13:27:00,40.719497,-74.009604,40.716459,-74.014884,50%,5
RIDE_002495,SCOOT_0130,USER_00049,06/15/2026 2:51 AM,1781493363,40.711017,-74.008015,40.712595,-74.007283,41,2
RIDE_002496,SCOOT_0329,USER_01278,06/25/2026 1:16 PM,2026-06-25 13:34:21,40.6889° N,74.0139° W,40.687826,-74.019182,79%,2
RIDE_002497,SCOOT_0118,USER_01090,1781006816,06/09/2026 12:10 PM,40.7089° N,-74.0091,40.713177,-74.008509,62,3
RIDE_002498,SCOOT_0022,USER_01427,06/07/2026 7:14 AM,2026-06-07 7:51:06,40.7154° N,-74.011995,40.719031,-74.008091,49,5
RIDE_002499,SCOOT_0016,USER_00644,2026-06-30 10:04:27,1782814107,40.7431,-73.985306,40.74462,-73.983373,50,3
RIDE_002500,SCOOT_0144,USER_01327,2026-06-04 1:40:14,06/04/2026 1:52 AM,40.7353° N,-73.97411,40.733538,-73.973779,38,4
RIDE_002501,SCOOT_0058,USER_00688,2026-06-14 9:42:07,1781431807,40.7723,-74.0011,40.775346,-74.003466,74,3
RIDE_002502,SCOOT_0274,USER_00226,2026-06-20 5:20:19,1781933179,40.683547,-73.971628,40.686313,-73.969074,63,4
RIDE_002503,SCOOT_0121,USER_00045,2026-06-22 21:42:41,06/22/2026 10:05 PM,40.7075° N,-74.007864,40.710006,-74.007739,61%,2
RIDE_002504,SCOOT_0177,USER_01370,1781406628,06/14/2026 3:29 AM,40.7085° N,-74.004167,40.706361,-73.998783,low,1
RIDE_002505,SCOOT_0044,USER_01304,1782429660,2026-06-25 23:35:00,40.743697,-73.993918,40.74778,-73.993724,97,4
RIDE_002506,SCOOT_0237,USER_00520,2026-06-28 19:43:28,1782676408,40.715809,-73.958446,40.716545,-73.959211,15,2
RIDE_002507,SCOOT_0229,USER_00019,1781300810,2026-06-12 22:30:50,40.6551° N,-74.046163,40.657578,-74.043326,ERROR,5
RIDE_002508,SCOOT_0021,USER_01016,1781202194,06/11/2026 6:26 PM,40.7681° N,-73.9963,40.762157,-73.997812,4,3
RIDE_002509,SCOOT_0131,USER_01060,06/02/2026 4:34 PM,06/02/2026 5:10 PM,40.711583,74.0073° W,40.713438,-74.001295,26,2
RIDE_002510,SCOOT_0095,USER_01053,1782564441,2026-06-27 13:19:21,40.713294,74.0069° W,40.712516,-74.006494,34,4
RIDE_002511,SCOOT_0126,USER_00170,1780438922,06/02/2026 10:25 PM,40.7095,-74.005519,40.710839,-74.00489,50%,3
RIDE_002512,SCOOT_0162,USER_01204,06/14/2026 5:55 PM,1781461906,40.7146,-74.0043,40.709314,-74.002354,71,5
RIDE_002513,SCOOT_0400,USER_00111,06/07/2026 12:52 AM,1780794439,40.73498,-74.0076,40.731666,-74.006316,20,5
RIDE_002514,SCOOT_0011,USER_01230,1780578596,2026-06-04 13:22:56,40.71191,-74.0127,40.713344,-74.017047,52%,2
RIDE_002515,SCOOT_0181,USER_00564,1782540044,06/27/2026 6:18 AM,40.7134,-74.005,40.716016,-73.999701,77,1
RIDE_002516,SCOOT_0168,USER_00009,1782439880,2026-06-26 2:25:20,40.703306,-73.9362,40.702477,-73.934948,28%,
RIDE_002517,SCOOT_0029,USER_00617,06/01/2026 10:38 AM,06/01/2026 10:49 AM,40.7137° N,74.0074° W,40.71234,-74.01076,50%,2
RIDE_002518,SCOOT_0308,USER_00916,1781670711,06/17/2026 4:36 AM,40.768157,73.9765° W,40.770911,-73.977447,67,4
RIDE_002519,SCOOT_0275,USER_00322,2026-06-29 7:26:53,1782720413,40.6997° N,-74.027566,40.70074,-74.030686,14,1
RIDE_002520,SCOOT_0187,USER_01325,06/16/2026 5:17 AM,2026-06-16 5:32:29,40.749773,-74.032153,40.750594,-74.027452,N/A,3
RIDE_002521,SCOOT_0169,USER_00622,2026-06-15 15:14:53,2026-06-15 15:50:53,40.769982,-73.981987,40.767076,-73.986132,74,5
RIDE_002522,SCOOT_0366,USER_00667,1781028972,2026-06-09 18:48:12,40.7159,74.0000° W,40.714564,-74.003393,37,1
RIDE_002523,SCOOT_0178,USER_00722,2026-06-24 1:06:31,1782265291,40.640037,-74.0641,40.639696,-74.059318,53,3
RIDE_002524,SCOOT_0154,USER_00916,06/20/2026 7:39 AM,1781942728,40.762363,73.9619° W,40.761162,-73.963648,58%,3
RIDE_002525,SCOOT_0076,USER_00591,2026-06-25 16:27:27,06/25/2026 5:10 PM,40.811213,-73.967185,40.804905,-73.969206,17%,4
RIDE_002526,SCOOT_0281,USER_00636,06/24/2026 9:21 PM,2026-06-24 21:39:52,40.765936,-73.982125,40.767624,-73.982448,47,3
RIDE_002527,SCOOT_0187,USER_01201,06/19/2026 3:08 PM,2026-06-19 15:40:53,40.7565° N,-73.959231,40.754373,-73.953638,63,three
RIDE_002528,SCOOT_0252,USER_00303,06/08/2026 12:30 PM,2026-06-08 12:34:24,40.7697° N,-73.969416,40.76883,-73.969046,20,2
RIDE_002529,SCOOT_0327,USER_00102,1782149665,1782151345,40.7146,-74.0043,40.712319,-74.007633,26%,4
RIDE_002530,SCOOT_0063,USER_00869,06/02/2026 12:20 PM,1780404091,40.811463,73.9873° W,40.813561,-73.992103,47,2
RIDE_002531,SCOOT_0314,USER_00730,1781768939,06/18/2026 8:04 AM,40.7117° N,-74.0065,40.7131,-74.014676,66,
RIDE_002532,SCOOT_0169,USER_01394,2026-06-25 0:16:59,06/25/2026 12:38 AM,40.7038° N,-74.010995,40.704796,-74.014104,61,
RIDE_002533,SCOOT_0350,USER_00497,06/16/2026 8:21 PM,06/16/2026 8:44 PM,40.7409° N,-73.990973,40.737733,-73.992399,6%,5
RIDE_002534,SCOOT_0018,USER_00755,06/28/2026 2:29 AM,1782616487,40.7245,-74.0224,40.727586,-74.026252,83,1
RIDE_002535,SCOOT_0352,USER_01389,2026-06-12 20:05:34,1781295634,40.754426,-73.970442,40.752582,-73.972918,5,2
RIDE_002536,SCOOT_0266,USER_00348,2026-06-24 8:38:31,06/24/2026 8:54 AM,40.710625,-73.986441,40.707117,-73.986892,31%,4
RIDE_002537,SCOOT_0207,USER_00509,06/21/2026 2:17 AM,2026-06-21 2:55:09,40.696,-73.943064,40.696053,-73.945628,53,4
RIDE_002538,SCOOT_0143,USER_00305,2026-06-24 9:56:18,06/24/2026 10:07 AM,40.73976,-73.996165,40.739991,-73.992997,52%,4
RIDE_002539,SCOOT_0209,USER_00491,2026-06-24 15:02:16,06/24/2026 3:24 PM,40.7084° N,74.0085° W,40.709919,-74.004854,98,4
RIDE_002540,SCOOT_0199,USER_01079,2026-06-15 21:37:21,1781562081,40.706827,-74.0067,40.707677,-74.006981,79,3
RIDE_002541,SCOOT_0168,USER_00677,06/15/2026 3:12 AM,06/15/2026 3:34 AM,40.6397,74.0345° W,40.644222,-74.034128,32%,
RIDE_002542,SCOOT_0290,USER_00769,2026-06-26 15:54:59,06/26/2026 4:22 PM,40.708676,-74.008053,40.713985,-74.005323,75,5
RIDE_002543,SCOOT_0296,USER_00299,06/09/2026 9:27 PM,1781042041,40.71536,-74.0046,40.713377,-74.005176,69%,2
RIDE_002544,SCOOT_0397,USER_00553,2026-06-08 23:39:47,06/09/2026 12:22 AM,40.711242,-73.995,40.715768,-73.991653,27,5
RIDE_002545,SCOOT_0136,USER_00676,06/02/2026 2:04 PM,1780409519,40.7071° N,-74.0051,40.709333,-74.003247,ERROR,1
RIDE_002546,SCOOT_0258,USER_00790,1781212561,06/11/2026 9:43 PM,40.748815,-73.9193,40.744984,-73.922567,N/A,4
RIDE_002547,SCOOT_0309,USER_00541,2026-06-18 0:04:39,1781741439,40.7661,73.9353° W,40.763563,-73.936061,55,3
RIDE_002548,SCOOT_0022,USER_00126,2026-06-07 15:04:54,06/07/2026 3:21 PM,40.717109,-74.006071,40.716105,-74.004375,33,2
RIDE_002549,SCOOT_0048,USER_01171,06/10/2026 5:29 AM,2026-06-10 5:37:42,40.7544° N,-73.9474,40.758225,-73.94647,32,5
RIDE_002550,SCOOT_0045,USER_01282,1781699960,06/17/2026 1:24 PM,40.7542° N,-73.981418,40.755702,-73.981252,71,5
RIDE_002551,SCOOT_0355,USER_01468,06/09/2026 6:49 AM,1780988620,40.7005,-73.964067,40.705036,-73.96859,low,5
RIDE_002552,SCOOT_0023,USER_00079,06/02/2026 10:09 AM,2026-06-02 10:20:48,40.71284,-74.0088,40.711907,-74.007547,79,4
RIDE_002553,SCOOT_0011,USER_00684,2026-06-12 5:30:05,06/12/2026 5:41 AM,40.7623,73.9702° W,40.756549,-73.973138,ERROR,5
RIDE_002554,SCOOT_0100,USER_00092,2026-06-28 4:49:53,06/28/2026 5:22 AM,40.716386,-74.017,40.719948,-74.015398,28,5
RIDE_002555,SCOOT_0148,USER_00695,2026-06-10 0:13:37,2026-06-10 0:56:37,40.787724,73.9816° W,40.781539,-73.98028,18,2
RIDE_002556,SCOOT_0128,USER_00179,1782458367,2026-06-26 7:51:27,40.7179,-74.002301,40.715911,-74.002041,79,three
RIDE_002557,SCOOT_0215,USER_00299,1780758233,2026-06-06 15:33:53,40.695443,-74.025185,40.698309,-74.028778,46,1
RIDE_002558,SCOOT_0074,USER_00932,2026-06-09 16:31:05,06/09/2026 4:54 PM,40.709225,-74.010416,40.704754,-74.009977,81,1
RIDE_002559,SCOOT_0219,USER_01186,1782300367,06/24/2026 11:36 AM,40.7174° N,-74.0067,40.712929,-74.00422,56%,1
RIDE_002560,SCOOT_0124,USER_00748,1780313839,2026-06-01 12:09:19,40.791714,-73.9984,40.790278,-73.996878,89,2
RIDE_002561,SCOOT_0170,USER_00969,2026-06-26 6:49:52,1782458932,40.763037,-73.945597,40.75904,-73.943702,41%,4
RIDE_002562,SCOOT_0384,USER_01083,2026-06-27 2:02:28,2026-06-27 2:33:28,40.746581,-73.935077,40.744907,-73.932094,51,4
RIDE_002563,SCOOT_0166,USER_01455,1782475821,06/26/2026 12:53 PM,40.771961,-73.992969,40.772108,-73.997024,100,1
RIDE_002564,SCOOT_0104,USER_00488,2026-06-10 19:49:12,2026-06-10 20:24:12,40.715544,-74.007049,40.714236,-74.007148,93,4
RIDE_002565,SCOOT_0208,USER_00540,1780313380,2026-06-01 12:02:40,40.7622° N,-73.959701,40.763979,-73.960171,70%,1
RIDE_002566,SCOOT_0095,USER_00699,06/08/2026 4:24 PM,2026-06-08 16:55:52,40.715855,-74.0044,40.714575,-74.004771,57%,
RIDE_002567,SCOOT_0192,USER_00780,1782254379,1782255159,40.7276° N,73.9251° W,40.726534,-73.926266,58,5
RIDE_002568,SCOOT_0016,USER_01437,06/17/2026 3:56 AM,2026-06-17 4:28:53,40.7207° N,-74.002241,40.718393,-74.000528,89%,2
RIDE_002569,SCOOT_0193,USER_00589,2026-06-03 2:04:58,06/03/2026 2:29 AM,40.7029° N,-73.980169,40.703279,-73.9766,10%,2
RIDE_002570,SCOOT_0293,USER_00415,1782065479,2026-06-21 18:15:19,40.696112,74.0457° W,40.699239,-74.045042,46%,3
RIDE_002571,SCOOT_0241,USER_01102,06/30/2026 1:25 PM,1782827834,40.713286,-74.004744,40.713005,-74.004716,51%,1
RIDE_002572,SCOOT_0063,USER_01150,06/29/2026 11:35 PM,06/29/2026 11:58 PM,40.7011,-74.021023,40.69807,-74.025199,81,1
RIDE_002573,SCOOT_0143,USER_01171,1781462378,1781462618,40.7308° N,-73.989185,40.731115,-73.989999,84,
RIDE_002574,SCOOT_0343,USER_01366,2026-06-01 20:14:02,2026-06-01 20:21:02,40.701286,73.9542° W,40.704545,-73.952871,68%,
RIDE_002575,SCOOT_0052,USER_00216,1782241466,1782243386,40.82125,73.9907° W,40.826913,-73.993643,90,2
RIDE_002576,SCOOT_0200,USER_01425,1781871220,2026-06-19 12:43:40,40.705275,-74.013477,40.705319,-74.012318,41,3
RIDE_002577,SCOOT_0379,USER_01358,2026-06-26 20:29:44,06/26/2026 8:39 PM,40.7097,-73.9917,40.710003,-73.99329,N/A,5
RIDE_002578,SCOOT_0214,USER_01309,2026-06-15 10:16:42,2026-06-15 10:52:42,40.689164,-73.971782,40.687203,-73.969036,35,5
RIDE_002579,SCOOT_0123,USER_00766,2026-06-16 6:53:10,2026-06-16 7:19:10,40.7734° N,-74.001374,40.776753,-73.995193,37,5
RIDE_002580,SCOOT_0091,USER_00719,06/28/2026 10:21 PM,2026-06-28 23:03:46,40.76644,-73.965618,40.769551,-73.966445,76%,1
RIDE_002581,SCOOT_0292,USER_00861,1780622331,1780622811,40.752046,74.0120° W,40.752462,-74.01049,63,five star
RIDE_002582,SCOOT_0329,USER_00806,2026-06-19 20:56:32,2026-06-19 21:11:32,40.7149° N,-74.001738,40.71254,-74.003336,72%,3
RIDE_002583,SCOOT_0398,USER_01125,06/17/2026 4:49 AM,2026-06-17 5:24:40,40.821,-73.974207,40.82161,-73.974408,7%,three
RIDE_002584,SCOOT_0119,USER_01169,2026-06-16 9:13:57,2026-06-16 9:46:57,40.7416° N,73.9530° W,40.739983,-73.956411,96,4
RIDE_002585,SCOOT_0352,USER_01478,06/06/2026 4:38 AM,06/06/2026 4:49 AM,40.748985,-74.0255,40.747031,-74.028439,32,3
RIDE_002586,SCOOT_0154,USER_00418,2026-06-26 15:59:50,1782491150,40.7607° N,-73.999168,40.763412,-73.994973,73,
RIDE_002587,SCOOT_0181,USER_00065,2026-06-03 4:34:14,2026-06-03 5:19:14,40.715925,-74.006862,40.716348,-74.011437,9%,4
RIDE_002588,SCOOT_0231,USER_01319,2026-06-28 21:23:39,06/28/2026 9:35 PM,40.780424,73.9884° W,40.782507,-73.980691,76,3
RIDE_002589,SCOOT_0275,USER_00646,2026-06-12 15:12:29,06/12/2026 3:26 PM,40.699196,-74.084323,40.698113,-74.083955,59,5
RIDE_002590,SCOOT_0009,USER_00615,2026-06-11 0:36:12,1781139852,40.6909° N,-74.059116,40.691683,-74.062844,8,1
RIDE_002591,SCOOT_0259,USER_01118,2026-06-05 17:43:23,2026-06-05 18:23:23,40.6816° N,-73.975084,40.678555,-73.973469,LOW,1
RIDE_002592,SCOOT_0108,USER_01083,06/29/2026 11:18 PM,2026-06-30 0:00:55,40.673111,-73.9527,40.670788,-73.953374,32%,3
RIDE_002593,SCOOT_0048,USER_00844,2026-06-10 18:18:22,1781118082,40.714122,-74.008261,40.714553,-74.006535,51,
RIDE_002594,SCOOT_0175,USER_01453,1781070751,2026-06-10 6:19:31,40.716642,-74.002834,40.716127,-74.003274,23,2
RIDE_002595,SCOOT_0118,USER_00566,2026-06-09 14:10:37,2026-06-09 14:52:37,40.759782,-73.987002,40.757017,-73.986702,97,3
RIDE_002596,SCOOT_0293,USER_01077,1781359003,1781359363,40.693797,73.9907° W,40.690109,-73.991942,7%,2
RIDE_002597,SCOOT_0088,USER_00339,2026-06-28 2:48:11,2026-06-28 2:54:11,40.797631,-73.966018,40.790158,-73.962368,11,1
RIDE_002598,SCOOT_0139,USER_00250,2026-06-10 23:03:02,06/10/2026 11:12 PM,40.7279,-74.015986,40.730044,-74.018564,11,3
RIDE_002599,SCOOT_0357,USER_00655,1780819017,2026-06-07 8:11:57,40.751995,-73.9476,40.75118,-73.953238,9%,4
RIDE_002600,SCOOT_0304,USER_00366,06/18/2026 4:14 AM,1781757939,40.756734,73.9871° W,40.760329,-73.987029,23%,3
RIDE_002601,SCOOT_0385,USER_00173,06/06/2026 3:07 AM,2026-06-06 3:47:05,40.7496° N,73.9646° W,40.749931,-73.966849,38,five star
RIDE_002602,SCOOT_0084,USER_01456,1780857670,06/07/2026 7:07 PM,40.7292° N,-74.004927,40.729209,-74.004393,42,1
RIDE_002603,SCOOT_0263,USER_01067,2026-06-01 3:56:05,2026-06-01 4:27:05,40.7085,74.0081° W,40.708528,-74.008695,56%,5
RIDE_002604,SCOOT_0343,USER_00670,2026-06-13 14:40:54,06/13/2026 3:06 PM,40.774349,-73.9637,40.776913,-73.963624,32%,4
RIDE_002605,SCOOT_0336,USER_00053,2026-06-20 3:42:20,06/20/2026 4:11 AM,40.717025,-74.0044,40.717065,-74.00445,20,5
RIDE_002606,SCOOT_0149,USER_00375,06/29/2026 3:27 AM,1782704205,40.708982,-74.003972,40.708862,-74.005478,69,2
RIDE_002607,SCOOT_0400,USER_00324,1781773660,1781773840,40.7349,-74.031004,40.733662,-74.027921,ERROR,2
RIDE_002608,SCOOT_0198,USER_00061,1780290276,1780291656,40.714062,-74.006191,40.714815,-74.005653,6,4
RIDE_002609,SCOOT_0363,USER_00810,06/10/2026 4:54 AM,06/10/2026 5:36 AM,40.7003° N,73.9422° W,40.705116,-73.944163,82,4
RIDE_002610,SCOOT_0092,USER_00599,06/30/2026 5:06 PM,1782840493,40.7115,-74.008166,40.711266,-74.009916,6,3
RIDE_002611,SCOOT_0366,USER_01010,2026-06-27 1:53:04,2026-06-27 1:57:04,40.7147° N,-74.0052,40.717068,-74.008364,87,5
RIDE_002612,SCOOT_0344,USER_00425,06/30/2026 5:15 AM,2026-06-30 5:36:58,40.705993,-74.0105,40.70736,-74.012894,86,5
RIDE_002613,SCOOT_0337,USER_00212,1781850515,1781852555,40.7244° N,-73.985072,40.721446,-73.986544,90%,5
RIDE_002614,SCOOT_0334,USER_00874,06/26/2026 8:04 PM,1782505044,40.7383° N,-73.9154,40.736972,-73.910319,100%,5
RIDE_002615,SCOOT_0315,USER_01234,2026-06-17 0:46:37,06/17/2026 1:19 AM,40.723067,-74.0055,40.721008,-74.00803,84,5
RIDE_002616,SCOOT_0363,USER_00958,2026-06-12 21:04:26,06/12/2026 9:22 PM,40.7117° N,-74.008835,40.70927,-74.00536,25,3
RIDE_002617,SCOOT_0290,USER_00579,06/24/2026 2:04 AM,1782268174,40.7177° N,-74.002203,40.719267,-74.001925,93,3
RIDE_002618,SCOOT_0280,USER_00024,2026-06-22 21:02:22,06/22/2026 9:44 PM,40.696159,-74.027863,40.697248,-74.031384,low,2
RIDE_002619,SCOOT_0299,USER_00682,06/26/2026 11:50 AM,1782477044,40.7088° N,74.0014° W,40.714526,-74.000208,22,3
RIDE_002620,SCOOT_0057,USER_01442,1781149214,1781150114,40.7527° N,-73.940117,40.748716,-73.93828,53,3
RIDE_002621,SCOOT_0376,USER_01240,2026-06-30 3:37:21,2026-06-30 3:41:21,40.794486,-73.9698,40.793759,-73.96688,low,3
RIDE_002622,SCOOT_0258,USER_00955,06/01/2026 12:12 PM,06/01/2026 12:16 PM,40.7089,-74.009095,40.705833,-74.00884,18,4
RIDE_002623,SCOOT_0385,USER_00472,2026-06-28 1:26:22,1782610882,40.691042,-74.019685,40.688925,-74.020467,68,5
RIDE_002624,SCOOT_0126,USER_01020,1781262666,1781264526,40.731653,-73.9759,40.735394,-73.975449,41,4
RIDE_002625,SCOOT_0124,USER_00111,06/29/2026 7:55 AM,1782720122,40.718965,-74.0007,40.721298,-74.00044,69,2
RIDE_002626,SCOOT_0125,USER_01444,1782575021,1782576461,40.70095,-73.972724,40.699775,-73.978372,LOW,1
RIDE_002627,SCOOT_0045,USER_00917,1781434238,1781436518,40.76784,-74.008121,40.764954,-74.008121,91,5
RIDE_002628,SCOOT_0145,USER_01164,06/02/2026 4:54 AM,06/02/2026 5:30 AM,40.7124° N,-74.011648,40.712916,-74.00875,81%,1
RIDE_002629,SCOOT_0158,USER_00626,2026-06-20 20:53:47,2026-06-20 21:26:47,40.725833,-73.96025,40.721153,-73.953898,64,2
RIDE_002630,SCOOT_0063,USER_00481,1780631293,1780631593,40.749775,-73.982588,40.744099,-73.982774,81,2
RIDE_002631,SCOOT_0183,USER_00867,06/11/2026 1:20 PM,2026-06-11 13:44:23,40.7877° N,73.9729° W,40.78598,-73.975763,low,5
RIDE_002632,SCOOT_0284,USER_01018,06/25/2026 4:54 PM,1782407110,40.8057° N,-73.9706,40.810333,-73.972163,98%,5
RIDE_002633,SCOOT_0110,USER_01243,1782245377,1782247297,40.7744,-73.954888,40.769535,-73.958529,85,
RIDE_002634,SCOOT_0185,USER_00240,06/18/2026 3:03 AM,06/18/2026 3:40 AM,40.7525° N,-73.958639,40.747093,-73.953033,29,
RIDE_002635,SCOOT_0144,USER_00233,06/19/2026 9:12 AM,1781861729,40.7072,-74.005264,40.707432,-74.013695,59%,2
RIDE_002636,SCOOT_0164,USER_01045,06/18/2026 8:13 PM,1781813853,40.6952° N,-73.979032,40.696217,-73.976321,14%,4
RIDE_002637,SCOOT_0157,USER_01231,1781217240,06/11/2026 10:49 PM,40.75025,73.9712° W,40.748182,-73.975481,5%,3
RIDE_002638,SCOOT_0005,USER_00288,2026-06-07 8:34:32,06/07/2026 9:14 AM,40.707609,-74.0118,40.710638,-74.016392,41,4
RIDE_002639,SCOOT_0369,USER_00690,06/02/2026 5:02 PM,06/02/2026 5:45 PM,40.7139° N,-74.007064,40.713588,-74.002973,45%,3
RIDE_002640,SCOOT_0240,USER_01431,1782374310,1782375690,40.711046,-74.0036,40.711159,-74.00401,76,4
RIDE_002641,SCOOT_0380,USER_00080,1781723295,2026-06-17 19:45:15,40.7465° N,74.0168° W,40.750367,-74.014858,LOW,1
RIDE_002642,SCOOT_0207,USER_00217,2026-06-15 5:05:28,1781502628,40.7109° N,-73.999483,40.705338,-74.001048,LOW,3
RIDE_002643,SCOOT_0219,USER_00838,1782230942,1782232502,40.72473,-73.9598,40.721391,-73.958459,89,5
RIDE_002644,SCOOT_0133,USER_01153,2026-06-16 2:58:44,06/16/2026 3:34 AM,40.6855° N,-74.054087,40.686637,-74.054893,ERROR,
RIDE_002645,SCOOT_0398,USER_00097,1781795119,1781797099,40.708445,-73.994795,40.706984,-74.001447,32,4
RIDE_002646,SCOOT_0315,USER_00989,1782210190,2026-06-23 11:08:10,40.709432,-74.011069,40.71191,-74.010104,55,5
RIDE_002647,SCOOT_0320,USER_01219,1782120002,06/22/2026 10:01 AM,40.756374,73.9931° W,40.755536,-73.994213,13,4
RIDE_002648,SCOOT_0031,USER_00191,06/29/2026 6:12 PM,06/29/2026 6:52 PM,40.687576,-74.027793,40.688584,-74.026293,16,1
RIDE_002649,SCOOT_0086,USER_00950,2026-06-17 15:30:37,1781711497,40.7148,74.0025° W,40.715663,-74.001386,13,1
RIDE_002650,SCOOT_0196,USER_01399,2026-06-12 21:39:05,2026-06-12 21:47:05,40.806876,73.9845° W,40.804309,-73.988059,94,3
RIDE_002651,SCOOT_0173,USER_00529,2026-06-16 10:46:39,2026-06-16 10:50:39,40.765058,74.0147° W,40.766445,-74.015002,16,
RIDE_002652,SCOOT_0333,USER_01195,1780614691,1780615111,40.7173° N,-74.008688,40.716729,-74.005321,14,4
RIDE_002653,SCOOT_0335,USER_00501,2026-06-07 1:55:15,2026-06-07 2:00:15,40.7183° N,-74.008721,40.718878,-74.007837,55%,4
RIDE_002654,SCOOT_0293,USER_01466,2026-06-24 13:18:31,06/24/2026 1:33 PM,40.720273,-74.011252,40.724117,-74.016921,N/A,5
RIDE_002655,SCOOT_0275,USER_00316,1781954374,2026-06-20 11:39:34,40.697677,-73.9998,40.699049,-73.995783,57,3
RIDE_002656,SCOOT_0094,USER_00393,06/13/2026 7:17 PM,06/13/2026 7:28 PM,40.724465,73.9937° W,40.728364,-73.995853,85,1
RIDE_002657,SCOOT_0261,USER_01061,2026-06-05 7:05:39,06/05/2026 7:30 AM,40.719118,-73.95179,40.722763,-73.951472,81%,2
RIDE_002658,SCOOT_0185,USER_00531,2026-06-01 12:14:08,1780316288,40.7765° N,-74.001772,40.777396,-74.005117,81%,2
RIDE_002659,SCOOT_0301,USER_00503,2026-06-26 10:43:45,1782471285,40.709627,-74.010763,40.708246,-74.010847,36,3
RIDE_002660,SCOOT_0223,USER_00258,2026-06-02 11:08:43,06/02/2026 11:38 AM,40.713894,-74.008402,40.717102,-74.009027,18,5
RIDE_002661,SCOOT_0011,USER_01194,06/24/2026 4:39 PM,06/24/2026 5:05 PM,40.7148° N,-73.9307,40.720736,-73.929669,84%,4
RIDE_002662,SCOOT_0223,USER_00090,1780549512,2026-06-04 5:15:12,40.711349,-74.01211,40.71069,-74.011405,46,5
RIDE_002663,SCOOT_0204,USER_00279,1780501703,1780502063,40.692748,74.0213° W,40.690197,-74.016944,4,2
RIDE_002664,SCOOT_0153,USER_00505,2026-06-12 3:47:31,06/12/2026 4:20 AM,40.718536,-74.009547,40.720554,-74.013082,30,5
RIDE_002665,SCOOT_0047,USER_01023,2026-06-22 23:06:21,2026-06-22 23:47:21,40.776986,73.9631° W,40.779835,-73.968241,88,4
RIDE_002666,SCOOT_0376,USER_01039,2026-06-19 9:38:01,1781864221,40.7028° N,74.0447° W,40.705309,-74.041909,80,4
RIDE_002667,SCOOT_0271,USER_00469,1782706401,06/29/2026 4:27 AM,40.7319,73.9472° W,40.734255,-73.947397,19,1
RIDE_002668,SCOOT_0139,USER_01456,2026-06-05 5:16:54,1780637814,40.695344,74.0244° W,40.690913,-74.025934,50,2
RIDE_002669,SCOOT_0009,USER_00718,1780308277,2026-06-01 10:09:37,40.717211,-74.005289,40.715621,-74.002874,30%,1
RIDE_002670,SCOOT_0368,USER_00277,2026-06-01 4:56:47,06/01/2026 5:07 AM,40.6839° N,73.9861° W,40.683312,-73.983756,46,5
RIDE_002671,SCOOT_0100,USER_01498,2026-06-15 15:17:30,06/15/2026 3:51 PM,40.657655,-74.061504,40.652741,-74.062283,low,4
RIDE_002672,SCOOT_0071,USER_00777,06/26/2026 4:50 AM,1782451317,40.7548° N,-73.945309,40.753296,-73.942694,LOW,
RIDE_002673,SCOOT_0342,USER_00784,2026-06-01 17:49:48,1780338048,40.7794° N,-73.9873,40.781425,-73.990502,50%,5
RIDE_002674,SCOOT_0100,USER_00135,06/26/2026 12:29 PM,06/26/2026 12:45 PM,40.785559,-73.9425,40.787123,-73.948779,1,5
RIDE_002675,SCOOT_0054,USER_00267,1781800198,1781801218,40.710567,74.0035° W,40.709303,-73.999732,60,2
RIDE_002676,SCOOT_0343,USER_00765,1781976034,1781976934,40.700963,-74.05863,40.70106,-74.061311,low,4
RIDE_002677,SCOOT_0044,USER_00321,06/20/2026 11:15 PM,2026-06-20 23:19:42,40.7024° N,-74.019892,40.705973,-74.013544,72,4
RIDE_002678,SCOOT_0121,USER_00430,06/25/2026 4:24 AM,2026-06-25 5:00:50,40.6606,74.0830° W,40.659841,-74.08752,99%,
RIDE_002679,SCOOT_0086,USER_00403,06/03/2026 11:56 AM,06/03/2026 12:38 PM,40.701424,-73.973021,40.705907,-73.972417,80,
RIDE_002680,SCOOT_0063,USER_00453,1780344194,1780346354,40.702237,-74.048368,40.702315,-74.048154,22,3
RIDE_002681,SCOOT_0301,USER_00694,06/30/2026 12:52 AM,06/30/2026 12:58 AM,40.761679,73.9822° W,40.760374,-73.986604,88,1
RIDE_002682,SCOOT_0066,USER_00913,2026-06-19 3:31:49,1781841229,40.703635,-74.0104,40.698924,-74.009424,80,4
RIDE_002683,SCOOT_0392,USER_01357,06/06/2026 6:15 PM,2026-06-06 18:45:59,40.7476° N,-73.996265,40.744684,-74.005962,29,3
RIDE_002684,SCOOT_0055,USER_00872,2026-06-11 1:40:27,1781143167,40.742966,-74.026005,40.741729,-74.03037,26,3
RIDE_002685,SCOOT_0273,USER_00645,2026-06-26 13:45:00,06/26/2026 2:16 PM,40.7167° N,74.0054° W,40.714209,-74.006603,73%,3
RIDE_002686,SCOOT_0047,USER_01033,1781517085,2026-06-15 10:33:25,40.7195° N,-74.0063,40.718968,-74.009116,20,3
RIDE_002687,SCOOT_0057,USER_00884,06/15/2026 10:44 PM,1781564575,40.745208,-73.974401,40.746185,-73.971102,21,2
RIDE_002688,SCOOT_0226,USER_00006,06/24/2026 9:41 AM,2026-06-24 10:06:01,40.6555,-74.0105,40.653788,-74.010512,ERROR,3
RIDE_002689,SCOOT_0357,USER_01208,06/10/2026 1:25 AM,2026-06-10 1:58:48,40.727699,-73.937634,40.728924,-73.940344,75,4
RIDE_002690,SCOOT_0038,USER_00317,06/05/2026 1:49 AM,2026-06-05 2:06:36,40.731483,-73.997331,40.730523,-73.992528,50,2
RIDE_002691,SCOOT_0362,USER_00625,1782637458,06/28/2026 9:07 AM,40.719026,74.0023° W,40.70997,-73.997532,15,2
RIDE_002692,SCOOT_0209,USER_01339,2026-06-06 12:23:39,06/06/2026 12:50 PM,40.7160° N,-73.997974,40.719691,-73.993239,63,2
RIDE_002693,SCOOT_0065,USER_01205,1781919652,2026-06-20 1:56:52,40.7163,-74.0006,40.722297,-73.999956,52,2
RIDE_002694,SCOOT_0378,USER_01021,2026-06-17 11:45:59,1781698559,40.7175° N,-73.9741,40.718625,-73.973925,57,1
RIDE_002695,SCOOT_0027,USER_00569,06/26/2026 1:35 AM,1782439502,40.707814,-74.012524,40.70559,-74.010101,57,
RIDE_002696,SCOOT_0123,USER_01032,1782336696,1782337176,40.814707,-73.952869,40.817879,-73.953111,85,4
RIDE_002697,SCOOT_0192,USER_01028,2026-06-30 16:41:27,06/30/2026 5:11 PM,40.705832,-74.007821,40.705055,-74.009312,1,3
RIDE_002698,SCOOT_0129,USER_00223,1781451440,1781452040,40.690294,-74.035672,40.692853,-74.036506,47,1
RIDE_002699,SCOOT_0296,USER_01199,06/24/2026 10:00 PM,1782340514,40.6747° N,-74.015658,40.674856,-74.011989,18%,2
RIDE_002700,SCOOT_0149,USER_01472,06/27/2026 7:05 PM,2026-06-27 19:18:01,40.710529,-74.0039,40.711399,-74.003818,18,1
RIDE_002701,SCOOT_0333,USER_01425,06/09/2026 6:37 PM,1781031377,40.780011,-73.990817,40.778285,-73.990853,35,2
RIDE_002702,SCOOT_0190,USER_00902,06/13/2026 2:13 PM,06/13/2026 2:16 PM,40.710239,-74.003968,40.7081,-74.003289,88,3
RIDE_002703,SCOOT_0202,USER_00096,1782052516,06/21/2026 3:09 PM,40.781097,-73.966901,40.779717,-73.967919,52,4
RIDE_002704,SCOOT_0037,USER_01006,1781787040,1781787700,40.7132,-74.005192,40.713171,-74.000076,43,2
RIDE_002705,SCOOT_0073,USER_00342,06/12/2026 2:15 AM,06/12/2026 2:36 AM,40.7291° N,-73.969284,40.724364,-73.968168,ERROR,3
RIDE_002706,SCOOT_0331,USER_01078,06/01/2026 3:41 PM,2026-06-01 15:48:48,40.7266,-73.973566,40.725479,-73.972724,60,2
RIDE_002707,SCOOT_0132,USER_00507,1781431327,2026-06-14 10:07:07,40.710589,-74.0084,40.714896,-74.007528,5,1
RIDE_002708,SCOOT_0135,USER_01370,1780383825,1780384305,40.719379,-73.9402,40.724315,-73.940922,14,5
RIDE_002709,SCOOT_0054,USER_00704,06/01/2026 2:34 PM,06/01/2026 2:59 PM,40.710043,-74.00874,40.708396,-74.010523,46%,4
RIDE_002710,SCOOT_0103,USER_01332,1780481038,06/03/2026 10:18 AM,40.7575° N,-73.993684,40.755019,-73.991909,58,5
RIDE_002711,SCOOT_0278,USER_01459,06/17/2026 4:36 PM,06/17/2026 4:44 PM,40.753775,73.9817° W,40.757586,-73.977858,low,2
RIDE_002712,SCOOT_0355,USER_00252,06/26/2026 8:56 PM,2026-06-26 21:21:28,40.743258,-73.980617,40.740664,-73.978539,88,1
RIDE_002713,SCOOT_0101,USER_00806,2026-06-20 22:22:53,1781996573,40.702,-74.01653,40.699565,-74.018839,91,5
RIDE_002714,SCOOT_0025,USER_00186,06/26/2026 7:32 PM,06/26/2026 7:53 PM,40.71408,-74.0113,40.717065,-74.012863,56,5
RIDE_002715,SCOOT_0005,USER_00385,1782518914,06/27/2026 12:19 AM,40.780107,73.9979° W,40.78007,-73.998925,93%,2
RIDE_002716,SCOOT_0375,USER_00784,2026-06-18 16:32:12,1781801112,40.7126,74.0001° W,40.713133,-74.002497,82%,3
RIDE_002717,SCOOT_0019,USER_01069,2026-06-06 11:05:43,2026-06-06 11:25:43,40.698574,-73.994097,40.70247,-73.993252,31%,3
RIDE_002718,SCOOT_0161,USER_01220,2026-06-05 10:29:02,2026-06-05 10:44:02,40.719874,-73.9966,40.724131,-74.002454,7,3
RIDE_002719,SCOOT_0250,USER_00574,2026-06-25 19:11:21,2026-06-25 19:32:21,40.715469,-74.002065,40.711453,-74.004722,97,1
RIDE_002720,SCOOT_0013,USER_00287,1781224298,1781226758,40.709397,-74.0089,40.707952,-74.008187,73%,4
RIDE_002721,SCOOT_0347,USER_00673,1780998567,2026-06-09 9:52:27,40.7163,-74.001675,40.713749,-74.004209,86,2
RIDE_002722,SCOOT_0066,USER_00909,06/23/2026 8:47 AM,06/23/2026 8:58 AM,40.809416,-73.958265,40.809665,-73.956845,51,
RIDE_002723,SCOOT_0174,USER_01400,2026-06-12 17:19:26,1781285786,40.712681,-74.0039,40.711673,-74.003095,50,1
RIDE_002724,SCOOT_0031,USER_01315,1780952834,2026-06-08 21:23:14,40.670289,-74.001756,40.668258,-74.002879,18,3
RIDE_002725,SCOOT_0259,USER_00371,06/04/2026 7:33 AM,06/04/2026 7:52 AM,40.71207,-73.945871,40.707526,-73.944225,70,3
RIDE_002726,SCOOT_0353,USER_01230,1782728951,1782730811,40.72895,-73.969304,40.726445,-73.968294,6,1
RIDE_002727,SCOOT_0379,USER_00184,2026-06-04 5:23:23,1780552463,40.710628,-74.008788,40.710404,-74.007757,N/A,1
RIDE_002728,SCOOT_0142,USER_00515,1781419706,06/14/2026 7:02 AM,40.7071° N,74.0038° W,40.704654,-74.003853,6%,
RIDE_002729,SCOOT_0076,USER_00321,2026-06-07 14:20:25,2026-06-07 14:39:25,40.7054,74.0193° W,40.702321,-74.020198,54%,3
RIDE_002730,SCOOT_0261,USER_00097,06/23/2026 12:16 AM,2026-06-23 0:59:17,40.7193,-74.011447,40.724378,-74.012226,31%,4
RIDE_002731,SCOOT_0112,USER_00081,1782687008,2026-06-28 23:25:08,40.783807,-73.992934,40.781494,-73.994443,low,3
RIDE_002732,SCOOT_0229,USER_00678,2026-06-01 1:35:14,06/01/2026 2:15 AM,40.7086° N,-74.006836,40.707396,-74.001283,55,4
RIDE_002733,SCOOT_0327,USER_00444,06/10/2026 2:39 PM,06/10/2026 3:05 PM,40.734681,-73.983446,40.735424,-73.986657,38,4
RIDE_002734,SCOOT_0152,USER_00842,06/08/2026 6:41 AM,1780902152,40.7751° N,-73.9856,40.767659,-73.983587,99,
RIDE_002735,SCOOT_0203,USER_01166,2026-06-24 7:18:25,2026-06-24 7:42:25,40.7083,74.0102° W,40.710396,-74.011233,66,4
RIDE_002736,SCOOT_0362,USER_00449,06/22/2026 2:04 PM,06/22/2026 2:29 PM,40.718855,-73.963797,40.716921,-73.961417,82,2
RIDE_002737,SCOOT_0167,USER_00190,1781522858,1781523578,40.709778,73.9971° W,40.707699,-73.993989,73,2
RIDE_002738,SCOOT_0024,USER_00560,1782294008,06/24/2026 10:04 AM,40.7162,-74.004736,40.714164,-74.00519,30%,4
RIDE_002739,SCOOT_0287,USER_00293,2026-06-03 10:22:01,2026-06-03 10:34:01,40.6461,-74.040012,40.647177,-74.039611,63,5
RIDE_002740,SCOOT_0017,USER_00179,06/04/2026 12:35 AM,2026-06-04 1:17:15,40.7019,74.0029° W,40.69969,-74.002038,22%,3
RIDE_002741,SCOOT_0309,USER_00112,2026-06-23 11:07:37,2026-06-23 11:46:37,40.713957,-74.006681,40.715863,-74.00976,76%,2
RIDE_002742,SCOOT_0225,USER_01036,06/30/2026 7:52 PM,06/30/2026 8:24 PM,40.7428° N,-73.925705,40.743937,-73.926251,4%,
RIDE_002743,SCOOT_0325,USER_00634,1780658324,06/05/2026 11:40 AM,40.720123,74.0040° W,40.717218,-74.003282,88,5
RIDE_002744,SCOOT_0245,USER_00378,1780858300,2026-06-07 19:20:40,40.77645,73.9894° W,40.779717,-73.988216,82,5
RIDE_002745,SCOOT_0368,USER_00846,2026-06-13 13:50:49,1781360989,40.66595,-74.000007,40.664732,-73.998395,63,3
RIDE_002746,SCOOT_0221,USER_00853,1782848417,1782850877,40.801984,-73.967297,40.80698,-73.967833,88,3
RIDE_002747,SCOOT_0087,USER_01029,1781322609,2026-06-13 3:55:09,40.7153° N,-74.00278,40.715007,-74.000444,49,4
RIDE_002748,SCOOT_0010,USER_00504,1782590345,1782591965,40.737,73.9765° W,40.733069,-73.975727,33,3
RIDE_002749,SCOOT_0288,USER_01107,06/22/2026 11:39 PM,06/23/2026 12:21 AM,40.7141° N,-74.001283,40.716474,-74.002137,86,1
RIDE_002750,SCOOT_0331,USER_00417,2026-06-08 23:52:33,2026-06-09 0:10:33,40.725336,73.9593° W,40.728669,-73.957077,54,2
RIDE_002751,SCOOT_0040,USER_00790,06/16/2026 5:58 PM,06/16/2026 6:39 PM,40.7523,-73.939438,40.75089,-73.941648,21%,1
RIDE_002752,SCOOT_0203,USER_01305,2026-06-07 3:29:16,06/07/2026 4:04 AM,40.711682,-74.007572,40.712302,-74.00796,10,2
RIDE_002753,SCOOT_0248,USER_00384,2026-06-25 7:53:43,06/25/2026 8:00 AM,40.712265,-74.009107,40.71509,-74.008877,16,4
RIDE_002754,SCOOT_0358,USER_01412,2026-06-02 4:05:32,1780373972,40.697011,74.0029° W,40.693015,-73.999025,82,5
RIDE_002755,SCOOT_0151,USER_00633,06/01/2026 12:17 AM,1780273202,40.711593,-74.020478,40.713882,-74.017711,28,2
RIDE_002756,SCOOT_0060,USER_00233,1781685655,06/17/2026 8:59 AM,40.751388,-73.936038,40.752038,-73.940288,64,5
RIDE_002757,SCOOT_0320,USER_00487,06/15/2026 10:48 PM,2026-06-15 22:54:17,40.756203,-73.9631,40.754393,-73.961381,N/A,
RIDE_002758,SCOOT_0342,USER_01396,1782154514,2026-06-22 18:58:14,40.7155° N,73.9482° W,40.712912,-73.951144,27,4
RIDE_002759,SCOOT_0197,USER_00329,2026-06-01 0:54:37,1780276837,40.728324,-73.926541,40.728815,-73.928769,45%,4
RIDE_002760,SCOOT_0086,USER_00792,2026-06-12 5:22:20,2026-06-12 6:06:20,40.702678,74.0287° W,40.702004,-74.025436,22%,2
RIDE_002761,SCOOT_0004,USER_00368,06/16/2026 12:58 AM,06/16/2026 1:07 AM,40.757915,-73.968312,40.762281,-73.970076,ERROR,5
RIDE_002762,SCOOT_0294,USER_00613,06/11/2026 3:29 AM,2026-06-11 3:53:23,40.712054,-73.997315,40.716387,-74.002332,22,5
RIDE_002763,SCOOT_0032,USER_01362,1780508150,2026-06-03 17:59:50,40.7143° N,-74.005998,40.716828,-74.008233,78,1
RIDE_002764,SCOOT_0255,USER_01033,2026-06-11 1:00:00,06/11/2026 1:31 AM,40.709442,-74.008704,40.707726,-74.006258,63,2
RIDE_002765,SCOOT_0021,USER_00696,1781020368,06/09/2026 4:23 PM,40.7248° N,-73.9982,40.719409,-73.995131,51%,3
RIDE_002766,SCOOT_0125,USER_01485,1782844438,2026-06-30 18:50:58,40.717884,-74.007308,40.71699,-74.005949,83,4
RIDE_002767,SCOOT_0131,USER_00057,1780689492,06/05/2026 8:12 PM,40.78749,-73.977328,40.785397,-73.982184,97,2
RIDE_002768,SCOOT_0346,USER_00961,1781420817,06/14/2026 7:33 AM,40.735697,-73.984036,40.733731,-73.983451,41,
RIDE_002769,SCOOT_0285,USER_00831,06/21/2026 9:56 AM,06/21/2026 10:29 AM,40.746942,-74.006663,40.74341,-74.001976,57,5
RIDE_002770,SCOOT_0325,USER_00610,1780873074,1780875774,40.716356,-73.999078,40.717976,-74.000368,78%,
RIDE_002771,SCOOT_0358,USER_00834,2026-06-18 2:55:18,2026-06-18 3:13:18,40.775367,-73.9687,40.776029,-73.96879,N/A,3
RIDE_002772,SCOOT_0079,USER_00194,06/16/2026 2:38 PM,2026-06-16 15:10:26,40.699062,-73.953405,40.700535,-73.952416,62,
RIDE_002773,SCOOT_0003,USER_00516,1781536934,06/15/2026 3:44 PM,40.7126,74.0053° W,40.710761,-74.003497,20,5
RIDE_002774,SCOOT_0326,USER_01205,06/23/2026 12:44 PM,2026-06-23 13:01:36,40.707572,-74.005256,40.709256,-74.005852,94,three
RIDE_002775,SCOOT_0312,USER_00390,06/21/2026 6:38 AM,06/21/2026 7:15 AM,40.714283,74.0100° W,40.711386,-74.009255,59,5
RIDE_002776,SCOOT_0101,USER_01463,2026-06-07 22:53:14,1780874234,40.761971,-74.0232,40.763537,-74.024827,65,4
RIDE_002777,SCOOT_0347,USER_00711,06/20/2026 7:14 PM,2026-06-20 19:36:32,40.6853° N,-74.07129,40.682789,-74.068392,41%,4
RIDE_002778,SCOOT_0121,USER_00639,1780649024,06/05/2026 9:24 AM,40.712931,-74.007531,40.712582,-74.006063,ERROR,2
RIDE_002779,SCOOT_0048,USER_00767,1782691589,06/29/2026 12:33 AM,40.75721,-73.987201,40.760489,-73.984289,34,2
RIDE_002780,SCOOT_0100,USER_00747,2026-06-13 7:08:42,1781335662,40.769667,-73.976508,40.771639,-73.975565,72,2
RIDE_002781,SCOOT_0076,USER_00173,06/15/2026 1:10 AM,1781487074,40.717043,-74.0024,40.713988,-74.00566,40%,3
RIDE_002782,SCOOT_0324,USER_01136,1780458595,2026-06-03 4:21:55,40.71,-74.002095,40.705266,-74.000911,22%,1
RIDE_002783,SCOOT_0140,USER_01006,06/18/2026 10:53 AM,06/18/2026 11:07 AM,40.6965,-74.021247,40.696992,-74.025277,16%,4
RIDE_002784,SCOOT_0110,USER_01335,2026-06-21 22:13:33,06/21/2026 10:27 PM,40.6869,-74.0324,40.685299,-74.032989,57,3
RIDE_002785,SCOOT_0134,USER_00755,06/30/2026 10:38 PM,06/30/2026 11:20 PM,40.7598,-73.941787,40.755815,-73.937748,8,1
RIDE_002786,SCOOT_0088,USER_00533,2026-06-21 2:44:28,1782012028,40.717541,74.0024° W,40.715459,-74.001379,44,5
RIDE_002787,SCOOT_0087,USER_00632,06/11/2026 7:09 AM,2026-06-11 7:16:24,40.707691,-74.002356,40.707469,-74.003584,ERROR,4
RIDE_002788,SCOOT_0305,USER_01284,2026-06-07 1:43:38,06/07/2026 2:26 AM,40.707905,74.0159° W,40.704789,-74.012572,15%,4
RIDE_002789,SCOOT_0198,USER_00693,2026-06-14 8:49:24,1781428824,40.6924° N,73.9914° W,40.69441,-73.98597,63,1
RIDE_002790,SCOOT_0042,USER_00851,06/01/2026 3:27 PM,06/01/2026 3:34 PM,40.7157,-74.063947,40.709872,-74.056868,1,1
RIDE_002791,SCOOT_0058,USER_00354,1780358615,06/02/2026 12:22 AM,40.7582° N,-74.0022,40.754368,-73.999341,66,2
RIDE_002792,SCOOT_0317,USER_01239,1780431038,06/02/2026 8:38 PM,40.68704,-74.04676,40.689724,-74.045756,80,4
RIDE_002793,SCOOT_0008,USER_01315,2026-06-27 23:10:47,1782603707,40.6655° N,-74.050995,40.667467,-74.049464,35,2
RIDE_002794,SCOOT_0379,USER_01227,1781597207,06/16/2026 8:40 AM,40.713848,74.0023° W,40.712763,-74.00173,48,3
RIDE_002795,SCOOT_0304,USER_00471,06/23/2026 9:49 PM,1782252593,40.693888,73.9866° W,40.69618,-73.987764,98,2
RIDE_002796,SCOOT_0160,USER_01475,06/01/2026 12:22 PM,1780317946,40.6912° N,-74.0088,40.694186,-74.007184,57,4
RIDE_002797,SCOOT_0292,USER_00115,2026-06-21 3:37:48,2026-06-21 3:42:48,40.7161° N,-74.012905,40.71562,-74.013745,36,2
RIDE_002798,SCOOT_0215,USER_00434,06/08/2026 12:24 PM,1780923295,40.7072° N,74.0183° W,40.70615,-74.015772,ERROR,5
RIDE_002799,SCOOT_0200,USER_00339,2026-06-12 11:11:12,06/12/2026 11:43 AM,40.6678,73.9733° W,40.669294,-73.973381,12,2
RIDE_002800,SCOOT_0032,USER_01028,06/22/2026 4:58 AM,1782105947,40.716427,-74.0118,40.714433,-74.012171,36,3
RIDE_002801,SCOOT_0170,USER_00078,06/12/2026 10:05 PM,2026-06-12 22:48:00,40.718262,-74.006186,40.719612,-74.007955,99,5
RIDE_002802,SCOOT_0373,USER_00317,1782577023,2026-06-27 16:46:03,40.7711,-73.944055,40.774123,-73.9443,72,3
RIDE_002803,SCOOT_0043,USER_01352,2026-06-11 2:46:07,1781146747,40.7155° N,-74.00369,40.717022,-74.000354,76,1
RIDE_002804,SCOOT_0108,USER_01279,06/16/2026 11:49 AM,06/16/2026 12:02 PM,40.80519,-73.973743,40.807115,-73.974892,55%,2
RIDE_002805,SCOOT_0225,USER_00002,1781373857,06/13/2026 6:23 PM,40.682039,-73.99339,40.68181,-73.998375,67,1
RIDE_002806,SCOOT_0114,USER_01423,06/02/2026 8:23 PM,2026-06-02 20:42:55,40.778607,-74.032947,40.786751,-74.028441,41%,3
RIDE_002807,SCOOT_0160,USER_00268,1781785457,06/18/2026 12:31 PM,40.72538,73.9350° W,40.726289,-73.936779,79,1
RIDE_002808,SCOOT_0270,USER_01227,2026-06-24 15:48:55,06/24/2026 4:01 PM,40.71357,74.0066° W,40.713288,-74.006032,53,
RIDE_002809,SCOOT_0022,USER_00588,2026-06-16 19:08:08,2026-06-16 19:42:08,40.707546,-74.005842,40.708036,-74.005455,25%,5
RIDE_002810,SCOOT_0150,USER_00577,2026-06-04 22:19:03,2026-06-04 22:26:03,40.7018,73.9860° W,40.700722,-73.985361,8%,3
RIDE_002811,SCOOT_0045,USER_00456,06/03/2026 7:15 PM,1780516795,40.717989,74.0063° W,40.718633,-74.006607,81%,2
RIDE_002812,SCOOT_0256,USER_00938,2026-06-16 20:08:45,1781642745,40.717749,-74.007031,40.7216,-74.007342,93,4
RIDE_002813,SCOOT_0107,USER_00513,06/26/2026 4:53 PM,1782494708,40.709362,-74.003283,40.708448,-74.001421,43,1
RIDE_002814,SCOOT_0162,USER_00761,2026-06-29 18:21:34,1782757894,40.6346° N,-74.044396,40.633233,-74.047586,49,5
RIDE_002815,SCOOT_0160,USER_01342,2026-06-07 8:33:27,2026-06-07 8:39:27,40.7017° N,-74.0175,40.701591,-74.021576,87,1
RIDE_002816,SCOOT_0226,USER_00577,06/17/2026 11:27 AM,2026-06-17 11:51:54,40.754725,-73.958376,40.755568,-73.955949,55,
RIDE_002817,SCOOT_0126,USER_00523,1782186709,2026-06-23 4:14:49,40.7799,-73.96077,40.785502,-73.962268,54,5
RIDE_002818,SCOOT_0086,USER_01366,06/22/2026 4:56 AM,2026-06-22 5:28:40,40.6861° N,-73.972331,40.688255,-73.970004,62%,3
RIDE_002819,SCOOT_0393,USER_01146,06/02/2026 5:44 AM,2026-06-02 6:01:27,40.799186,-73.977373,40.800464,-73.980314,24,5
RIDE_002820,SCOOT_0035,USER_01448,1781924692,2026-06-20 3:44:52,40.7432° N,-73.9947,40.742282,-73.995771,93,5
RIDE_002821,SCOOT_0016,USER_00529,1782249343,06/23/2026 9:35 PM,40.71022,-74.008918,40.708649,-74.013015,42,five star
RIDE_002822,SCOOT_0005,USER_00142,2026-06-03 13:29:09,1780494129,40.7097,-73.998204,40.711866,-73.995426,47,4
RIDE_002823,SCOOT_0348,USER_00468,1781731460,1781733440,40.724044,73.9513° W,40.71873,-73.955007,6,5
RIDE_002824,SCOOT_0237,USER_00991,1781459437,1781460157,40.7453,73.9870° W,40.744424,-73.988336,89,1
RIDE_002825,SCOOT_0301,USER_01266,1782695453,06/29/2026 1:53 AM,40.6936° N,-74.043794,40.691418,-74.050321,85,4
RIDE_002826,SCOOT_0065,USER_01151,06/05/2026 3:11 AM,1780630728,40.741543,-73.988585,40.740801,-73.991974,65,2
RIDE_002827,SCOOT_0036,USER_00712,2026-06-25 14:32:58,2026-06-25 15:06:58,40.739084,-73.99062,40.738706,-73.993839,ERROR,5
RIDE_002828,SCOOT_0290,USER_00491,1781283754,1781284354,40.744422,-74.003774,40.743961,-74.006373,75%,1
RIDE_002829,SCOOT_0113,USER_00425,06/14/2026 8:42 AM,06/14/2026 9:09 AM,40.7164,-74.004377,40.716218,-74.006769,15%,1
RIDE_002830,SCOOT_0066,USER_00167,2026-06-19 12:10:07,1781872747,40.7204,-73.992186,40.720838,-73.987375,78,5
RIDE_002831,SCOOT_0270,USER_00987,1780701648,1780703448,40.7923° N,73.9529° W,40.792693,-73.950901,75,3
RIDE_002832,SCOOT_0363,USER_00420,1781893714,2026-06-19 19:11:34,40.690164,-74.017968,40.691212,-74.016942,64,3
RIDE_002833,SCOOT_0208,USER_01201,06/13/2026 8:46 PM,06/13/2026 9:00 PM,40.71483,-74.001598,40.710556,-74.004522,16,three
RIDE_002834,SCOOT_0269,USER_00744,1782778908,1782779508,40.735191,-73.9497,40.745325,-73.94814,32,1
RIDE_002835,SCOOT_0252,USER_00932,06/22/2026 12:35 PM,2026-06-22 12:52:37,40.746833,-73.996009,40.745393,-73.995919,61,3
RIDE_002836,SCOOT_0112,USER_00327,1781273726,06/12/2026 2:57 PM,40.715,-74.015134,40.71422,-74.011101,2,1
RIDE_002837,SCOOT_0066,USER_01400,2026-06-16 7:23:58,1781594878,40.718338,-74.004992,40.714314,-74.003376,49,3
RIDE_002838,SCOOT_0220,USER_01378,2026-06-24 8:20:50,06/24/2026 8:44 AM,40.7891° N,-73.958104,40.791289,-73.953837,70,
RIDE_002839,SCOOT_0049,USER_01344,1782249174,06/23/2026 9:36 PM,40.7072° N,-73.996238,40.705125,-73.995361,86%,1
RIDE_002840,SCOOT_0334,USER_01475,06/30/2026 5:57 AM,06/30/2026 6:32 AM,40.8097,-73.982988,40.807106,-73.982696,50,4
RIDE_002841,SCOOT_0103,USER_01401,2026-06-20 11:03:28,2026-06-20 11:36:28,40.711893,-74.0034,40.710534,-73.998248,36%,2
RIDE_002842,SCOOT_0338,USER_00412,2026-06-16 22:14:59,1781648459,40.6747,-73.962925,40.672412,-73.968313,82,1
RIDE_002843,SCOOT_0028,USER_00757,1780650490,1780651930,40.713752,-74.007018,40.710423,-74.012063,81,2
RIDE_002844,SCOOT_0310,USER_00148,1781374509,2026-06-13 18:47:09,40.7829,-73.951683,40.784688,-73.951513,80,5
RIDE_002845,SCOOT_0062,USER_00567,1781701001,2026-06-17 13:09:41,40.710077,-73.988544,40.705788,-73.992807,92,
RIDE_002846,SCOOT_0261,USER_00342,06/19/2026 4:59 PM,2026-06-19 17:30:45,40.6851° N,-74.047713,40.68769,-74.045441,53,2
RIDE_002847,SCOOT_0135,USER_01189,06/05/2026 2:04 PM,1780668829,40.7735° N,-73.9832,40.769361,-73.981969,17,5
RIDE_002848,SCOOT_0122,USER_01111,1782384463,2026-06-25 11:02:43,40.699703,-74.0923,40.6972,-74.094344,51,
RIDE_002849,SCOOT_0178,USER_01476,1781798069,1781799509,40.7508,74.0018° W,40.750653,-74.002399,12%,5
RIDE_002850,SCOOT_0197,USER_00032,1781366943,06/13/2026 4:44 PM,40.7122° N,74.0089° W,40.710246,-74.012106,97,2
RIDE_002851,SCOOT_0362,USER_01088,2026-06-30 4:15:38,06/30/2026 4:55 AM,40.765601,-73.974078,40.763289,-73.969516,86,1
RIDE_002852,SCOOT_0282,USER_00206,2026-06-16 19:28:31,06/16/2026 7:33 PM,40.776808,-73.9406,40.774882,-73.946676,82,5
RIDE_002853,SCOOT_0115,USER_00605,06/03/2026 5:45 AM,06/03/2026 5:48 AM,40.708544,-73.983,40.708647,-73.984956,3,4
RIDE_002854,SCOOT_0208,USER_01351,1782378396,06/25/2026 9:41 AM,40.712662,-74.008045,40.711755,-74.00552,81,3
RIDE_002855,SCOOT_0201,USER_00515,06/28/2026 11:52 AM,06/28/2026 12:26 PM,40.734284,-73.923001,40.733589,-73.924027,26,1
RIDE_002856,SCOOT_0387,USER_00725,2026-06-24 21:44:08,06/24/2026 9:47 PM,40.73833,-73.985001,40.728367,-73.986771,31%,1
RIDE_002857,SCOOT_0066,USER_00648,1781720278,2026-06-17 18:47:58,40.7468,-73.974427,40.745956,-73.973384,23%,4
RIDE_002858,SCOOT_0312,USER_00957,06/09/2026 6:02 PM,06/09/2026 6:37 PM,40.704804,-73.9868,40.699766,-73.990462,50,three
RIDE_002859,SCOOT_0132,USER_00804,1782347303,1782347603,40.7121,-74.0009,40.713165,-74.00084,67,3
RIDE_002860,SCOOT_0310,USER_00566,06/15/2026 8:26 AM,2026-06-15 9:09:21,40.712722,74.0089° W,40.71109,-74.007572,82,5
RIDE_002861,SCOOT_0339,USER_01110,1780558812,06/04/2026 7:49 AM,40.733693,-73.965739,40.732527,-73.963262,2,2
RIDE_002862,SCOOT_0154,USER_00030,06/21/2026 9:12 AM,2026-06-21 9:56:56,40.732022,-74.0395,40.730277,-74.042028,26%,5
RIDE_002863,SCOOT_0350,USER_00468,2026-06-19 10:41:49,2026-06-19 10:54:49,40.6529° N,74.0652° W,40.660269,-74.063322,76%,
RIDE_002864,SCOOT_0296,USER_00656,1782363887,1782364967,40.821446,-73.954618,40.81922,-73.955763,ERROR,5
RIDE_002865,SCOOT_0343,USER_01434,2026-06-29 2:35:10,2026-06-29 2:50:10,40.7010° N,-74.0357,40.699237,-74.04028,69%,3
RIDE_002866,SCOOT_0362,USER_00018,2026-06-21 7:04:43,2026-06-21 7:08:43,40.8147° N,73.9708° W,40.813678,-73.970483,80,4
RIDE_002867,SCOOT_0115,USER_00216,2026-06-06 14:00:40,2026-06-06 14:27:40,40.711829,-74.0055,40.71569,-74.005883,71%,2
RIDE_002868,SCOOT_0283,USER_01243,06/03/2026 5:06 PM,06/03/2026 5:41 PM,40.7381,-73.980833,40.736753,-73.976561,91%,5
RIDE_002869,SCOOT_0386,USER_00381,2026-06-05 1:12:53,1780622993,40.7175,-74.00557,40.713648,-74.009248,5,5
RIDE_002870,SCOOT_0194,USER_00663,06/08/2026 12:28 AM,06/08/2026 12:44 AM,40.706402,-74.0021,40.705279,-74.003514,98,2
RIDE_002871,SCOOT_0162,USER_00469,06/11/2026 4:56 PM,06/11/2026 5:03 PM,40.710429,-74.0061,40.703281,-74.009398,13%,3
RIDE_002872,SCOOT_0072,USER_01476,1781528313,1781529153,40.710292,-74.0012,40.70785,-74.000629,69,three
RIDE_002873,SCOOT_0244,USER_00512,1781481012,1781483472,40.752931,-73.959742,40.756719,-73.959914,LOW,4
RIDE_002874,SCOOT_0212,USER_01090,2026-06-26 8:27:17,06/26/2026 9:04 AM,40.7485° N,-73.998777,40.747767,-74.000079,48,
RIDE_002875,SCOOT_0389,USER_00994,1780351759,1780353979,40.715,-74.004319,40.71679,-74.000541,90,
RIDE_002876,SCOOT_0296,USER_00309,1781202734,2026-06-11 19:02:14,40.7203° N,-74.005501,40.72355,-74.006556,31,5
RIDE_002877,SCOOT_0327,USER_00274,2026-06-08 10:56:47,1780918727,40.7851,-73.95637,40.788125,-73.956088,44,5
RIDE_002878,SCOOT_0057,USER_01363,1781334015,1781336235,40.7172,73.9631° W,40.717113,-73.958492,ERROR,
RIDE_002879,SCOOT_0111,USER_01296,1781705476,06/17/2026 2:24 PM,40.7427,-73.9523,40.745235,-73.953149,54,2
RIDE_002880,SCOOT_0293,USER_00388,06/16/2026 12:53 AM,2026-06-16 1:09:42,40.7877° N,-74.035773,40.784059,-74.03852,24,1
RIDE_002881,SCOOT_0392,USER_00803,1782793702,1782796222,40.709521,74.0047° W,40.710391,-74.003473,low,five star
RIDE_002882,SCOOT_0085,USER_00652,1780749680,2026-06-06 12:59:20,40.701122,-74.063502,40.697467,-74.062313,9,5
RIDE_002883,SCOOT_0244,USER_00391,1781810246,2026-06-18 19:35:26,40.710279,-74.012282,40.713193,-74.008097,21,4
RIDE_002884,SCOOT_0300,USER_01462,1781175683,06/11/2026 11:43 AM,40.7190° N,-74.0053,40.720906,-74.001142,13,5
RIDE_002885,SCOOT_0161,USER_00791,2026-06-14 23:49:13,1781481613,40.710234,-74.001557,40.711061,-73.998816,70,5
RIDE_002886,SCOOT_0088,USER_00741,06/10/2026 10:45 PM,1781132494,40.713544,-74.0008,40.714215,-74.005267,27,
RIDE_002887,SCOOT_0151,USER_00794,06/18/2026 3:59 PM,1781799228,40.7182° N,-74.063451,40.721998,-74.063721,26,5
RIDE_002888,SCOOT_0264,USER_00582,06/02/2026 3:45 AM,1780373897,40.717504,-74.001461,40.718794,-73.999935,ERROR,1
RIDE_002889,SCOOT_0049,USER_00126,06/26/2026 6:11 PM,1782498744,40.766453,74.0258° W,40.766808,-74.029125,88,
RIDE_002890,SCOOT_0385,USER_00006,06/23/2026 3:33 AM,1782187254,40.7095,-74.031659,40.705969,-74.026844,41,3
RIDE_002891,SCOOT_0219,USER_00164,2026-06-18 23:08:37,1781825557,40.727489,74.0089° W,40.728043,-74.009627,1,5
RIDE_002892,SCOOT_0338,USER_00688,2026-06-02 13:55:54,06/02/2026 2:24 PM,40.759798,-73.999221,40.762779,-73.99998,14,5
RIDE_002893,SCOOT_0279,USER_00590,1780857392,2026-06-07 19:19:32,40.697703,-74.008366,40.69593,-74.00738,50,5
RIDE_002894,SCOOT_0293,USER_00400,1781197687,06/11/2026 5:25 PM,40.702053,-73.99663,40.705701,-73.998787,20%,5
RIDE_002895,SCOOT_0013,USER_00346,06/12/2026 9:41 AM,1781258415,40.7458° N,-73.976473,40.744481,-73.97508,22,3
RIDE_002896,SCOOT_0256,USER_00166,1780963147,06/09/2026 12:03 AM,40.759508,-73.964035,40.75769,-73.966863,29,1
RIDE_002897,SCOOT_0092,USER_00321,2026-06-09 16:34:08,1781025188,40.755248,-73.997,40.756942,-74.00044,89,5
RIDE_002898,SCOOT_0226,USER_00804,2026-06-01 6:33:00,1780297680,40.79556,-73.942081,40.795598,-73.939479,88,1
RIDE_002899,SCOOT_0365,USER_00279,06/18/2026 12:07 AM,06/18/2026 12:17 AM,40.680064,-73.955533,40.678293,-73.955894,8,2
RIDE_002900,SCOOT_0387,USER_00345,06/09/2026 9:51 PM,2026-06-09 21:58:01,40.705376,-74.0041,40.702057,-74.00375,47,
RIDE_002901,SCOOT_0247,USER_01316,2026-06-16 9:07:26,1781603306,40.7106° N,-74.010311,40.70821,-74.009634,7,2
RIDE_002902,SCOOT_0116,USER_00054,06/13/2026 12:55 PM,2026-06-13 13:14:01,40.7077,74.0090° W,40.709664,-74.001188,68,
RIDE_002903,SCOOT_0171,USER_00118,2026-06-17 14:57:35,06/17/2026 3:40 PM,40.7147° N,-74.0097,40.713609,-74.009574,6%,1
RIDE_002904,SCOOT_0054,USER_00122,06/25/2026 9:55 AM,2026-06-25 10:40:01,40.776112,-73.953139,40.776764,-73.950415,28%,2
RIDE_002905,SCOOT_0366,USER_00021,2026-06-20 1:53:33,06/20/2026 2:26 AM,40.711542,-74.000698,40.711043,-74.003612,16,3
RIDE_002906,SCOOT_0387,USER_00427,06/01/2026 7:17 AM,1780299408,40.7215° N,-74.0133,40.719293,-74.015181,43,4
RIDE_002907,SCOOT_0135,USER_00213,06/16/2026 10:41 AM,2026-06-16 11:01:45,40.756266,-73.972663,40.760748,-73.973655,99%,4
RIDE_002908,SCOOT_0321,USER_00578,2026-06-05 0:14:35,06/05/2026 12:52 AM,40.7225° N,-74.004527,40.725437,-74.003988,17,5
RIDE_002909,SCOOT_0215,USER_01149,2026-06-01 11:08:45,2026-06-01 11:24:45,40.760411,73.9826° W,40.759782,-73.98081,57,4
RIDE_002910,SCOOT_0035,USER_00509,1781122858,06/10/2026 8:26 PM,40.714269,-74.006126,40.718797,-74.015026,20,5
RIDE_002911,SCOOT_0320,USER_00733,2026-06-11 8:53:15,06/11/2026 9:27 AM,40.7148,-74.003129,40.71828,-74.003324,29,
RIDE_002912,SCOOT_0240,USER_00485,1780955366,1780956926,40.713632,74.0021° W,40.718105,-74.002958,low,5
RIDE_002913,SCOOT_0345,USER_01340,06/10/2026 1:05 AM,06/10/2026 1:13 AM,40.7139,-73.999286,40.707496,-74.001356,N/A,2
RIDE_002914,SCOOT_0173,USER_01178,06/15/2026 4:51 PM,06/15/2026 4:56 PM,40.7187° N,-74.00163,40.720231,-74.002976,78,4
RIDE_002915,SCOOT_0278,USER_01494,1781627076,2026-06-16 16:41:36,40.740364,73.9973° W,40.745008,-73.99921,61,4
RIDE_002916,SCOOT_0017,USER_00971,2026-06-19 3:30:57,2026-06-19 3:36:57,40.7504° N,-74.0008,40.752957,-74.00239,80,2
RIDE_002917,SCOOT_0302,USER_00207,06/28/2026 5:52 AM,06/28/2026 6:01 AM,40.7469° N,-74.0017,40.742108,-74.001645,55%,5
RIDE_002918,SCOOT_0366,USER_00860,06/13/2026 11:39 AM,2026-06-13 12:14:39,40.704097,-73.893098,40.697912,-73.895499,43,5
RIDE_002919,SCOOT_0389,USER_01152,1781496067,1781496787,40.712867,-74.007461,40.709554,-74.010334,LOW,4
RIDE_002920,SCOOT_0369,USER_01425,2026-06-20 23:21:01,1781999881,40.6930° N,74.0117° W,40.698843,-74.011501,82,1
RIDE_002921,SCOOT_0165,USER_00755,06/12/2026 8:23 PM,2026-06-12 20:47:54,40.7543° N,-73.92506,40.7576,-73.93346,54,5
RIDE_002922,SCOOT_0002,USER_00010,1781880095,06/19/2026 3:15 PM,40.7116° N,-74.000771,40.709867,-73.995484,13,3
RIDE_002923,SCOOT_0228,USER_01244,06/02/2026 9:53 AM,2026-06-02 9:58:36,40.7911° N,-73.987,40.789568,-73.990023,55,1
RIDE_002924,SCOOT_0381,USER_00548,2026-06-16 5:47:08,06/16/2026 6:27 AM,40.7002° N,-74.030652,40.701495,-74.03502,20,2
RIDE_002925,SCOOT_0209,USER_01293,2026-06-09 21:26:00,1781042400,40.712575,-73.9754,40.707591,-73.970789,ERROR,4
RIDE_002926,SCOOT_0035,USER_00123,06/27/2026 11:42 AM,1782561766,40.7717,73.9626° W,40.769396,-73.960739,low,4
RIDE_002927,SCOOT_0100,USER_01464,06/27/2026 11:44 AM,1782561585,40.735328,-74.007972,40.741334,-74.00784,59,three
RIDE_002928,SCOOT_0024,USER_00602,2026-06-13 0:04:25,2026-06-13 0:47:25,40.717363,-74.004828,40.71912,-74.009842,N/A,1
RIDE_002929,SCOOT_0295,USER_01448,1780557542,06/04/2026 7:28 AM,40.713521,74.0235° W,40.710982,-74.018267,15,4
RIDE_002930,SCOOT_0369,USER_01245,1782320635,2026-06-24 17:12:55,40.726325,73.9553° W,40.725247,-73.959167,90,5
RIDE_002931,SCOOT_0018,USER_00295,06/30/2026 12:51 AM,2026-06-30 1:12:22,40.7185,-74.008783,40.720123,-74.004714,22,4
RIDE_002932,SCOOT_0248,USER_00259,2026-06-24 12:39:39,06/24/2026 1:01 PM,40.7108,74.0039° W,40.707709,-73.996535,40,3
RIDE_002933,SCOOT_0201,USER_01421,1781190859,1781191219,40.724828,-74.0127,40.722509,-74.012994,27,1
RIDE_002934,SCOOT_0116,USER_00192,2026-06-30 3:54:50,1782793070,40.7546,-73.938541,40.750924,-73.938137,90,4
RIDE_002935,SCOOT_0120,USER_01301,1782622503,1782623223,40.748033,-73.988048,40.747707,-73.988396,N/A,3
RIDE_002936,SCOOT_0382,USER_00890,1780740400,06/06/2026 10:19 AM,40.7755° N,-73.97332,40.776718,-73.982422,22,5
RIDE_002937,SCOOT_0060,USER_00458,06/30/2026 2:40 AM,1782789124,40.754396,-74.0188,40.756335,-74.014389,43,2
RIDE_002938,SCOOT_0006,USER_00713,06/13/2026 4:09 PM,06/13/2026 4:47 PM,40.7304,-73.973236,40.728577,-73.969529,16,
RIDE_002939,SCOOT_0149,USER_00190,1782134293,2026-06-22 13:52:13,40.7132,-73.999087,40.714421,-73.998359,64,3
RIDE_002940,SCOOT_0078,USER_00818,06/05/2026 6:57 AM,1780644068,40.7019° N,73.9716° W,40.696651,-73.971384,41%,5
RIDE_002941,SCOOT_0356,USER_00744,06/08/2026 11:25 AM,2026-06-08 11:55:09,40.7125° N,-74.003098,40.711957,-74.006215,98,4
RIDE_002942,SCOOT_0172,USER_01086,2026-06-03 21:18:01,2026-06-03 21:33:01,40.749047,-73.9897,40.743271,-73.987475,26,3
RIDE_002943,SCOOT_0142,USER_01400,1782002607,06/21/2026 1:28 AM,40.715116,-74.004132,40.719025,-74.006127,98,
RIDE_002944,SCOOT_0397,USER_00921,1781318885,1781320265,40.7071° N,-74.00628,40.706033,-74.008807,17,3
RIDE_002945,SCOOT_0023,USER_01138,2026-06-02 18:34:14,06/02/2026 6:43 PM,40.746803,73.9979° W,40.741295,-73.999256,79,3
RIDE_002946,SCOOT_0070,USER_00823,1781999884,1782001024,40.7083° N,74.0051° W,40.706286,-74.001739,94,1
RIDE_002947,SCOOT_0169,USER_01341,2026-06-17 4:00:13,1781670853,40.732577,-73.974412,40.727924,-73.969897,76,1
RIDE_002948,SCOOT_0174,USER_00772,2026-06-30 18:29:27,2026-06-30 18:34:27,40.7207° N,-74.044124,40.724683,-74.045779,LOW,1
RIDE_002949,SCOOT_0036,USER_00200,1782201813,06/23/2026 8:27 AM,40.7116,73.9832° W,40.716763,-73.987679,24,2
RIDE_002950,SCOOT_0217,USER_00529,2026-06-14 15:06:14,2026-06-14 15:45:14,40.7128° N,-74.005863,40.711259,-74.007194,N/A,4
RIDE_002951,SCOOT_0137,USER_01274,1780683885,1780684485,40.7131° N,-74.0082,40.708823,-74.007604,21,
RIDE_002952,SCOOT_0382,USER_00887,06/17/2026 8:23 PM,1781728940,40.782867,-73.9602,40.780438,-73.963962,32,3
RIDE_002953,SCOOT_0295,USER_01278,1781277090,06/12/2026 3:36 PM,40.752316,-73.9541,40.754253,-73.952032,13,3
RIDE_002954,SCOOT_0198,USER_00296,06/12/2026 2:05 AM,1781231235,40.716359,74.0043° W,40.716721,-74.00233,46,
RIDE_002955,SCOOT_0251,USER_00790,1782765064,1782766444,40.7106,-74.011658,40.712784,-74.007945,N/A,5
RIDE_002956,SCOOT_0061,USER_01033,06/09/2026 3:25 AM,06/09/2026 3:39 AM,40.7082,-73.9188,40.713278,-73.918768,33,4
RIDE_002957,SCOOT_0073,USER_01384,06/24/2026 12:29 AM,2026-06-24 0:52:06,40.7142,-73.93274,40.712588,-73.93459,82,3
RIDE_002958,SCOOT_0092,USER_00759,06/21/2026 5:15 PM,06/21/2026 5:50 PM,40.7092° N,-74.020075,40.704832,-74.020017,48%,2
RIDE_002959,SCOOT_0131,USER_00252,06/22/2026 9:46 PM,2026-06-22 22:15:08,40.782654,-73.964329,40.78828,-73.964015,23,2
RIDE_002960,SCOOT_0264,USER_00037,1781767782,06/18/2026 8:11 AM,40.773363,73.9971° W,40.775667,-73.99869,5%,2
RIDE_002961,SCOOT_0147,USER_00548,1780504352,06/03/2026 5:06 PM,40.7131° N,-74.006435,40.716185,-74.010365,low,5
RIDE_002962,SCOOT_0123,USER_01435,2026-06-15 8:07:36,1781512416,40.6435° N,74.0488° W,40.644941,-74.048312,4%,2
RIDE_002963,SCOOT_0241,USER_00988,1780600483,1780602283,40.7307° N,-74.0001,40.729053,-74.007029,63,3
RIDE_002964,SCOOT_0089,USER_00808,2026-06-21 23:06:37,1782083857,40.753254,73.9649° W,40.752078,-73.964856,32,5
RIDE_002965,SCOOT_0069,USER_00665,1780283132,1780285772,40.7915° N,73.9915° W,40.793397,-73.986594,96,2
RIDE_002966,SCOOT_0186,USER_00914,2026-06-07 21:32:05,2026-06-07 21:49:05,40.7093,-74.028581,40.709144,-74.035254,24,3
RIDE_002967,SCOOT_0018,USER_00466,2026-06-22 12:20:43,1782131203,40.714148,-74.004191,40.719175,-74.004773,37,4
RIDE_002968,SCOOT_0389,USER_01367,1782222405,1782223305,40.70867,-74.005226,40.7076,-74.009801,39,1
RIDE_002969,SCOOT_0296,USER_01437,1781110171,2026-06-10 17:13:31,40.6966° N,73.9941° W,40.697502,-73.995977,97,4
RIDE_002970,SCOOT_0215,USER_01460,06/24/2026 8:53 AM,2026-06-24 9:33:59,40.7131° N,-74.007334,40.712139,-74.007092,N/A,1
RIDE_002971,SCOOT_0265,USER_00890,06/22/2026 11:29 PM,1782172974,40.6900° N,-74.029277,40.689649,-74.030326,67,5
RIDE_002972,SCOOT_0059,USER_01459,2026-06-07 15:04:58,1780845178,40.6969° N,-74.002293,40.695804,-73.9962,18,1
RIDE_002973,SCOOT_0217,USER_00282,1781784750,2026-06-18 12:43:30,40.7091° N,-74.007115,40.707987,-74.007856,28,5
RIDE_002974,SCOOT_0044,USER_01450,06/13/2026 7:09 AM,1781336682,40.693875,-73.9824,40.688745,-73.979304,ERROR,5
RIDE_002975,SCOOT_0209,USER_01368,2026-06-16 20:10:08,06/16/2026 8:53 PM,40.7255° N,-74.030857,40.718644,-74.033789,96,5
RIDE_002976,SCOOT_0290,USER_01433,2026-06-14 21:42:18,2026-06-14 21:48:18,40.711829,-73.995679,40.713459,-74.001102,75,1
RIDE_002977,SCOOT_0140,USER_00321,06/13/2026 4:12 PM,2026-06-13 16:21:46,40.7346° N,73.9868° W,40.735368,-73.990708,89,2
RIDE_002978,SCOOT_0265,USER_00407,1782109271,1782111251,40.6865° N,-74.058853,40.683189,-74.058074,85,three
RIDE_002979,SCOOT_0168,USER_00476,2026-06-28 1:38:01,06/28/2026 2:03 AM,40.7159° N,-74.002636,40.717619,-74.004128,33%,2
RIDE_002980,SCOOT_0166,USER_00099,06/14/2026 4:52 PM,2026-06-14 17:18:05,40.7974,73.9650° W,40.797793,-73.966854,99,4
RIDE_002981,SCOOT_0262,USER_00062,06/07/2026 2:32 AM,06/07/2026 2:35 AM,40.710812,-74.005704,40.718132,-74.004801,LOW,2
RIDE_002982,SCOOT_0343,USER_00560,06/26/2026 3:02 PM,06/26/2026 3:10 PM,40.688276,-74.004648,40.686801,-73.998116,53,4
RIDE_002983,SCOOT_0079,USER_00714,2026-06-16 5:31:05,2026-06-16 5:39:05,40.704815,-73.987863,40.703687,-73.987079,95,
RIDE_002984,SCOOT_0374,USER_00022,06/25/2026 7:10 AM,2026-06-25 7:37:50,40.716335,-73.999438,40.714412,-73.994461,49%,3
RIDE_002985,SCOOT_0384,USER_01390,2026-06-16 20:23:51,1781641911,40.8028° N,-73.955387,40.805154,-73.954008,50,4
RIDE_002986,SCOOT_0091,USER_00904,06/03/2026 6:40 AM,06/03/2026 7:07 AM,40.7209° N,74.0058° W,40.722603,-74.010177,31%,2
RIDE_002987,SCOOT_0112,USER_00034,06/11/2026 2:21 PM,1781189023,40.7095° N,-74.010803,40.713322,-74.018461,44%,4
RIDE_002988,SCOOT_0262,USER_00947,2026-06-02 23:44:11,1780445531,40.7112° N,-74.017975,40.708697,-74.019448,50%,4
RIDE_002989,SCOOT_0384,USER_01294,2026-06-28 23:35:31,2026-06-28 23:41:31,40.7766° N,73.9601° W,40.774098,-73.95687,26,4
RIDE_002990,SCOOT_0201,USER_00903,1782169106,06/22/2026 11:16 PM,40.7618° N,-73.976849,40.758149,-73.979819,41,5
RIDE_002991,SCOOT_0197,USER_01248,2026-06-15 17:04:08,06/15/2026 5:10 PM,40.7095° N,-74.005814,40.709733,-74.001182,24,5
RIDE_002992,SCOOT_0398,USER_01425,1782424416,2026-06-25 22:02:36,40.7143,-74.01683,40.715128,-74.02118,17,2
RIDE_002993,SCOOT_0275,USER_00589,06/27/2026 3:49 AM,2026-06-27 4:05:05,40.6868,-74.025043,40.684791,-74.029169,32,5
RIDE_002994,SCOOT_0303,USER_00724,1780491947,1780493987,40.71687,-74.034216,40.71794,-74.027505,48%,
RIDE_002995,SCOOT_0285,USER_01005,2026-06-26 15:03:41,06/26/2026 3:11 PM,40.734813,73.9833° W,40.727242,-73.984193,17,3
RIDE_002996,SCOOT_0183,USER_00295,1782089785,2026-06-22 1:26:25,40.715371,74.0031° W,40.715603,-74.00045,78%,2
RIDE_002997,SCOOT_0211,USER_01078,06/18/2026 3:58 PM,1781800478,40.808921,-73.9513,40.807354,-73.955607,39%,2
RIDE_002998,SCOOT_0063,USER_01128,2026-06-22 11:16:46,06/22/2026 11:50 AM,40.711175,74.0098° W,40.712529,-74.013332,32,five star
RIDE_002999,SCOOT_0278,USER_00228,06/12/2026 1:47 AM,06/12/2026 2:23 AM,40.747444,-73.9512,40.747141,-73.954079,4,3
RIDE_003000,SCOOT_0130,USER_01024,2026-06-21 0:26:09,1782002949,40.7815° N,74.0231° W,40.780513,-74.023205,77,3
RIDE_003001,SCOOT_0199,USER_00677,06/14/2026 2:53 AM,1781408004,40.712864,-74.005278,40.714695,-74.005384,50,3
RIDE_003002,SCOOT_0080,USER_01419,06/08/2026 7:58 AM,2026-06-08 8:15:58,40.7113° N,-74.0076,40.709493,-74.005268,62,2
RIDE_003003,SCOOT_0161,USER_00103,1781417517,06/14/2026 6:46 AM,40.710214,-74.002613,40.710271,-74.004177,82,3
RIDE_003004,SCOOT_0219,USER_00336,2026-06-11 5:59:33,06/11/2026 6:09 AM,40.760768,-74.000249,40.762683,-73.999611,80,5
RIDE_003005,SCOOT_0298,USER_00236,06/20/2026 2:46 AM,06/20/2026 3:06 AM,40.7104,-74.003885,40.712054,-74.000413,69,3
RIDE_003006,SCOOT_0269,USER_00923,06/20/2026 8:16 PM,1781987041,40.708523,-74.034675,40.70514,-74.027329,83%,3
RIDE_003007,SCOOT_0136,USER_01481,1782471248,1782473348,40.733328,-73.958615,40.734622,-73.962137,79,3
RIDE_003008,SCOOT_0041,USER_00291,1781964757,2026-06-20 14:19:37,40.728114,-73.936775,40.732031,-73.938915,36,2
RIDE_003009,SCOOT_0241,USER_00681,06/08/2026 6:28 PM,1780944530,40.777861,-74.0179,40.783065,-74.021133,71%,5
RIDE_003010,SCOOT_0031,USER_00663,1781286989,2026-06-12 18:36:29,40.7554° N,-73.97,40.755144,-73.967599,100,
RIDE_003011,SCOOT_0293,USER_00459,1781828811,06/19/2026 12:49 AM,40.719485,74.0050° W,40.72145,-74.004007,42,1
RIDE_003012,SCOOT_0397,USER_00833,2026-06-09 11:01:43,06/09/2026 11:15 AM,40.7169,-74.007852,40.720096,-74.00452,79,1
RIDE_003013,SCOOT_0293,USER_00811,1781167030,1781167930,40.71713,-74.0086,40.716625,-74.007922,75,1
RIDE_003014,SCOOT_0259,USER_01335,1782452503,06/26/2026 6:16 AM,40.7073,-73.99962,40.70728,-73.998769,98%,4
RIDE_003015,SCOOT_0329,USER_01056,1782677155,06/28/2026 8:17 PM,40.7716,-73.997738,40.769748,-73.99708,61%,5
RIDE_003016,SCOOT_0352,USER_01317,2026-06-24 9:00:08,06/24/2026 9:30 AM,40.7196° N,-74.005564,40.720609,-74.006575,43,1
RIDE_003017,SCOOT_0227,USER_01254,1781085964,06/10/2026 10:32 AM,40.793025,73.9415° W,40.795139,-73.939115,LOW,1
RIDE_003018,SCOOT_0218,USER_01024,06/08/2026 6:37 AM,2026-06-08 6:49:30,40.71868,-74.036063,40.715546,-74.034698,39,3
RIDE_003019,SCOOT_0284,USER_00186,06/04/2026 2:27 AM,1780541991,40.7304,-73.9264,40.73541,-73.924225,36,3
RIDE_003020,SCOOT_0002,USER_00747,1782250173,1782252453,40.773578,-73.983806,40.771156,-73.98398,98%,5
RIDE_003021,SCOOT_0179,USER_00169,2026-06-07 14:16:04,06/07/2026 2:40 PM,40.767,-73.94,40.769376,-73.938473,59,1
RIDE_003022,SCOOT_0094,USER_00991,06/26/2026 6:54 AM,2026-06-26 6:59:48,40.730819,-74.049201,40.732583,-74.053133,32,1
RIDE_003023,SCOOT_0243,USER_00212,06/28/2026 6:57 PM,1782674488,40.7128° N,-74.007247,40.714756,-74.006562,low,2
RIDE_003024,SCOOT_0350,USER_01028,1781599632,06/16/2026 8:50 AM,40.733,-74.020838,40.73513,-74.020351,5,3
RIDE_003025,SCOOT_0180,USER_01156,06/07/2026 3:28 PM,2026-06-07 16:04:32,40.673394,-74.027172,40.672945,-74.023835,52,3
RIDE_003026,SCOOT_0182,USER_00025,2026-06-12 16:20:38,1781282318,40.770674,74.0010° W,40.770254,-73.994897,57%,2
RIDE_003027,SCOOT_0167,USER_01083,1781054724,1781055564,40.7132° N,74.0073° W,40.71472,-74.005019,4,3
RIDE_003028,SCOOT_0009,USER_00587,06/15/2026 5:30 AM,1781502384,40.7110° N,74.0040° W,40.709989,-74.001832,3,1
RIDE_003029,SCOOT_0045,USER_00704,06/03/2026 1:27 PM,2026-06-03 13:33:56,40.692594,-74.034861,40.690316,-74.037325,99,1
RIDE_003030,SCOOT_0022,USER_00639,06/21/2026 1:21 PM,2026-06-21 14:04:07,40.716582,74.0063° W,40.717437,-74.007237,84,1
RIDE_003031,SCOOT_0334,USER_00788,06/11/2026 8:05 PM,06/11/2026 8:27 PM,40.716395,-74.008431,40.715988,-74.006073,74,1
RIDE_003032,SCOOT_0336,USER_00807,06/10/2026 10:05 PM,06/10/2026 10:27 PM,40.7849° N,-73.9881,40.790738,-73.987135,6,2
RIDE_003033,SCOOT_0374,USER_00453,2026-06-07 20:28:37,2026-06-07 20:44:37,40.762241,73.9638° W,40.761092,-73.962517,LOW,5
RIDE_003034,SCOOT_0206,USER_01439,1780922606,06/08/2026 12:50 PM,40.688343,74.0430° W,40.685608,-74.040044,79,4
RIDE_003035,SCOOT_0390,USER_01114,2026-06-08 22:07:02,2026-06-08 22:12:02,40.7253,74.0079° W,40.72638,-74.003067,90,5
RIDE_003036,SCOOT_0108,USER_00151,2026-06-26 15:11:12,2026-06-26 15:45:12,40.7543° N,-73.963581,40.757568,-73.961137,73,4
RIDE_003037,SCOOT_0151,USER_00778,1781569823,1781572223,40.7518,-74.0073,40.745153,-74.008109,3,5
RIDE_003038,SCOOT_0058,USER_00318,2026-06-20 3:57:12,06/20/2026 4:11 AM,40.784962,-74.0001,40.787062,-74.002934,20,2
RIDE_003039,SCOOT_0182,USER_01021,06/28/2026 12:42 PM,06/28/2026 12:59 PM,40.714921,-73.991844,40.712943,-73.991333,97,5
RIDE_003040,SCOOT_0334,USER_00452,2026-06-26 23:15:38,2026-06-26 23:55:38,40.774798,73.9571° W,40.775504,-73.956928,58,1
RIDE_003041,SCOOT_0230,USER_00180,06/03/2026 12:15 PM,1780490991,40.719033,-74.0034,40.716962,-74.003608,34,3
RIDE_003042,SCOOT_0379,USER_01297,2026-06-29 15:11:48,1782747348,40.712496,-74.005679,40.72007,-74.004566,45,5
RIDE_003043,SCOOT_0286,USER_00092,1780696190,06/05/2026 10:18 PM,40.648482,74.0554° W,40.642685,-74.056345,15%,4
RIDE_003044,SCOOT_0377,USER_00338,2026-06-09 21:39:39,06/09/2026 10:14 PM,40.6664,-74.0262,40.661792,-74.025079,77,3
RIDE_003045,SCOOT_0088,USER_00892,1781072356,06/10/2026 6:52 AM,40.7484° N,-73.979641,40.748097,-73.983824,98,1
RIDE_003046,SCOOT_0107,USER_01093,2026-06-23 4:30:49,2026-06-23 4:45:49,40.714854,-73.998311,40.716082,-73.999589,56,1
RIDE_003047,SCOOT_0247,USER_00695,1780979306,06/09/2026 4:54 AM,40.707088,-74.0096,40.708447,-74.006413,81,2
RIDE_003048,SCOOT_0037,USER_00310,06/01/2026 1:23 PM,06/01/2026 1:51 PM,40.754117,-73.952,40.75624,-73.950483,LOW,4
RIDE_003049,SCOOT_0082,USER_00925,1781333460,2026-06-13 7:07:00,40.7102° N,-74.005304,40.707621,-74.005252,low,4
RIDE_003050,SCOOT_0064,USER_01190,06/08/2026 8:52 AM,1780909480,40.719417,-73.972424,40.715488,-73.97098,43,5
RIDE_003051,SCOOT_0100,USER_00150,06/21/2026 10:39 AM,06/21/2026 11:06 AM,40.812725,73.9560° W,40.815224,-73.95426,N/A,5
RIDE_003052,SCOOT_0003,USER_01407,1780845067,2026-06-07 15:45:07,40.718,74.0103° W,40.713836,-74.010369,53,5
RIDE_003053,SCOOT_0055,USER_00991,06/11/2026 8:22 AM,2026-06-11 8:50:14,40.739877,-73.946587,40.743539,-73.947887,92,2
RIDE_003054,SCOOT_0263,USER_00033,2026-06-15 21:43:53,1781560013,40.7113° N,-74.006289,40.711473,-74.005908,14,1
RIDE_003055,SCOOT_0355,USER_01259,1780583368,2026-06-04 14:57:28,40.715033,-74.006691,40.717863,-74.005353,77,5
RIDE_003056,SCOOT_0134,USER_00178,06/21/2026 1:18 PM,1782048789,40.7104° N,-74.00066,40.706297,-74.000936,13,2
RIDE_003057,SCOOT_0149,USER_00814,1782646418,1782648818,40.767738,-74.000161,40.768667,-73.998531,92,1
RIDE_003058,SCOOT_0054,USER_01308,1780376900,2026-06-02 5:37:20,40.6956,74.0074° W,40.69512,-74.009105,19%,3
RIDE_003059,SCOOT_0272,USER_00593,1782504123,2026-06-26 20:14:03,40.7521° N,-74.024062,40.755148,-74.025241,54,five star
RIDE_003060,SCOOT_0289,USER_01253,1780368543,06/02/2026 3:12 AM,40.6788° N,-73.985944,40.680715,-73.983182,68%,
RIDE_003061,SCOOT_0391,USER_00802,1781652222,06/16/2026 11:48 PM,40.719049,-73.994219,40.719801,-73.996208,low,1
RIDE_003062,SCOOT_0144,USER_00405,06/18/2026 5:58 AM,2026-06-18 6:08:10,40.7146,-74.007065,40.717389,-74.010956,59%,
RIDE_003063,SCOOT_0021,USER_00988,1781829544,2026-06-19 0:54:04,40.7479,-73.970879,40.742815,-73.973006,86,4
RIDE_003064,SCOOT_0316,USER_00352,06/01/2026 11:01 PM,06/01/2026 11:15 PM,40.705522,74.0210° W,40.701705,-74.018834,92%,5
RIDE_003065,SCOOT_0344,USER_01391,2026-06-03 8:24:42,2026-06-03 8:37:42,40.709953,73.9698° W,40.713289,-73.971441,23,2
RIDE_003066,SCOOT_0150,USER_00481,2026-06-06 11:56:28,1780748128,40.7068° N,74.0054° W,40.704958,-74.003526,N/A,3
RIDE_003067,SCOOT_0386,USER_00878,06/21/2026 3:06 AM,2026-06-21 3:41:22,40.671493,-74.059953,40.66543,-74.059443,74,3
RIDE_003068,SCOOT_0279,USER_00500,2026-06-07 14:33:20,1780844540,40.745682,73.9918° W,40.746263,-73.988686,3,3
RIDE_003069,SCOOT_0075,USER_00195,1781805397,06/18/2026 6:22 PM,40.711938,-74.004927,40.712758,-74.00854,94%,4
RIDE_003070,SCOOT_0216,USER_00542,1782010197,2026-06-21 3:06:57,40.741632,-73.997417,40.7436,-73.995109,48,5
RIDE_003071,SCOOT_0223,USER_00341,06/01/2026 4:12 AM,2026-06-01 4:18:22,40.7122° N,-74.003573,40.712979,-74.007826,low,1
RIDE_003072,SCOOT_0049,USER_00600,2026-06-06 13:57:09,06/06/2026 2:03 PM,40.723955,73.9475° W,40.722569,-73.951363,30,4
RIDE_003073,SCOOT_0024,USER_00685,2026-06-02 20:00:54,06/02/2026 8:12 PM,40.7173° N,-73.999592,40.72024,-73.99578,38,3
RIDE_003074,SCOOT_0395,USER_00904,06/25/2026 4:00 AM,06/25/2026 4:41 AM,40.6936° N,74.0007° W,40.691272,-73.998793,97,4
RIDE_003075,SCOOT_0136,USER_00225,1782462507,1782465087,40.713708,-74.006309,40.717594,-74.005094,56,2
RIDE_003076,SCOOT_0213,USER_00669,2026-06-08 23:44:39,1780962519,40.709445,74.0087° W,40.711491,-74.005598,13,
RIDE_003077,SCOOT_0023,USER_00753,06/24/2026 3:24 PM,1782314939,40.715007,-73.998412,40.719912,-73.997089,11,5
RIDE_003078,SCOOT_0084,USER_00807,2026-06-16 3:06:40,1781581240,40.7094,74.0112° W,40.708284,-74.00898,64%,3
RIDE_003079,SCOOT_0128,USER_00203,06/04/2026 11:30 AM,1780574766,40.7854,73.9597° W,40.788939,-73.960387,52%,5
RIDE_003080,SCOOT_0157,USER_00853,2026-06-16 3:51:19,2026-06-16 4:14:19,40.7705° N,-73.969033,40.764517,-73.970273,65,3
RIDE_003081,SCOOT_0350,USER_00840,06/15/2026 7:53 AM,1781510440,40.749594,-73.9297,40.746004,-73.937001,12%,1
RIDE_003082,SCOOT_0333,USER_00186,1781387064,06/13/2026 10:07 PM,40.711337,-74.006286,40.708685,-74.005857,25,1
RIDE_003083,SCOOT_0273,USER_00454,06/30/2026 5:56 PM,06/30/2026 6:24 PM,40.768128,-73.9721,40.76106,-73.976029,87,1
RIDE_003084,SCOOT_0133,USER_00026,06/28/2026 3:17 AM,2026-06-28 4:02:38,40.751908,-73.974057,40.753375,-73.972641,46%,4
RIDE_003085,SCOOT_0364,USER_00897,1780280342,06/01/2026 2:58 AM,40.7113° N,-74.007311,40.709081,-74.005006,100,1
RIDE_003086,SCOOT_0063,USER_00520,06/18/2026 5:24 AM,2026-06-18 5:45:31,40.709118,74.0026° W,40.709742,-74.002735,85,1
RIDE_003087,SCOOT_0065,USER_00151,1782753200,2026-06-29 17:36:20,40.693,-74.035911,40.691023,-74.036901,8,3
RIDE_003088,SCOOT_0315,USER_00305,06/26/2026 2:53 AM,2026-06-26 3:23:05,40.6418,-74.0484,40.644593,-74.046745,13,3
RIDE_003089,SCOOT_0222,USER_00554,2026-06-08 10:09:39,1780915179,40.710815,-74.005812,40.709147,-74.005366,98,1
RIDE_003090,SCOOT_0329,USER_01381,06/19/2026 11:26 AM,2026-06-19 11:29:58,40.792202,-73.9582,40.793765,-73.959709,84,1
RIDE_003091,SCOOT_0248,USER_01097,06/10/2026 11:19 PM,1781135386,40.745599,-73.968938,40.744842,-73.967186,88%,
RIDE_003092,SCOOT_0325,USER_00570,2026-06-14 20:59:36,06/14/2026 9:22 PM,40.7209° N,-73.995402,40.721793,-73.995989,14,3
RIDE_003093,SCOOT_0128,USER_00885,06/21/2026 10:19 AM,2026-06-21 10:53:16,40.7150° N,-74.009811,40.712418,-74.009626,84%,4
RIDE_003094,SCOOT_0360,USER_00991,06/25/2026 9:57 PM,06/25/2026 10:30 PM,40.713493,-74.0133,40.714858,-74.010984,31,
RIDE_003095,SCOOT_0286,USER_01173,2026-06-26 11:38:32,06/26/2026 11:44 AM,40.712491,-73.996502,40.710442,-73.997585,67%,4
RIDE_003096,SCOOT_0293,USER_00314,06/23/2026 4:17 PM,06/23/2026 4:37 PM,40.692599,73.9895° W,40.691612,-73.993744,LOW,4
RIDE_003097,SCOOT_0148,USER_00158,1781663236,06/17/2026 3:03 AM,40.710614,-74.00639,40.7143,-73.999784,78,2
RIDE_003098,SCOOT_0263,USER_01324,06/14/2026 11:08 PM,2026-06-14 23:17:09,40.7181,74.0091° W,40.716054,-74.00958,ERROR,4
RIDE_003099,SCOOT_0236,USER_01194,1782771339,1782771579,40.784591,-73.971308,40.780609,-73.972812,98,five star
RIDE_003100,SCOOT_0178,USER_00005,1781214993,1781215653,40.727941,-73.9922,40.72734,-73.990151,50,2
RIDE_003101,SCOOT_0255,USER_01337,2026-06-27 7:47:54,2026-06-27 8:23:54,40.660637,-74.006723,40.663219,-74.009222,LOW,2
RIDE_003102,SCOOT_0370,USER_00310,2026-06-23 18:00:23,06/23/2026 6:15 PM,40.7095° N,-74.0135,40.714224,-74.015626,13,3
RIDE_003103,SCOOT_0363,USER_01263,06/01/2026 10:10 PM,2026-06-01 22:29:49,40.713764,-74.003584,40.7183,-74.004046,59%,
RIDE_003104,SCOOT_0393,USER_01177,1781068405,2026-06-10 5:37:25,40.7106° N,74.0053° W,40.714495,-74.005818,43,1
RIDE_003105,SCOOT_0179,USER_00930,1781269440,1781271720,40.681403,-74.018815,40.677739,-74.016222,63,5
RIDE_003106,SCOOT_0338,USER_01304,06/05/2026 8:06 AM,1780648927,40.7516,-73.99765,40.74944,-73.997395,31,1
RIDE_003107,SCOOT_0296,USER_00572,2026-06-03 8:42:55,06/03/2026 9:26 AM,40.711842,-74.0071,40.71589,-74.002478,23%,4
RIDE_003108,SCOOT_0386,USER_00659,2026-06-17 10:29:54,1781692734,40.70636,-74.0047,40.704029,-74.005434,ERROR,5
RIDE_003109,SCOOT_0226,USER_01064,2026-06-29 17:16:35,06/29/2026 5:22 PM,40.7067,-73.992254,40.707377,-73.990235,68,5
RIDE_003110,SCOOT_0265,USER_00014,2026-06-07 17:27:58,1780855798,40.713978,-74.0086,40.712091,-74.012906,18%,1
RIDE_003111,SCOOT_0396,USER_00505,2026-06-20 21:42:06,2026-06-20 21:58:06,40.7443,-73.9384,40.741946,-73.941939,92,5
RIDE_003112,SCOOT_0032,USER_01375,1781741208,06/18/2026 12:21 AM,40.6956° N,-74.046707,40.695012,-74.04248,29,4
RIDE_003113,SCOOT_0120,USER_00730,2026-06-09 20:55:48,06/09/2026 9:15 PM,40.714997,-74.00812,40.713723,-74.009628,2,
RIDE_003114,SCOOT_0290,USER_01336,1781221198,06/12/2026 12:14 AM,40.748095,-73.941363,40.742715,-73.941508,86,2
RIDE_003115,SCOOT_0264,USER_00996,1782289653,2026-06-24 9:03:33,40.7177,-73.942015,40.714762,-73.942501,71,3
RIDE_003116,SCOOT_0396,USER_00034,06/24/2026 12:53 PM,2026-06-24 13:10:33,40.766564,-73.9834,40.765694,-73.982108,low,4
RIDE_003117,SCOOT_0036,USER_01472,2026-06-13 14:57:46,1781364406,40.8136° N,-73.95585,40.81806,-73.95899,LOW,
RIDE_003118,SCOOT_0351,USER_00117,2026-06-14 3:23:48,1781407968,40.706847,-73.984895,40.707901,-73.980766,15,3
RIDE_003119,SCOOT_0276,USER_01190,2026-06-08 17:45:19,1780942759,40.778684,73.9793° W,40.780286,-73.984645,54,
RIDE_003120,SCOOT_0355,USER_00612,1780624264,06/05/2026 1:54 AM,40.711853,-74.006537,40.709092,-74.003366,24,4
RIDE_003121,SCOOT_0339,USER_01241,2026-06-05 10:52:12,06/05/2026 11:22 AM,40.7619° N,-73.973917,40.762735,-73.969857,43,5
RIDE_003122,SCOOT_0319,USER_00708,1780315946,06/01/2026 12:29 PM,40.7128° N,-74.002255,40.71486,-74.001885,21,1
RIDE_003123,SCOOT_0277,USER_00539,1781639923,2026-06-16 20:43:43,40.7266,-74.014392,40.726929,-74.01602,LOW,4
RIDE_003124,SCOOT_0095,USER_00069,1781005383,1781007183,40.7165° N,74.0030° W,40.715923,-74.00649,94,3
RIDE_003125,SCOOT_0005,USER_01156,1781170118,1781170478,40.7716,-73.998,40.769339,-74.000897,54%,3
RIDE_003126,SCOOT_0037,USER_00459,06/26/2026 6:20 AM,06/26/2026 6:26 AM,40.712246,74.0013° W,40.712231,-74.002649,5%,1
RIDE_003127,SCOOT_0140,USER_00888,1782724950,06/29/2026 10:05 AM,40.7067° N,-74.003792,40.704356,-74.003439,3%,3
RIDE_003128,SCOOT_0129,USER_01277,1781262944,2026-06-12 11:51:44,40.7114,-74.002647,40.710911,-74.002824,53,3
RIDE_003129,SCOOT_0298,USER_01240,1781532068,06/15/2026 2:37 PM,40.698915,-74.002361,40.70158,-74.002627,37,5
RIDE_003130,SCOOT_0046,USER_01039,06/05/2026 10:16 AM,2026-06-05 10:44:05,40.7615,-73.988097,40.758614,-73.989755,78%,1
RIDE_003131,SCOOT_0158,USER_00493,06/04/2026 6:12 AM,1780556265,40.690657,73.9957° W,40.687443,-73.991733,73,1
RIDE_003132,SCOOT_0097,USER_00208,1780575528,2026-06-04 12:22:48,40.7730° N,73.9851° W,40.773042,-73.986762,62,4
RIDE_003133,SCOOT_0212,USER_01045,1782005225,2026-06-21 1:44:05,40.718202,-73.984238,40.716092,-73.988838,40,1
RIDE_003134,SCOOT_0044,USER_01361,06/09/2026 10:39 AM,06/09/2026 10:59 AM,40.7156,-74.004703,40.712252,-74.006903,low,3
RIDE_003135,SCOOT_0393,USER_01010,1781770675,1781771515,40.7408° N,-74,40.739847,-74.00079,35%,3
RIDE_003136,SCOOT_0157,USER_00041,1782855679,2026-06-30 21:54:19,40.7701° N,73.9864° W,40.769398,-73.98586,39,5
RIDE_003137,SCOOT_0287,USER_01031,2026-06-29 0:10:50,1782694190,40.699774,-73.9856,40.701298,-73.990399,75,3
RIDE_003138,SCOOT_0106,USER_00928,1781641419,06/16/2026 8:27 PM,40.7936° N,73.9591° W,40.79227,-73.963575,33,4
RIDE_003139,SCOOT_0157,USER_00905,1781660335,06/17/2026 2:01 AM,40.7128° N,-74.006,40.709467,-74.010384,55,2
RIDE_003140,SCOOT_0065,USER_00702,1781455195,1781456995,40.704349,-74.013462,40.703097,-74.013712,47,3
RIDE_003141,SCOOT_0164,USER_01178,06/19/2026 11:57 PM,1781916061,40.735944,-73.9942,40.737544,-73.995246,46,4
RIDE_003142,SCOOT_0249,USER_00096,06/04/2026 12:57 AM,1780537208,40.706112,-74.0079,40.702902,-74.007089,86%,4
RIDE_003143,SCOOT_0029,USER_00277,1782126116,1782127316,40.7895,-74.004375,40.791754,-74.007712,58,4
RIDE_003144,SCOOT_0165,USER_00939,1781224794,2026-06-12 0:47:54,40.719037,74.0062° W,40.715298,-74.009621,89,5
RIDE_003145,SCOOT_0364,USER_01371,1782474437,2026-06-26 11:58:17,40.714192,-74.0076,40.713902,-74.002727,N/A,3
RIDE_003146,SCOOT_0290,USER_00700,2026-06-21 17:14:09,1782063669,40.6921° N,-74.0076,40.696375,-74.006789,43,
RIDE_003147,SCOOT_0345,USER_01040,1780791692,06/07/2026 12:52 AM,40.706374,74.0040° W,40.702885,-73.999758,61,3
RIDE_003148,SCOOT_0012,USER_00481,1782764116,06/29/2026 8:49 PM,40.709509,-73.9941,40.713911,-73.996512,83,4
RIDE_003149,SCOOT_0101,USER_01418,1781450731,06/14/2026 4:07 PM,40.7132,-73.990927,40.715551,-73.9896,99,3
RIDE_003150,SCOOT_0132,USER_00286,1781228453,1781228813,40.725543,-73.990459,40.724443,-73.9915,100,5
RIDE_003151,SCOOT_0089,USER_00703,06/09/2026 5:52 PM,2026-06-09 18:01:32,40.706367,-74.037196,40.707241,-74.034811,75%,4
RIDE_003152,SCOOT_0028,USER_00980,06/20/2026 6:24 AM,2026-06-20 6:49:19,40.704596,-74.00476,40.705251,-73.999753,80,2
RIDE_003153,SCOOT_0154,USER_00475,2026-06-22 1:40:39,1782092679,40.700028,73.9041° W,40.700254,-73.902589,27,4
RIDE_003154,SCOOT_0313,USER_01256,1780760648,2026-06-06 16:23:08,40.746318,73.9948° W,40.747519,-73.994058,49,3
RIDE_003155,SCOOT_0049,USER_00539,1780546664,06/04/2026 5:01 AM,40.69083,-73.98857,40.688684,-73.988703,low,5
RIDE_003156,SCOOT_0309,USER_00789,1781442022,06/14/2026 1:40 PM,40.703456,-74.004284,40.703091,-74.005292,96,3
RIDE_003157,SCOOT_0082,USER_01086,2026-06-14 15:45:16,1781454556,40.717195,-74.034671,40.722983,-74.03498,93%,3
RIDE_003158,SCOOT_0230,USER_00973,1781693709,2026-06-17 11:22:09,40.7122° N,74.0099° W,40.712288,-74.005701,95,2
RIDE_003159,SCOOT_0228,USER_01265,2026-06-26 4:58:29,2026-06-26 5:06:29,40.721218,-73.970911,40.722858,-73.971987,46,4
RIDE_003160,SCOOT_0302,USER_00493,1781932695,1781933895,40.660197,-74.048521,40.659489,-74.045374,72,4
RIDE_003161,SCOOT_0132,USER_01020,1782326072,2026-06-24 19:19:32,40.695388,-74.012254,40.69898,-74.013623,22,4
RIDE_003162,SCOOT_0196,USER_00643,2026-06-26 19:36:05,2026-06-26 20:03:05,40.722097,-73.9578,40.726176,-73.961887,77,5
RIDE_003163,SCOOT_0236,USER_00210,2026-06-06 10:15:22,06/06/2026 10:24 AM,40.813285,-73.963558,40.813767,-73.958713,10,1
RIDE_003164,SCOOT_0150,USER_01271,2026-06-19 2:30:52,1781836912,40.716094,-74.0315,40.717513,-74.029624,47,1
RIDE_003165,SCOOT_0155,USER_00757,2026-06-13 8:05:00,2026-06-13 8:30:00,40.7112,-74.00622,40.708493,-74.00722,15,5
RIDE_003166,SCOOT_0291,USER_00391,1781366854,06/13/2026 4:24 PM,40.7507° N,73.9982° W,40.751078,-73.999178,86%,3
RIDE_003167,SCOOT_0110,USER_00929,1780503914,1780505474,40.758445,-74.0181,40.758105,-74.017752,90%,4
RIDE_003168,SCOOT_0283,USER_01263,2026-06-07 8:35:39,1780823799,40.742187,73.9891° W,40.737432,-73.988078,low,1
RIDE_003169,SCOOT_0028,USER_00351,2026-06-28 5:45:17,2026-06-28 5:58:17,40.702152,-74.034629,40.705268,-74.034025,89,4
RIDE_003170,SCOOT_0017,USER_00621,2026-06-30 23:40:39,07/01/2026 12:03 AM,40.698774,-74.041378,40.700836,-74.04611,9,1
RIDE_003171,SCOOT_0078,USER_00987,1781142893,1781143373,40.7127° N,-73.903462,40.705347,-73.903883,ERROR,
RIDE_003172,SCOOT_0258,USER_00681,1781387498,1781388398,40.712645,-74.046365,40.71143,-74.045977,7,3
RIDE_003173,SCOOT_0340,USER_01418,1781328417,2026-06-13 5:49:57,40.741338,-73.9851,40.739287,-73.981757,50,3
RIDE_003174,SCOOT_0154,USER_01151,2026-06-17 15:06:38,2026-06-17 15:16:38,40.811565,-73.973868,40.807406,-73.975439,64,five star
RIDE_003175,SCOOT_0022,USER_01141,1781753531,2026-06-18 3:59:11,40.712064,-74.003978,40.70904,-74.006285,43,4
RIDE_003176,SCOOT_0383,USER_00282,1780756624,2026-06-06 15:11:04,40.716314,-73.990022,40.714449,-73.994021,39,3
RIDE_003177,SCOOT_0117,USER_00898,1781947754,2026-06-20 9:41:14,40.848782,73.9555° W,40.847981,-73.952927,9,1
RIDE_003178,SCOOT_0372,USER_01154,06/22/2026 6:38 PM,2026-06-22 19:23:02,40.7103° N,-73.9887,40.710789,-73.988383,19,4
RIDE_003179,SCOOT_0220,USER_01096,1782152579,1782153179,40.712346,-74.01179,40.71816,-74.014614,57,1
RIDE_003180,SCOOT_0350,USER_00098,06/03/2026 9:38 AM,1780480511,40.6733,73.9923° W,40.670415,-73.992412,51,1
RIDE_003181,SCOOT_0364,USER_01100,2026-06-11 9:09:34,2026-06-11 9:19:34,40.771755,-73.965594,40.774199,-73.966511,59%,1
RIDE_003182,SCOOT_0248,USER_00988,06/29/2026 12:13 AM,2026-06-29 0:16:02,40.784092,-73.963042,40.778818,-73.961331,14,4
RIDE_003183,SCOOT_0133,USER_00421,1782437995,06/26/2026 2:09 AM,40.683654,-73.9652,40.68244,-73.965748,30%,1
RIDE_003184,SCOOT_0144,USER_01410,06/01/2026 11:07 PM,06/01/2026 11:47 PM,40.742606,-73.998099,40.749428,-73.995278,29,4
RIDE_003185,SCOOT_0303,USER_01093,1780427065,2026-06-02 19:43:25,40.7066° N,-74,40.710183,-74.000827,89,4
RIDE_003186,SCOOT_0287,USER_01106,1782675513,2026-06-28 19:42:33,40.7140° N,74.0061° W,40.719945,-74.008449,28,1
RIDE_003187,SCOOT_0235,USER_00128,1780377893,1780379393,40.7513,-73.994263,40.747021,-73.987688,84,2
RIDE_003188,SCOOT_0208,USER_00712,2026-06-08 13:31:54,2026-06-08 13:55:54,40.676869,-73.983597,40.671647,-73.984795,91,5
RIDE_003189,SCOOT_0032,USER_01268,1781792778,2026-06-18 14:41:18,40.714488,-74.0093,40.716248,-74.010106,63,2
RIDE_003190,SCOOT_0238,USER_00419,2026-06-05 6:28:23,06/05/2026 6:51 AM,40.7846,-73.950365,40.782841,-73.950135,3%,5
RIDE_003191,SCOOT_0027,USER_01311,1782603523,06/28/2026 12:16 AM,40.761669,-73.9731,40.761712,-73.972542,97,
RIDE_003192,SCOOT_0119,USER_00056,2026-06-01 15:54:40,2026-06-01 16:21:40,40.7118,-74.0055,40.71572,-74.003601,97,5
RIDE_003193,SCOOT_0020,USER_00787,1782346362,2026-06-25 0:32:42,40.7446° N,-73.920739,40.744164,-73.919782,78%,4
RIDE_003194,SCOOT_0030,USER_00539,1781037286,2026-06-09 20:52:46,40.678797,73.9626° W,40.670448,-73.962885,41,2
RIDE_003195,SCOOT_0394,USER_00098,06/16/2026 12:32 AM,2026-06-16 0:43:14,40.771718,-73.995277,40.772917,-73.99732,25,
RIDE_003196,SCOOT_0261,USER_00001,1781218651,06/11/2026 11:03 PM,40.7506,-73.9666,40.751218,-73.972684,62,5
RIDE_003197,SCOOT_0007,USER_00759,06/18/2026 10:17 AM,06/18/2026 10:31 AM,40.728871,73.9662° W,40.730218,-73.960949,45,2
RIDE_003198,SCOOT_0225,USER_01133,2026-06-23 5:05:54,06/23/2026 5:42 AM,40.719531,-74.007369,40.72704,-74.007296,60,
RIDE_003199,SCOOT_0263,USER_00051,06/17/2026 5:15 PM,2026-06-17 17:40:25,40.7089,74.0085° W,40.702179,-74.003714,68,1
RIDE_003200,SCOOT_0035,USER_00679,2026-06-12 3:22:15,1781235795,40.7192,-74.010062,40.718495,-74.009775,6%,3
RIDE_003201,SCOOT_0299,USER_00544,2026-06-14 21:08:04,1781473744,40.711393,73.9703° W,40.710762,-73.971265,100,5
RIDE_003202,SCOOT_0027,USER_00752,2026-06-15 8:13:58,06/15/2026 8:48 AM,40.692732,-73.983546,40.69702,-73.984455,78,
RIDE_003203,SCOOT_0045,USER_00281,2026-06-14 7:14:03,2026-06-14 7:43:03,40.7865,-73.956663,40.788171,-73.958506,79,5
RIDE_003204,SCOOT_0180,USER_01389,06/21/2026 11:23 AM,1782043237,40.759928,-73.974549,40.756542,-73.970759,39,4
RIDE_003205,SCOOT_0387,USER_01113,1782198353,06/23/2026 7:13 AM,40.7900° N,-73.992056,40.790613,-73.990129,98,five star
RIDE_003206,SCOOT_0400,USER_00468,1781869092,1781869632,40.6952,-73.999168,40.695677,-74.003571,71,4
RIDE_003207,SCOOT_0054,USER_01355,2026-06-08 1:41:17,1780883537,40.714637,-74.0104,40.717454,-74.012414,68%,2
RIDE_003208,SCOOT_0397,USER_01119,2026-06-19 14:04:30,1781878050,40.7582° N,-73.950154,40.759663,-73.953393,4,2
RIDE_003209,SCOOT_0311,USER_00858,06/30/2026 3:51 PM,1782836304,40.6689° N,-74.056486,40.670086,-74.055411,60%,5
RIDE_003210,SCOOT_0104,USER_00389,2026-06-14 7:22:26,1781423486,40.744538,-74.000944,40.745383,-74.00149,68%,2
RIDE_003211,SCOOT_0051,USER_01073,06/29/2026 1:34 AM,1782699197,40.801144,-73.984768,40.806587,-73.988279,81,3
RIDE_003212,SCOOT_0352,USER_00357,06/23/2026 2:25 PM,06/23/2026 2:36 PM,40.7065,74.0105° W,40.710075,-74.005212,low,5
RIDE_003213,SCOOT_0349,USER_01073,06/17/2026 11:37 PM,1781742094,40.709671,-74.007842,40.706164,-74.013277,52,5
RIDE_003214,SCOOT_0280,USER_00154,1780465722,2026-06-03 6:22:42,40.703568,74.0400° W,40.7036,-74.04424,65,4
RIDE_003215,SCOOT_0064,USER_00085,06/22/2026 4:22 PM,2026-06-22 17:03:08,40.7194° N,74.0080° W,40.720961,-74.012377,ERROR,
RIDE_003216,SCOOT_0234,USER_01129,06/18/2026 2:16 AM,2026-06-18 2:52:04,40.712038,-74.0048,40.713019,-74.004371,34,5
RIDE_003217,SCOOT_0199,USER_00123,2026-06-19 1:37:16,2026-06-19 1:57:16,40.7588,-73.99061,40.759383,-73.990269,89,2
RIDE_003218,SCOOT_0328,USER_01241,1780717101,1780718061,40.713727,-74.005711,40.709907,-74.009664,39%,
RIDE_003219,SCOOT_0329,USER_00685,2026-06-29 21:02:34,2026-06-29 21:35:34,40.644915,74.0281° W,40.647398,-74.025619,28,2
RIDE_003220,SCOOT_0250,USER_01107,06/23/2026 8:46 AM,1782206275,40.714027,-74.014532,40.710947,-74.014021,11,3
RIDE_003221,SCOOT_0071,USER_00554,2026-06-21 3:35:01,2026-06-21 3:53:01,40.7858,-73.9757,40.786917,-73.97562,62,4
RIDE_003222,SCOOT_0181,USER_01330,1781645883,2026-06-16 22:19:03,40.7133,-74.008556,40.716229,-74.009849,58,1
RIDE_003223,SCOOT_0007,USER_00236,2026-06-28 22:27:06,2026-06-28 23:00:06,40.686187,-74.0214,40.685142,-74.018438,92,3
RIDE_003224,SCOOT_0324,USER_00257,1781193962,2026-06-11 16:37:02,40.7126° N,74.0067° W,40.708885,-74.004388,41,3
RIDE_003225,SCOOT_0083,USER_00278,2026-06-11 12:30:36,06/11/2026 1:15 PM,40.699761,-74.008001,40.704202,-74.006474,74%,4
RIDE_003226,SCOOT_0286,USER_00834,06/23/2026 3:17 PM,2026-06-23 15:50:33,40.715835,74.0211° W,40.715642,-74.024728,67,2
RIDE_003227,SCOOT_0184,USER_01325,2026-06-22 19:34:17,2026-06-22 20:10:17,40.715394,-74.005831,40.71589,-74.007951,68,2
RIDE_003228,SCOOT_0329,USER_01136,2026-06-29 9:12:26,06/29/2026 9:42 AM,40.740928,-73.951948,40.740092,-73.950889,52,3
RIDE_003229,SCOOT_0003,USER_01327,06/02/2026 8:22 PM,2026-06-02 20:44:22,40.71319,74.0070° W,40.710693,-74.010294,19,3
RIDE_003230,SCOOT_0146,USER_01239,1781312922,06/13/2026 1:14 AM,40.690088,-73.997895,40.688529,-74.00563,75,1
RIDE_003231,SCOOT_0369,USER_00510,2026-06-26 1:19:12,06/26/2026 1:58 AM,40.766897,-73.986265,40.770937,-73.985146,42%,3
RIDE_003232,SCOOT_0003,USER_01325,1780365566,1780366106,40.719327,74.0126° W,40.717168,-74.014469,39,2
RIDE_003233,SCOOT_0397,USER_00407,1781159710,06/11/2026 6:46 AM,40.7166,-74.006035,40.719974,-74.01001,low,
RIDE_003234,SCOOT_0385,USER_00135,1780718287,1780720027,40.7807° N,-73.96318,40.774651,-73.959212,8%,4
RIDE_003235,SCOOT_0235,USER_00862,06/28/2026 4:17 AM,2026-06-28 4:51:39,40.7132° N,-74.004432,40.710579,-74.000606,ERROR,2
RIDE_003236,SCOOT_0164,USER_00395,06/30/2026 9:21 AM,2026-06-30 9:39:56,40.7081° N,-74.002672,40.710518,-74.005594,N/A,
RIDE_003237,SCOOT_0276,USER_01477,2026-06-10 18:10:16,1781117056,40.728867,-74.039869,40.730829,-74.044451,46%,5
RIDE_003238,SCOOT_0084,USER_01085,06/16/2026 12:30 PM,2026-06-16 12:55:05,40.7913,-73.992491,40.794329,-73.995475,9,3
RIDE_003239,SCOOT_0309,USER_01014,1782280786,06/24/2026 6:16 AM,40.7103,74.0028° W,40.713407,-74.006659,85,2
RIDE_003240,SCOOT_0256,USER_01420,2026-06-15 10:10:01,1781519461,40.711,74.0236° W,40.708196,-74.018804,87,4
RIDE_003241,SCOOT_0247,USER_00308,1782037010,06/21/2026 10:22 AM,40.706973,-74.008499,40.70841,-74.01106,51%,5
RIDE_003242,SCOOT_0306,USER_01173,2026-06-26 18:33:58,1782499798,40.694476,74.0397° W,40.693915,-74.037181,10,
RIDE_003243,SCOOT_0258,USER_00260,2026-06-15 20:21:14,06/15/2026 8:42 PM,40.7119° N,-74.005074,40.715326,-74.002702,34,1
RIDE_003244,SCOOT_0001,USER_00702,06/14/2026 12:56 PM,1781443895,40.715944,-74.0106,40.717518,-74.013232,37,1
RIDE_003245,SCOOT_0180,USER_00240,2026-06-21 13:14:34,1782049654,40.6749,73.9894° W,40.672159,-73.987062,87,4
RIDE_003246,SCOOT_0334,USER_00444,1782019318,2026-06-21 5:38:58,40.7161° N,-74.013611,40.713573,-74.01799,99,
RIDE_003247,SCOOT_0011,USER_00968,06/03/2026 8:42 AM,2026-06-03 9:22:50,40.7109,-74.004179,40.710223,-74.005949,35,5
RIDE_003248,SCOOT_0132,USER_00538,06/07/2026 4:29 AM,1780807308,40.784004,-74.031597,40.787714,-74.03323,85,3
RIDE_003249,SCOOT_0190,USER_01322,1782410583,06/25/2026 6:41 PM,40.729038,-73.945747,40.733666,-73.94944,4,5
RIDE_003250,SCOOT_0067,USER_00876,06/24/2026 12:43 AM,2026-06-24 1:26:36,40.713035,-73.995451,40.708202,-73.998211,85,2
RIDE_003251,SCOOT_0226,USER_01238,1781195376,06/11/2026 4:41 PM,40.712207,74.0095° W,40.709761,-74.010596,66,2
RIDE_003252,SCOOT_0266,USER_00616,2026-06-30 18:49:39,1782847419,40.774392,73.9845° W,40.777627,-73.987448,25,1
RIDE_003253,SCOOT_0079,USER_01080,1781258721,06/12/2026 10:25 AM,40.7078° N,-73.9983,40.705818,-74.002227,ERROR,5
RIDE_003254,SCOOT_0229,USER_01113,2026-06-06 14:33:18,1780757118,40.713559,-73.964198,40.712535,-73.964959,41%,3
RIDE_003255,SCOOT_0037,USER_01363,2026-06-27 17:59:26,2026-06-27 18:08:26,40.7122,-74.001948,40.711625,-73.994916,74%,2
RIDE_003256,SCOOT_0073,USER_00231,1780874436,1780875756,40.7641° N,-73.956364,40.766491,-73.956474,60,1
RIDE_003257,SCOOT_0029,USER_00011,06/26/2026 12:44 AM,06/26/2026 12:48 AM,40.7011° N,73.9994° W,40.702591,-74.001078,67,4
RIDE_003258,SCOOT_0359,USER_00006,2026-06-12 4:23:30,06/12/2026 5:06 AM,40.7135° N,-74.0011,40.719675,-73.998492,25,
RIDE_003259,SCOOT_0147,USER_01384,1781164280,2026-06-11 8:25:20,40.7434° N,-74.021387,40.745461,-74.017372,88%,4
RIDE_003260,SCOOT_0389,USER_00423,1782568836,1782569676,40.709215,-74.007942,40.714428,-74.010868,45,3
RIDE_003261,SCOOT_0138,USER_00236,06/18/2026 5:54 PM,06/18/2026 6:05 PM,40.721577,-73.95514,40.725168,-73.953844,39,5
RIDE_003262,SCOOT_0284,USER_00570,1781901188,06/19/2026 9:00 PM,40.7605,73.9864° W,40.761332,-73.981631,82,2
RIDE_003263,SCOOT_0003,USER_01326,1780347326,2026-06-01 21:07:26,40.787871,-73.9279,40.785177,-73.92792,82,3
RIDE_003264,SCOOT_0232,USER_00268,2026-06-15 2:08:25,2026-06-15 2:31:25,40.7414,73.9897° W,40.74098,-73.988451,LOW,4
RIDE_003265,SCOOT_0352,USER_00771,2026-06-01 17:21:43,1780336003,40.699685,-74.0011,40.701078,-73.997641,53,4
RIDE_003266,SCOOT_0176,USER_00929,1782433252,2026-06-26 0:28:52,40.7497,73.9521° W,40.756917,-73.950546,24,3
RIDE_003267,SCOOT_0330,USER_00977,1781348658,1781350578,40.7088,-74.008195,40.709675,-74.006826,25%,5
RIDE_003268,SCOOT_0314,USER_00609,2026-06-16 10:57:14,06/16/2026 11:05 AM,40.7754° N,73.9684° W,40.775389,-73.970305,20,1
RIDE_003269,SCOOT_0113,USER_00026,1782747066,06/29/2026 3:45 PM,40.7144,-73.9986,40.717464,-73.996976,43,4
RIDE_003270,SCOOT_0032,USER_01179,06/11/2026 7:25 AM,1781163977,40.7169° N,-74.007484,40.715393,-74.009728,54,1
RIDE_003271,SCOOT_0222,USER_00942,1782517110,06/27/2026 12:05 AM,40.7123,-74.007688,40.715924,-74.009114,51,2
RIDE_003272,SCOOT_0054,USER_01218,2026-06-02 12:04:31,06/02/2026 12:43 PM,40.7096,73.9982° W,40.708235,-73.997769,57%,2
RIDE_003273,SCOOT_0310,USER_01048,1781864567,06/19/2026 10:51 AM,40.709526,-74.010734,40.713233,-74.008823,9%,2
RIDE_003274,SCOOT_0234,USER_00714,06/08/2026 12:40 AM,2026-06-08 1:15:11,40.814268,-73.9848,40.814565,-73.984666,65,2
RIDE_003275,SCOOT_0292,USER_01461,1781966457,1781968617,40.754178,-73.997092,40.75451,-74.001372,90,1
RIDE_003276,SCOOT_0373,USER_01348,1781490093,06/15/2026 2:44 AM,40.714233,-74.014515,40.708679,-74.012059,low,2
RIDE_003277,SCOOT_0386,USER_00831,1780453403,06/03/2026 2:46 AM,40.710613,-74.009951,40.714425,-74.008969,69,3
RIDE_003278,SCOOT_0339,USER_00217,06/10/2026 10:10 PM,06/10/2026 10:54 PM,40.775442,-73.988825,40.783481,-73.990638,86%,2
RIDE_003279,SCOOT_0373,USER_00153,1781297118,2026-06-12 21:14:18,40.81799,-73.9724,40.813026,-73.970979,9,5
RIDE_003280,SCOOT_0395,USER_00711,2026-06-23 8:47:08,1782206048,40.7547° N,-74.006726,40.751929,-74.006801,37%,1
RIDE_003281,SCOOT_0319,USER_01405,06/22/2026 7:53 PM,2026-06-22 20:00:28,40.714199,-74.015883,40.717358,-74.017366,12%,1
RIDE_003282,SCOOT_0150,USER_00632,06/06/2026 3:48 PM,1780763107,40.721765,73.9669° W,40.721694,-73.96323,67%,
RIDE_003283,SCOOT_0210,USER_00961,1782615380,06/28/2026 3:26 AM,40.714859,74.0088° W,40.714401,-74.007382,78%,1
RIDE_003284,SCOOT_0249,USER_01458,06/02/2026 8:17 PM,1780431662,40.7111° N,-74.00941,40.712976,-74.009844,33%,4
RIDE_003285,SCOOT_0048,USER_00917,2026-06-22 21:27:34,2026-06-22 21:50:34,40.713471,-73.984212,40.71313,-73.984167,96,4
RIDE_003286,SCOOT_0313,USER_00554,1781299664,1781301944,40.7008° N,73.9974° W,40.701856,-73.994683,34,1
RIDE_003287,SCOOT_0319,USER_00275,1781872581,2026-06-19 13:11:21,40.7012° N,-74.015156,40.703594,-74.0144,52,3
RIDE_003288,SCOOT_0380,USER_00760,2026-06-05 16:07:53,2026-06-05 16:41:53,40.764976,73.9451° W,40.75988,-73.942716,23,3
RIDE_003289,SCOOT_0208,USER_01233,1780989218,2026-06-09 7:33:38,40.707739,-73.998457,40.703105,-73.995,83,4
RIDE_003290,SCOOT_0241,USER_00741,2026-06-09 3:37:41,06/09/2026 4:03 AM,40.7564,-73.9928,40.756924,-73.990936,32,2
RIDE_003291,SCOOT_0121,USER_00515,2026-06-01 18:21:31,2026-06-01 18:37:31,40.712512,-73.951516,40.714461,-73.956638,92%,3
RIDE_003292,SCOOT_0252,USER_00405,06/23/2026 5:16 AM,1782192312,40.6888° N,-73.9272,40.685911,-73.923743,56,1
RIDE_003293,SCOOT_0266,USER_00350,06/29/2026 8:06 AM,2026-06-29 8:32:28,40.7105° N,74.0040° W,40.712419,-74.000577,6%,3
RIDE_003294,SCOOT_0012,USER_00877,2026-06-20 10:39:12,06/20/2026 10:44 AM,40.744895,-73.928222,40.743127,-73.92752,24,4
RIDE_003295,SCOOT_0215,USER_00295,1782711808,1782714388,40.753806,-73.990439,40.752948,-73.989955,69,1
RIDE_003296,SCOOT_0383,USER_00051,06/25/2026 7:23 AM,06/25/2026 8:08 AM,40.7111,-73.996236,40.708556,-73.992698,18,4
RIDE_003297,SCOOT_0109,USER_00999,1782373784,06/25/2026 8:11 AM,40.7063,74.0448° W,40.703734,-74.047082,70,4
RIDE_003298,SCOOT_0277,USER_01195,06/03/2026 8:36 AM,2026-06-03 9:07:21,40.690141,-74.0237,40.68713,-74.028162,N/A,2
RIDE_003299,SCOOT_0389,USER_01322,1781750663,1781751503,40.757518,-73.9228,40.759875,-73.921064,96,2
RIDE_003300,SCOOT_0144,USER_00836,2026-06-16 14:09:36,06/16/2026 2:29 PM,40.7647,-73.948386,40.762907,-73.948066,2,2
RIDE_003301,SCOOT_0023,USER_01493,06/27/2026 9:20 AM,1782553205,40.727741,-74.032424,40.737031,-74.032338,10,4
RIDE_003302,SCOOT_0316,USER_00289,06/14/2026 8:45 PM,2026-06-14 21:25:50,40.73344,-73.9101,40.736185,-73.909948,68%,2
RIDE_003303,SCOOT_0385,USER_00118,1780494755,06/03/2026 2:04 PM,40.751503,-73.998083,40.749833,-73.996531,90,1
RIDE_003304,SCOOT_0352,USER_01191,2026-06-08 15:20:48,06/08/2026 4:04 PM,40.714576,-74.0011,40.714214,-74.005277,23,1
RIDE_003305,SCOOT_0264,USER_01063,2026-06-13 22:20:12,2026-06-13 22:42:12,40.717027,74.0003° W,40.719722,-74.000747,1%,5
RIDE_003306,SCOOT_0126,USER_00848,1782827879,2026-06-30 14:01:59,40.778888,73.9169° W,40.779233,-73.920857,27,1
RIDE_003307,SCOOT_0102,USER_00356,06/17/2026 1:04 AM,2026-06-17 1:39:06,40.7372° N,-73.95549,40.73236,-73.954982,63,five star
RIDE_003308,SCOOT_0029,USER_00624,1781459995,1781462035,40.738207,-73.9045,40.742137,-73.901904,10%,5
RIDE_003309,SCOOT_0091,USER_00241,1780943971,1780945291,40.7051° N,-73.967279,40.707263,-73.966511,ERROR,3
RIDE_003310,SCOOT_0054,USER_00252,2026-06-18 4:25:29,06/18/2026 5:03 AM,40.7138° N,-74.001235,40.710295,-74.007281,12,2
RIDE_003311,SCOOT_0230,USER_00035,2026-06-06 14:04:12,2026-06-06 14:29:12,40.783042,73.9872° W,40.790918,-73.987663,10,1
RIDE_003312,SCOOT_0213,USER_00448,1781072895,06/10/2026 6:46 AM,40.8090° N,-74.0026,40.807385,-74.002291,79,1
RIDE_003313,SCOOT_0177,USER_00462,2026-06-01 9:31:43,06/01/2026 9:41 AM,40.7092,-74.007689,40.708514,-74.008391,14,
RIDE_003314,SCOOT_0279,USER_01336,06/04/2026 1:32 AM,06/04/2026 1:36 AM,40.795102,-73.977935,40.796541,-73.976317,82,2
RIDE_003315,SCOOT_0387,USER_00568,2026-06-01 2:44:11,1780282811,40.7607° N,73.9874° W,40.75969,-73.986857,77,1
RIDE_003316,SCOOT_0187,USER_00100,1781389557,1781391177,40.717427,-74.001495,40.716706,-73.999192,63,3
RIDE_003317,SCOOT_0014,USER_00230,1782247695,1782249975,40.7120° N,-74.0059,40.710601,-74.006409,31,3
RIDE_003318,SCOOT_0186,USER_01364,1781333375,2026-06-13 7:18:35,40.7182,74.0056° W,40.718571,-74.009972,16,1
RIDE_003319,SCOOT_0151,USER_00001,06/03/2026 12:18 PM,2026-06-03 12:27:12,40.711563,-74.006965,40.709076,-74.0069,76,2
RIDE_003320,SCOOT_0116,USER_01354,2026-06-16 11:15:53,06/16/2026 11:23 AM,40.722016,-73.9336,40.722381,-73.936467,7,4
RIDE_003321,SCOOT_0053,USER_00803,2026-06-17 13:10:35,2026-06-17 13:43:35,40.711205,-74.005691,40.714758,-74.00492,4%,3
RIDE_003322,SCOOT_0010,USER_00462,2026-06-05 13:43:59,2026-06-05 14:17:59,40.710152,74.0044° W,40.715275,-74.001654,47,
RIDE_003323,SCOOT_0330,USER_00331,1781860711,06/19/2026 10:01 AM,40.7724° N,73.9631° W,40.77667,-73.959861,ERROR,3
RIDE_003324,SCOOT_0208,USER_00033,06/02/2026 3:33 AM,06/02/2026 4:08 AM,40.715067,-74.001725,40.711822,-74.006232,45,five star
RIDE_003325,SCOOT_0243,USER_01299,2026-06-27 21:37:15,1782596835,40.764542,-73.9762,40.76291,-73.973749,21%,4
RIDE_003326,SCOOT_0346,USER_00884,06/12/2026 12:45 AM,06/12/2026 1:05 AM,40.6688° N,-74.0195,40.667388,-74.024404,37%,5
RIDE_003327,SCOOT_0249,USER_00165,1781278102,06/12/2026 4:05 PM,40.7788° N,-73.995184,40.77703,-73.99246,1,5
RIDE_003328,SCOOT_0059,USER_01406,1782695115,2026-06-29 1:22:15,40.715384,74.0104° W,40.717432,-74.009563,38,4
RIDE_003329,SCOOT_0075,USER_01287,2026-06-30 21:11:29,1782855749,40.808061,-73.969521,40.807637,-73.972091,72,1
RIDE_003330,SCOOT_0131,USER_00417,2026-06-20 0:40:20,2026-06-20 1:10:20,40.746515,-73.9941,40.750628,-73.994061,58,5
RIDE_003331,SCOOT_0364,USER_00882,1781477668,2026-06-14 23:02:28,40.715061,-73.999943,40.707986,-73.996106,83,3
RIDE_003332,SCOOT_0089,USER_00744,1782125345,06/22/2026 11:20 AM,40.713022,-74.00426,40.710536,-74.006525,55,
RIDE_003333,SCOOT_0178,USER_00613,06/06/2026 12:13 PM,2026-06-06 12:36:11,40.740377,-73.887508,40.743387,-73.883711,24,5
RIDE_003334,SCOOT_0284,USER_00338,1782786678,2026-06-30 3:05:18,40.712032,-74.0084,40.70969,-74.009866,45%,3
RIDE_003335,SCOOT_0391,USER_01113,2026-06-18 4:08:11,1781757551,40.7046° N,-74.0089,40.702908,-74.009426,14%,
RIDE_003336,SCOOT_0246,USER_00771,06/06/2026 9:18 PM,2026-06-06 21:48:02,40.764,73.9704° W,40.76399,-73.972095,N/A,4
RIDE_003337,SCOOT_0157,USER_00508,2026-06-09 16:52:36,1781026236,40.6668° N,-74.0203,40.663915,-74.018908,88,
RIDE_003338,SCOOT_0267,USER_00706,06/26/2026 8:53 PM,2026-06-26 21:33:01,40.7796° N,-73.9588,40.781857,-73.959229,16,
RIDE_003339,SCOOT_0390,USER_00839,06/21/2026 12:11 PM,1782044442,40.710712,-74.008988,40.70619,-74.006013,24,5
RIDE_003340,SCOOT_0395,USER_00088,1781209979,06/11/2026 8:42 PM,40.7545,-74.010427,40.752026,-74.013028,68,5
RIDE_003341,SCOOT_0149,USER_00039,06/28/2026 12:20 PM,2026-06-28 12:35:15,40.712972,74.0017° W,40.711928,-74.008488,7,5
RIDE_003342,SCOOT_0007,USER_01003,06/04/2026 3:41 PM,1780590241,40.7023,74.0119° W,40.701642,-74.013806,95%,
RIDE_003343,SCOOT_0303,USER_00239,06/29/2026 3:41 AM,06/29/2026 4:21 AM,40.7048,73.9867° W,40.704774,-73.985439,91,4
RIDE_003344,SCOOT_0212,USER_01015,06/29/2026 11:15 AM,06/29/2026 11:33 AM,40.697503,-74.018532,40.701644,-74.016854,82%,3
RIDE_003345,SCOOT_0117,USER_01002,06/14/2026 10:08 PM,06/14/2026 10:31 PM,40.799639,-73.946678,40.801217,-73.943893,61,3
RIDE_003346,SCOOT_0136,USER_00129,2026-06-25 1:33:41,06/25/2026 1:48 AM,40.668913,-73.983917,40.668365,-73.978884,88,1
RIDE_003347,SCOOT_0044,USER_01313,1782117014,06/22/2026 8:52 AM,40.7165° N,-74.008522,40.717629,-74.008019,ERROR,5
RIDE_003348,SCOOT_0227,USER_00513,06/21/2026 3:42 PM,06/21/2026 3:47 PM,40.767087,74.0059° W,40.768167,-74.006561,31,2
RIDE_003349,SCOOT_0367,USER_00245,2026-06-24 7:49:43,2026-06-24 8:21:43,40.71393,-74.0089,40.712175,-74.005376,10,4
RIDE_003350,SCOOT_0105,USER_00523,2026-06-26 15:55:36,2026-06-26 16:33:36,40.7086,-74.009911,40.708439,-74.012227,low,
RIDE_003351,SCOOT_0100,USER_00132,1781552205,2026-06-15 20:09:45,40.712899,-73.9331,40.708384,-73.936122,ERROR,4
RIDE_003352,SCOOT_0310,USER_00550,06/21/2026 3:33 AM,06/21/2026 4:01 AM,40.802482,73.9684° W,40.800242,-73.967156,70,5
RIDE_003353,SCOOT_0006,USER_01064,2026-06-08 19:58:54,06/08/2026 8:13 PM,40.715069,74.0020° W,40.714688,-73.999093,52,4
RIDE_003354,SCOOT_0285,USER_01080,1781660591,2026-06-17 2:02:11,40.7081,-73.989126,40.708623,-73.988137,52,2
RIDE_003355,SCOOT_0104,USER_00161,2026-06-26 6:12:24,1782456144,40.709153,-74.005,40.707281,-74.005793,28,4
RIDE_003356,SCOOT_0157,USER_00696,2026-06-09 20:32:01,06/09/2026 8:47 PM,40.769395,-73.949821,40.766404,-73.952993,67%,1
RIDE_003357,SCOOT_0212,USER_00523,1780357188,06/01/2026 11:56 PM,40.7112° N,-74.006107,40.709182,-74.002985,11,4
RIDE_003358,SCOOT_0358,USER_00331,1781851438,06/19/2026 7:16 AM,40.7142,-74.004376,40.71039,-74.000874,94,2
RIDE_003359,SCOOT_0090,USER_00181,2026-06-21 17:44:42,06/21/2026 6:22 PM,40.701519,74.0027° W,40.704322,-74.003961,65,1
RIDE_003360,SCOOT_0007,USER_00317,2026-06-07 14:28:24,2026-06-07 15:02:24,40.717892,-74.006252,40.718079,-74.005234,98%,4
RIDE_003361,SCOOT_0128,USER_01204,06/17/2026 5:57 PM,06/17/2026 6:19 PM,40.8121° N,-73.958811,40.814235,-73.96155,1,1
RIDE_003362,SCOOT_0115,USER_00119,06/03/2026 3:11 PM,06/03/2026 3:44 PM,40.715672,74.0223° W,40.718138,-74.021841,70%,5
RIDE_003363,SCOOT_0397,USER_00864,1782418496,06/25/2026 8:26 PM,40.69031,-74.004378,40.687761,-74.003924,32%,2
RIDE_003364,SCOOT_0348,USER_00176,1781894909,2026-06-19 19:00:29,40.709364,74.0059° W,40.711615,-74.006049,54,
RIDE_003365,SCOOT_0044,USER_00568,2026-06-11 15:43:18,1781193378,40.711236,-74.005187,40.713328,-74.008508,36%,1
RIDE_003366,SCOOT_0066,USER_00584,2026-06-23 2:49:12,06/23/2026 3:01 AM,40.7536,-73.9593,40.755334,-73.959176,72,4
RIDE_003367,SCOOT_0067,USER_00926,2026-06-18 16:15:15,1781800635,40.718895,-73.9998,40.721156,-74.005822,9,2
RIDE_003368,SCOOT_0026,USER_00874,06/15/2026 2:49 PM,06/15/2026 2:53 PM,40.699531,-73.915103,40.695015,-73.913899,72,5
RIDE_003369,SCOOT_0244,USER_00761,06/12/2026 5:16 PM,06/12/2026 5:37 PM,40.7114° N,-74.01,40.712441,-74.009382,91,2
RIDE_003370,SCOOT_0174,USER_01035,2026-06-14 3:07:02,06/14/2026 3:42 AM,40.721241,-74.008499,40.725562,-74.007442,73,three
RIDE_003371,SCOOT_0194,USER_00077,1780931063,2026-06-08 15:11:23,40.73568,-73.952015,40.737377,-73.951908,22%,5
RIDE_003372,SCOOT_0089,USER_01266,2026-06-10 4:45:08,06/10/2026 5:05 AM,40.7139,-74.008388,40.711388,-74.00611,16,5
RIDE_003373,SCOOT_0302,USER_00598,1781213032,1781215312,40.7535° N,-73.9871,40.754361,-73.986306,53,2
RIDE_003374,SCOOT_0375,USER_00769,2026-06-01 8:06:41,06/01/2026 8:41 AM,40.719813,-73.959975,40.720177,-73.960583,71%,5
RIDE_003375,SCOOT_0106,USER_01280,06/11/2026 11:36 AM,1781178414,40.7145° N,74.0051° W,40.716825,-74.00344,LOW,5
RIDE_003376,SCOOT_0034,USER_00827,06/26/2026 7:31 AM,2026-06-26 7:39:22,40.7157° N,74.0006° W,40.718322,-74.001077,24%,1
RIDE_003377,SCOOT_0343,USER_00007,06/12/2026 4:19 PM,06/12/2026 4:45 PM,40.708308,-73.999329,40.707595,-74.000748,2,4
RIDE_003378,SCOOT_0004,USER_00059,1782476679,1782478359,40.705853,-74.004646,40.7063,-74.009191,37%,2
RIDE_003379,SCOOT_0011,USER_01420,1782315769,1782317389,40.7152,74.0188° W,40.723236,-74.020472,11,4
RIDE_003380,SCOOT_0318,USER_00925,06/06/2026 10:40 AM,1780743701,40.697396,-74.026296,40.70123,-74.027414,98,4
RIDE_003381,SCOOT_0100,USER_00483,2026-06-11 16:40:53,1781197493,40.746902,-73.963461,40.742761,-73.961586,24,3
RIDE_003382,SCOOT_0361,USER_01487,06/28/2026 7:06 PM,06/28/2026 7:43 PM,40.7199° N,-74.003734,40.721839,-74.001123,93,
RIDE_003383,SCOOT_0228,USER_00533,06/27/2026 4:11 AM,2026-06-27 4:46:54,40.795594,73.9534° W,40.796913,-73.95069,29,5
RIDE_003384,SCOOT_0107,USER_00046,2026-06-11 3:50:01,06/11/2026 4:01 AM,40.688381,-73.993274,40.685365,-73.994375,22,5
RIDE_003385,SCOOT_0311,USER_01251,1781998346,2026-06-20 23:53:26,40.70047,74.0044° W,40.698538,-74.001061,92,4
RIDE_003386,SCOOT_0329,USER_00430,06/20/2026 1:06 AM,1781917904,40.7692,73.9551° W,40.765953,-73.952003,32,
RIDE_003387,SCOOT_0205,USER_00995,06/14/2026 12:41 PM,2026-06-14 13:12:13,40.7727° N,-73.919917,40.775088,-73.919408,37,
RIDE_003388,SCOOT_0197,USER_00982,06/15/2026 5:35 PM,06/15/2026 6:02 PM,40.6900° N,-73.972776,40.685488,-73.974029,17,5
RIDE_003389,SCOOT_0344,USER_00049,2026-06-07 17:02:10,1780852210,40.7477° N,-73.985273,40.749605,-73.983757,78,3
RIDE_003390,SCOOT_0143,USER_00248,1782798995,2026-06-30 6:33:35,40.6902,-74.041092,40.684561,-74.04221,76,5
RIDE_003391,SCOOT_0266,USER_00869,06/08/2026 2:09 PM,1780929361,40.7353° N,73.9812° W,40.737072,-73.983763,2%,4
RIDE_003392,SCOOT_0352,USER_00577,2026-06-08 20:33:55,1780951315,40.677106,-74.086241,40.676224,-74.089505,80%,1
RIDE_003393,SCOOT_0032,USER_01233,06/26/2026 10:35 AM,06/26/2026 10:54 AM,40.714384,-74.025022,40.714698,-74.025456,62%,1
RIDE_003394,SCOOT_0130,USER_00782,06/11/2026 9:11 AM,2026-06-11 9:43:41,40.746241,-73.996056,40.740722,-73.99985,79,1
RIDE_003395,SCOOT_0347,USER_00039,1782432955,1782434035,40.713904,-74.024597,40.704999,-74.020548,77,1
RIDE_003396,SCOOT_0111,USER_01231,06/18/2026 11:44 PM,06/19/2026 12:28 AM,40.7157,-74.003916,40.713859,-74.002633,25,5
RIDE_003397,SCOOT_0126,USER_00189,1782022720,1782024100,40.71,-74.0052,40.707221,-74.000632,99,4
RIDE_003398,SCOOT_0120,USER_00464,06/25/2026 5:26 PM,06/25/2026 5:59 PM,40.7065° N,74.0011° W,40.706636,-74.002539,53,
RIDE_003399,SCOOT_0265,USER_00863,06/25/2026 8:27 PM,2026-06-25 20:55:04,40.7135,-74.003067,40.717568,-74.002127,17,5
RIDE_003400,SCOOT_0138,USER_00509,06/10/2026 12:59 AM,1781055688,40.709237,-74.005777,40.714688,-74.001734,41,3
RIDE_003401,SCOOT_0272,USER_01262,2026-06-27 9:20:47,2026-06-27 9:59:47,40.707375,-74.028586,40.709474,-74.02511,LOW,2
RIDE_003402,SCOOT_0014,USER_00592,2026-06-08 9:16:19,2026-06-08 9:51:19,40.7110° N,-74.01142,40.71118,-74.013873,32,3
RIDE_003403,SCOOT_0162,USER_00273,06/21/2026 12:55 PM,2026-06-21 13:23:16,40.6794,74.0024° W,40.686856,-74.001997,25,
RIDE_003404,SCOOT_0214,USER_00191,1782471382,06/26/2026 10:59 AM,40.765238,74.0099° W,40.759707,-74.012404,19%,5
RIDE_003405,SCOOT_0011,USER_00192,1782022879,2026-06-21 6:54:19,40.729264,-73.981314,40.73106,-73.979099,79,2
RIDE_003406,SCOOT_0028,USER_01498,06/18/2026 9:44 AM,06/18/2026 10:03 AM,40.771273,-73.9434,40.769375,-73.939222,23%,3
RIDE_003407,SCOOT_0189,USER_00288,2026-06-14 10:14:36,2026-06-14 10:21:36,40.7146° N,-74.0132,40.712325,-74.018511,low,4
RIDE_003408,SCOOT_0390,USER_01110,1780823906,1780826486,40.784666,73.9781° W,40.777981,-73.976967,85,2
RIDE_003409,SCOOT_0309,USER_00235,2026-06-09 14:58:37,1781019037,40.695357,74.0385° W,40.700391,-74.038154,66,5
RIDE_003410,SCOOT_0383,USER_01325,2026-06-29 10:55:31,1782731491,40.724731,-73.943188,40.720192,-73.947102,56%,2
RIDE_003411,SCOOT_0379,USER_00527,1780337078,1780339178,40.7179,-74.007896,40.718006,-74.014029,43%,2
RIDE_003412,SCOOT_0389,USER_00709,2026-06-25 1:34:44,1782353204,40.674138,-73.975804,40.675271,-73.970544,18,1
RIDE_003413,SCOOT_0370,USER_00715,2026-06-22 11:28:42,2026-06-22 11:48:42,40.7883° N,73.9822° W,40.789678,-73.983164,14%,
RIDE_003414,SCOOT_0392,USER_01221,06/25/2026 9:32 PM,2026-06-25 22:04:57,40.7210° N,-74.001404,40.721528,-74.000803,35,2
RIDE_003415,SCOOT_0056,USER_01178,06/26/2026 9:06 AM,1782466002,40.741697,-73.994408,40.746373,-74.000989,22%,2
RIDE_003416,SCOOT_0096,USER_01276,2026-06-12 1:44:29,1781230649,40.7398° N,73.9455° W,40.745094,-73.94087,31,2
RIDE_003417,SCOOT_0155,USER_01244,2026-06-06 14:08:24,06/06/2026 2:20 PM,40.7129° N,73.9999° W,40.718281,-73.999634,ERROR,5
RIDE_003418,SCOOT_0037,USER_00061,06/16/2026 1:31 PM,2026-06-16 13:58:28,40.8325,-73.971827,40.831895,-73.969229,75,2
RIDE_003419,SCOOT_0348,USER_01159,06/19/2026 12:46 PM,1781873699,40.741824,-73.966293,40.746052,-73.966236,68,1
RIDE_003420,SCOOT_0324,USER_01318,2026-06-11 17:33:35,06/11/2026 5:47 PM,40.715,73.9607° W,40.712911,-73.958058,78,3
RIDE_003421,SCOOT_0002,USER_00429,1781895702,1781896962,40.762324,-73.956272,40.765046,-73.953001,87%,4
RIDE_003422,SCOOT_0017,USER_01361,06/30/2026 5:41 AM,06/30/2026 6:12 AM,40.710124,-74.002784,40.716029,-74.00485,7,5
RIDE_003423,SCOOT_0107,USER_01190,1780622129,1780624169,40.719999,-74.008197,40.717443,-74.007309,7,3
RIDE_003424,SCOOT_0007,USER_01397,2026-06-01 23:02:20,1780356620,40.763218,-73.949765,40.760333,-73.948461,81,3
RIDE_003425,SCOOT_0388,USER_00815,06/16/2026 8:34 AM,1781601450,40.7101° N,74.0120° W,40.707272,-74.014208,9,2
RIDE_003426,SCOOT_0213,USER_01357,1781591567,06/16/2026 7:14 AM,40.7684° N,-73.9625,40.764012,-73.9614,11,4
RIDE_003427,SCOOT_0279,USER_00508,2026-06-14 9:59:50,1781433170,40.708093,-74.003484,40.706225,-74.006638,47,five star
RIDE_003428,SCOOT_0031,USER_01009,1780556467,2026-06-04 7:04:07,40.774,-73.997238,40.773045,-74.003898,21,1
RIDE_003429,SCOOT_0252,USER_00288,2026-06-10 2:31:44,2026-06-10 2:58:44,40.708131,-74.0281,40.708147,-74.032665,85,4
RIDE_003430,SCOOT_0233,USER_01319,1780807531,1780808851,40.717637,-74.008665,40.716277,-74.001729,51,
RIDE_003431,SCOOT_0339,USER_00527,2026-06-08 17:53:34,2026-06-08 18:25:34,40.686427,-73.973156,40.688114,-73.971985,78,
RIDE_003432,SCOOT_0379,USER_00678,06/16/2026 10:35 PM,06/16/2026 11:12 PM,40.7636° N,73.9780° W,40.764456,-73.978128,82,4
RIDE_003433,SCOOT_0325,USER_01207,06/18/2026 10:55 PM,2026-06-18 23:21:48,40.791626,74.0039° W,40.79469,-74.001386,60,3
RIDE_003434,SCOOT_0271,USER_00579,1782382235,2026-06-25 10:44:35,40.7720° N,73.9632° W,40.77169,-73.968767,81%,4
RIDE_003435,SCOOT_0314,USER_01116,1781793519,06/18/2026 3:01 PM,40.712511,-74.01,40.710315,-74.013692,28,
RIDE_003436,SCOOT_0223,USER_00596,2026-06-06 0:56:53,06/06/2026 1:28 AM,40.7389° N,-73.997632,40.73172,-73.995532,45,5
RIDE_003437,SCOOT_0179,USER_01039,2026-06-26 3:15:12,2026-06-26 3:45:12,40.721681,-74.0036,40.721073,-74.003739,82,2
RIDE_003438,SCOOT_0284,USER_01306,1780715761,1780717741,40.7044° N,-74.0042,40.704269,-74.006722,7,3
RIDE_003439,SCOOT_0031,USER_00815,1782001705,1782003925,40.782558,-73.997743,40.784713,-73.998047,3,2
RIDE_003440,SCOOT_0213,USER_00879,2026-06-11 16:54:33,06/11/2026 5:27 PM,40.7204° N,-74.004637,40.719324,-74.00538,68,4
RIDE_003441,SCOOT_0203,USER_01094,2026-06-08 13:22:42,06/08/2026 1:33 PM,40.71296,74.0106° W,40.710659,-74.015926,2,1
RIDE_003442,SCOOT_0282,USER_01166,1781464141,1781466781,40.68764,-74.006922,40.688541,-74.01286,78,4
RIDE_003443,SCOOT_0368,USER_00988,06/11/2026 6:58 AM,2026-06-11 7:41:11,40.710056,-73.994732,40.709567,-73.996633,73%,4
RIDE_003444,SCOOT_0052,USER_00543,06/26/2026 8:03 AM,1782463320,40.711151,74.0082° W,40.709241,-74.007642,low,1
RIDE_003445,SCOOT_0318,USER_01250,06/22/2026 12:37 AM,2026-06-22 1:19:04,40.722031,74.0090° W,40.721076,-74.00913,83,1
RIDE_003446,SCOOT_0047,USER_00741,2026-06-13 22:58:48,2026-06-13 23:15:48,40.7101,-74.001607,40.702938,-74.0032,54%,
RIDE_003447,SCOOT_0065,USER_01400,1782084206,06/22/2026 12:04 AM,40.777766,-73.9835,40.775304,-73.98216,38,
RIDE_003448,SCOOT_0014,USER_01180,1782594377,06/27/2026 9:10 PM,40.767027,73.9638° W,40.764623,-73.962419,7,2
RIDE_003449,SCOOT_0355,USER_01070,2026-06-18 2:06:40,1781749900,40.740859,73.9531° W,40.745309,-73.960913,42,1
RIDE_003450,SCOOT_0275,USER_01006,2026-06-16 16:07:35,2026-06-16 16:49:35,40.7328,-73.969915,40.740147,-73.971319,60%,1
RIDE_003451,SCOOT_0268,USER_00990,06/24/2026 10:34 AM,06/24/2026 10:52 AM,40.715785,74.0061° W,40.713376,-74.008907,68,3
RIDE_003452,SCOOT_0270,USER_00317,1780351172,2026-06-01 22:42:32,40.7191° N,74.0022° W,40.724973,-74.00201,72%,3
RIDE_003453,SCOOT_0239,USER_00806,2026-06-13 5:05:31,1781328991,40.736358,-73.940544,40.735497,-73.943669,99,5
RIDE_003454,SCOOT_0394,USER_00265,1781338021,06/13/2026 8:27 AM,40.7131,74.0092° W,40.714462,-74.008647,60,2
RIDE_003455,SCOOT_0353,USER_01346,1781102151,2026-06-10 15:17:51,40.7672° N,-73.944097,40.76704,-73.941827,60,three
RIDE_003456,SCOOT_0134,USER_01399,2026-06-05 22:54:02,06/05/2026 11:32 PM,40.7210° N,-74.0008,40.724466,-74.001694,3,4
RIDE_003457,SCOOT_0024,USER_01015,2026-06-11 19:10:15,06/11/2026 7:15 PM,40.710693,-74.035166,40.71219,-74.034342,16%,4
RIDE_003458,SCOOT_0199,USER_00032,2026-06-18 8:33:05,2026-06-18 8:48:05,40.7129,74.0019° W,40.70927,-73.996987,N/A,five star
RIDE_003459,SCOOT_0331,USER_01186,2026-06-22 6:52:52,06/22/2026 7:18 AM,40.7072,-74.045913,40.706789,-74.044471,34,
RIDE_003460,SCOOT_0260,USER_01336,1782014314,06/21/2026 4:03 AM,40.719617,74.0425° W,40.720049,-74.042413,11%,5
RIDE_003461,SCOOT_0251,USER_01429,06/08/2026 11:24 AM,1780920035,40.719928,-74.007476,40.71984,-74.003085,10,2
RIDE_003462,SCOOT_0130,USER_00029,2026-06-04 11:42:44,1780574984,40.76434,73.9549° W,40.761606,-73.955475,37%,5
RIDE_003463,SCOOT_0134,USER_00199,1782846564,1782846744,40.7781° N,73.9992° W,40.777635,-73.998457,73,4
RIDE_003464,SCOOT_0328,USER_00654,1781994565,2026-06-20 22:56:25,40.7088° N,-74.007655,40.709181,-74.007515,42,2
RIDE_003465,SCOOT_0297,USER_01114,2026-06-18 16:28:51,1781800791,40.738407,-73.975171,40.735839,-73.974837,2,3
RIDE_003466,SCOOT_0269,USER_00982,2026-06-01 4:22:24,1780289904,40.762385,-73.937673,40.76454,-73.9368,69,4
RIDE_003467,SCOOT_0391,USER_00869,2026-06-21 5:50:04,1782023644,40.726131,-73.992525,40.723348,-73.991946,70,
RIDE_003468,SCOOT_0357,USER_00139,1781849489,06/19/2026 6:24 AM,40.7186,-74.006829,40.719025,-74.007557,35,
RIDE_003469,SCOOT_0340,USER_01145,06/19/2026 8:26 PM,2026-06-19 20:32:11,40.6665° N,-74.0056,40.667428,-74.007126,40%,2
RIDE_003470,SCOOT_0331,USER_01342,2026-06-14 7:53:18,2026-06-14 8:17:18,40.7075,-73.952812,40.7098,-73.946895,82%,4
RIDE_003471,SCOOT_0259,USER_00714,2026-06-09 22:25:09,06/09/2026 10:48 PM,40.7183° N,74.0114° W,40.720894,-74.013367,N/A,5
RIDE_003472,SCOOT_0180,USER_00658,06/15/2026 5:24 AM,2026-06-15 5:59:25,40.677555,74.0537° W,40.679673,-74.050862,11,1
RIDE_003473,SCOOT_0347,USER_01249,2026-06-30 20:12:36,06/30/2026 8:46 PM,40.7124° N,-74.006324,40.713801,-74.00462,77%,1
RIDE_003474,SCOOT_0141,USER_00673,06/10/2026 2:20 AM,2026-06-10 2:50:52,40.784925,-74.003287,40.784985,-74.006492,66,1
RIDE_003475,SCOOT_0155,USER_01098,2026-06-28 9:35:05,1782641525,40.7126,-74.006905,40.712456,-74.009304,36,5
RIDE_003476,SCOOT_0012,USER_01011,1782322592,06/24/2026 5:56 PM,40.718654,-74.027589,40.718261,-74.028882,ERROR,5
RIDE_003477,SCOOT_0391,USER_01347,06/22/2026 6:45 AM,2026-06-22 6:49:00,40.735381,-73.941549,40.732803,-73.937299,64%,2
RIDE_003478,SCOOT_0257,USER_00051,2026-06-22 11:42:59,1782130439,40.719295,-74.013804,40.719573,-74.015003,90,4
RIDE_003479,SCOOT_0140,USER_01442,1782244527,2026-06-23 20:15:27,40.642264,74.0169° W,40.644589,-74.010835,100,2
RIDE_003480,SCOOT_0334,USER_00919,1780742456,1780744976,40.707254,-74.038,40.70719,-74.032979,74,4
RIDE_003481,SCOOT_0246,USER_00993,2026-06-29 5:03:36,1782710736,40.7491,-74.020537,40.743065,-74.026831,21,5
RIDE_003482,SCOOT_0317,USER_00194,1781109641,2026-06-10 17:07:41,40.7181° N,-74.006188,40.718637,-74.01156,86,1
RIDE_003483,SCOOT_0024,USER_01389,2026-06-28 2:04:03,06/28/2026 2:09 AM,40.691036,74.0147° W,40.69166,-74.015905,2,2
RIDE_003484,SCOOT_0397,USER_01337,1780638163,06/05/2026 5:57 AM,40.7087,-74.009138,40.712276,-74.008404,100,5
RIDE_003485,SCOOT_0277,USER_00738,06/25/2026 6:49 AM,06/25/2026 7:24 AM,40.7183° N,-74.026777,40.709482,-74.028347,53,4
RIDE_003486,SCOOT_0024,USER_00106,1780327862,06/01/2026 3:58 PM,40.709334,-74.004604,40.719191,-74.002518,66,2
RIDE_003487,SCOOT_0136,USER_01302,06/02/2026 6:23 AM,2026-06-02 6:47:56,40.7237,-74.003725,40.721854,-74.002681,66,5
RIDE_003488,SCOOT_0392,USER_00402,2026-06-21 18:31:19,1782067939,40.7199° N,-73.998682,40.718197,-73.997922,86,2
RIDE_003489,SCOOT_0187,USER_01342,06/16/2026 1:28 AM,1781575091,40.732815,73.9611° W,40.737475,-73.960987,26%,4
RIDE_003490,SCOOT_0316,USER_01368,2026-06-20 12:40:46,06/20/2026 1:03 PM,40.699452,-73.998797,40.700705,-73.998554,83,1
RIDE_003491,SCOOT_0195,USER_00106,06/20/2026 4:45 PM,1781975847,40.7616° N,-73.988976,40.764562,-73.986768,59%,2
RIDE_003492,SCOOT_0395,USER_00556,1782553004,06/27/2026 10:13 AM,40.7287° N,-74.005912,40.727975,-74.003701,low,5
RIDE_003493,SCOOT_0042,USER_00801,06/16/2026 9:12 AM,1781603607,40.713392,-74.0086,40.714177,-74.009565,28,4
RIDE_003494,SCOOT_0317,USER_00849,06/21/2026 3:18 AM,1782014045,40.80071,73.9645° W,40.799764,-73.963844,25,
RIDE_003495,SCOOT_0215,USER_00041,1782041689,1782042469,40.8094° N,-73.982593,40.810609,-73.982804,85,
RIDE_003496,SCOOT_0391,USER_00905,2026-06-12 11:35:53,06/12/2026 12:09 PM,40.7145° N,74.0086° W,40.714839,-74.005295,44,5
RIDE_003497,SCOOT_0108,USER_00224,1781470333,2026-06-14 21:15:13,40.709052,-74.011318,40.705178,-74.01483,64,4
RIDE_003498,SCOOT_0104,USER_00362,1782500185,2026-06-26 19:14:25,40.7152° N,74.0116° W,40.714288,-74.009769,N/A,2
RIDE_003499,SCOOT_0139,USER_00426,1782480467,2026-06-26 14:03:47,40.714467,-74.007542,40.715039,-74.007221,ERROR,4
RIDE_003500,SCOOT_0067,USER_01075,1781149459,2026-06-11 4:05:19,40.744415,-73.972217,40.751121,-73.969789,60,1
RIDE_003501,SCOOT_0002,USER_00372,1782268934,1782269234,40.798013,-73.9956,40.797758,-73.999636,27,4
RIDE_003502,SCOOT_0020,USER_00351,06/21/2026 1:39 PM,2026-06-21 13:55:59,40.7096° N,73.9984° W,40.707996,-73.992635,71%,4
RIDE_003503,SCOOT_0244,USER_00268,1781155758,2026-06-11 5:38:18,40.7078° N,-74.0102,40.706803,-74.010405,45,1
RIDE_003504,SCOOT_0325,USER_00291,06/21/2026 7:12 AM,2026-06-21 7:57:31,40.7165° N,74.0042° W,40.715243,-74.004597,47,1
RIDE_003505,SCOOT_0024,USER_00831,06/27/2026 8:56 AM,1782552059,40.711524,-74.0097,40.70886,-74.006575,N/A,2
RIDE_003506,SCOOT_0101,USER_00549,2026-06-29 2:47:54,2026-06-29 2:57:54,40.6639° N,-73.9557,40.662908,-73.95797,47,2
RIDE_003507,SCOOT_0206,USER_00492,06/02/2026 6:26 PM,06/02/2026 7:00 PM,40.7158,-74.0001,40.719112,-73.998554,43,3
RIDE_003508,SCOOT_0297,USER_01148,1781702979,06/17/2026 2:09 PM,40.7706,74.0023° W,40.769072,-74.005063,39,4
RIDE_003509,SCOOT_0208,USER_01290,1780364140,2026-06-02 2:00:40,40.8076,-73.97887,40.810129,-73.977262,59,2
RIDE_003510,SCOOT_0212,USER_01392,2026-06-13 0:02:07,06/13/2026 12:41 AM,40.7312,-73.997439,40.735035,-73.999766,41,
RIDE_003511,SCOOT_0255,USER_01458,06/27/2026 2:15 PM,06/27/2026 2:40 PM,40.7514,-73.983651,40.750455,-73.983789,69,5
RIDE_003512,SCOOT_0220,USER_01155,2026-06-23 4:50:41,2026-06-23 5:03:41,40.709669,-74.009842,40.710527,-74.012376,9,1
RIDE_003513,SCOOT_0026,USER_00316,2026-06-16 3:40:02,06/16/2026 3:58 AM,40.7096° N,74.0098° W,40.709324,-74.006925,39,2
RIDE_003514,SCOOT_0326,USER_00589,2026-06-18 14:29:12,2026-06-18 14:38:12,40.718826,-74.0089,40.725277,-74.011918,LOW,2
RIDE_003515,SCOOT_0008,USER_00056,2026-06-30 12:00:38,06/30/2026 12:22 PM,40.717134,-74.008887,40.714521,-74.011121,89,five star
RIDE_003516,SCOOT_0291,USER_00197,2026-06-04 6:56:32,06/04/2026 7:07 AM,40.699451,73.9764° W,40.701461,-73.979233,83,4
RIDE_003517,SCOOT_0378,USER_01427,2026-06-23 8:29:43,2026-06-23 8:53:43,40.708841,74.0097° W,40.708507,-74.010297,53,3
RIDE_003518,SCOOT_0111,USER_00770,2026-06-17 10:00:18,1781692158,40.687096,-74.0034,40.693884,-74.004922,59,3
RIDE_003519,SCOOT_0249,USER_00385,06/03/2026 10:00 AM,2026-06-03 10:03:54,40.73973,-73.974507,40.738053,-73.9725,ERROR,
RIDE_003520,SCOOT_0307,USER_01370,06/30/2026 4:26 AM,06/30/2026 4:50 AM,40.6984,73.9694° W,40.699463,-73.971218,76,three
RIDE_003521,SCOOT_0222,USER_00341,2026-06-18 20:49:57,1781817777,40.771326,-73.981476,40.775444,-73.985282,low,
RIDE_003522,SCOOT_0091,USER_01479,2026-06-20 5:49:28,06/20/2026 6:02 AM,40.710128,-74.008247,40.710081,-74.00906,26,3
RIDE_003523,SCOOT_0143,USER_00613,06/06/2026 7:55 AM,06/06/2026 8:19 AM,40.718575,73.9937° W,40.718277,-73.995581,6%,1
RIDE_003524,SCOOT_0341,USER_01322,2026-06-03 6:15:14,06/03/2026 6:37 AM,40.715547,-74.0023,40.715312,-74.001631,87,
RIDE_003525,SCOOT_0143,USER_00232,2026-06-19 8:01:43,06/19/2026 8:40 AM,40.718179,-73.986,40.721193,-73.987292,26%,4
RIDE_003526,SCOOT_0313,USER_00045,2026-06-12 7:09:48,06/12/2026 7:33 AM,40.715855,-73.8896,40.721312,-73.888243,80,
RIDE_003527,SCOOT_0067,USER_00461,06/11/2026 8:49 AM,06/11/2026 8:54 AM,40.7120° N,-74.089019,40.709616,-74.090429,24%,4
RIDE_003528,SCOOT_0202,USER_01396,2026-06-06 6:57:26,06/06/2026 7:00 AM,40.7119,74.0080° W,40.704206,-74.006802,39%,3
RIDE_003529,SCOOT_0022,USER_01139,2026-06-15 10:22:52,06/15/2026 10:54 AM,40.772273,-73.945562,40.769908,-73.948173,83,3
RIDE_003530,SCOOT_0347,USER_01400,1782049937,06/21/2026 2:31 PM,40.7021,-74.0072,40.704783,-74.00901,23,2
RIDE_003531,SCOOT_0037,USER_00293,1781305649,1781308349,40.800869,73.9906° W,40.80131,-73.994721,95,3
RIDE_003532,SCOOT_0248,USER_00073,2026-06-14 14:51:37,06/14/2026 3:22 PM,40.7546° N,-74.007586,40.756726,-74.005413,41,3
RIDE_003533,SCOOT_0372,USER_00461,1780903064,1780904864,40.739986,-74.026399,40.740468,-74.024708,4%,3
RIDE_003534,SCOOT_0245,USER_00146,1780671074,2026-06-05 15:34:14,40.714569,74.0095° W,40.707393,-74.00842,99,2
RIDE_003535,SCOOT_0317,USER_00748,2026-06-12 5:26:16,06/12/2026 5:46 AM,40.71219,-74.0083,40.714482,-74.008401,32,1
RIDE_003536,SCOOT_0223,USER_00898,06/08/2026 2:50 AM,1780887867,40.7075° N,-74.013726,40.704136,-74.006547,57,1
RIDE_003537,SCOOT_0269,USER_00163,2026-06-21 22:47:40,06/21/2026 11:32 PM,40.7157° N,-74.0052,40.715146,-74.005988,85,4
RIDE_003538,SCOOT_0066,USER_00215,2026-06-24 1:26:55,1782264835,40.7813,-73.995312,40.783075,-73.996357,51,3
RIDE_003539,SCOOT_0225,USER_00348,06/04/2026 6:32 PM,2026-06-04 19:05:30,40.720561,74.0030° W,40.724297,-74.004784,85,1
RIDE_003540,SCOOT_0029,USER_00543,1782198010,2026-06-23 7:07:10,40.710363,74.0508° W,40.710693,-74.045846,92,3
RIDE_003541,SCOOT_0112,USER_00181,2026-06-03 4:44:11,1780462271,40.7086° N,-74.005187,40.709943,-74.003627,45,1
RIDE_003542,SCOOT_0136,USER_01070,2026-06-12 19:00:44,06/12/2026 7:35 PM,40.7524° N,-73.935875,40.7485,-73.931498,83,five star
RIDE_003543,SCOOT_0176,USER_00472,2026-06-08 12:34:53,06/08/2026 12:41 PM,40.71766,-73.998396,40.712896,-74.001003,7,1
RIDE_003544,SCOOT_0107,USER_00758,2026-06-18 14:08:12,2026-06-18 14:18:12,40.7188,-74.013508,40.713948,-74.014973,61,3
RIDE_003545,SCOOT_0163,USER_00713,06/20/2026 7:01 AM,06/20/2026 7:20 AM,40.713568,-73.999631,40.713012,-74.001456,90%,2
RIDE_003546,SCOOT_0165,USER_01484,1780806323,2026-06-07 4:30:23,40.789328,-73.961808,40.790652,-73.962342,70%,3
RIDE_003547,SCOOT_0121,USER_00835,06/24/2026 6:26 AM,1782283693,40.709798,73.9864° W,40.714059,-73.985791,17%,2
RIDE_003548,SCOOT_0396,USER_00121,1780371393,06/02/2026 3:39 AM,40.69405,-73.965637,40.690659,-73.966313,13,3
RIDE_003549,SCOOT_0265,USER_01067,2026-06-01 21:39:58,1780352518,40.7608° N,-73.9943,40.761057,-73.994891,76,1
RIDE_003550,SCOOT_0023,USER_00305,06/15/2026 11:08 AM,1781522115,40.7072° N,-74.0053,40.703218,-74.004777,25,3
RIDE_003551,SCOOT_0033,USER_00171,2026-06-13 15:31:25,1781365825,40.810583,73.9768° W,40.807068,-73.977201,56,5
RIDE_003552,SCOOT_0219,USER_01010,06/02/2026 12:10 PM,1780402634,40.6962° N,-73.99411,40.695717,-73.988981,25,
RIDE_003553,SCOOT_0258,USER_01249,06/16/2026 6:07 PM,06/16/2026 6:49 PM,40.72936,-74.011862,40.731507,-74.013041,18%,1
RIDE_003554,SCOOT_0029,USER_01151,1782461240,1782463820,40.712936,74.0074° W,40.715235,-74.003147,46,2
RIDE_003555,SCOOT_0376,USER_00240,1780736630,06/06/2026 9:33 AM,40.715995,-74.002312,40.718764,-74.000658,20,3
RIDE_003556,SCOOT_0011,USER_01136,2026-06-22 5:06:45,1782106425,40.6833,-73.974781,40.688728,-73.975482,100%,five star
RIDE_003557,SCOOT_0397,USER_01083,2026-06-09 0:03:35,06/09/2026 12:21 AM,40.6931,-73.975752,40.694738,-73.976358,28,1
RIDE_003558,SCOOT_0005,USER_01467,06/14/2026 8:19 AM,06/14/2026 8:35 AM,40.7078,-74.004777,40.709454,-74.0026,83%,4
RIDE_003559,SCOOT_0321,USER_01274,06/11/2026 12:53 PM,2026-06-11 12:57:48,40.7554,73.9911° W,40.758368,-73.990925,28,
RIDE_003560,SCOOT_0040,USER_01199,1780751278,1780751638,40.691202,-73.9916,40.685964,-73.99216,56,3
RIDE_003561,SCOOT_0313,USER_00087,2026-06-19 10:28:58,2026-06-19 10:35:58,40.702969,-74.037704,40.707531,-74.038493,82,5
RIDE_003562,SCOOT_0008,USER_00486,2026-06-15 14:31:28,1781534368,40.758646,-73.9521,40.765675,-73.951711,64,5
RIDE_003563,SCOOT_0143,USER_00386,1780629878,1780631738,40.6796,73.9710° W,40.685213,-73.972009,43,1
RIDE_003564,SCOOT_0165,USER_00108,1782583111,2026-06-27 18:22:31,40.7474,-73.910625,40.750473,-73.910249,low,5
RIDE_003565,SCOOT_0203,USER_00967,2026-06-23 19:36:06,2026-06-23 19:54:06,40.6921° N,-74.010426,40.693506,-74.007701,72,3
RIDE_003566,SCOOT_0054,USER_00350,2026-06-12 7:24:17,06/12/2026 7:47 AM,40.7681,-73.985198,40.769745,-73.982618,18,5
RIDE_003567,SCOOT_0003,USER_01030,1780418456,2026-06-02 17:17:56,40.714318,-74.009345,40.713774,-74.006501,1,2
RIDE_003568,SCOOT_0059,USER_00821,2026-06-05 8:42:49,1780650109,40.67844,-74.050664,40.682964,-74.049129,67,3
RIDE_003569,SCOOT_0368,USER_00154,1781319858,2026-06-13 3:43:18,40.715227,74.0103° W,40.71744,-74.009482,76,4
RIDE_003570,SCOOT_0087,USER_01484,2026-06-14 23:33:04,06/14/2026 11:45 PM,40.7065,-74.000303,40.706939,-74.001491,3,1
RIDE_003571,SCOOT_0206,USER_00513,1781311333,06/13/2026 12:56 AM,40.6816° N,74.0848° W,40.68342,-74.084019,N/A,5
RIDE_003572,SCOOT_0120,USER_01109,06/28/2026 10:44 PM,06/28/2026 11:23 PM,40.726718,-73.90963,40.722567,-73.911421,9%,2
RIDE_003573,SCOOT_0395,USER_01320,2026-06-10 20:15:36,2026-06-10 20:46:36,40.6722° N,-74.050076,40.672402,-74.048786,57%,4
RIDE_003574,SCOOT_0054,USER_01083,06/21/2026 1:20 AM,06/21/2026 2:02 AM,40.741461,74.0032° W,40.746519,-73.996012,57%,2
RIDE_003575,SCOOT_0081,USER_00416,1782201349,2026-06-23 8:39:49,40.713373,-74.009,40.7178,-74.013367,63,3
RIDE_003576,SCOOT_0268,USER_01247,2026-06-10 14:32:42,1781104662,40.7115,-74.008784,40.707982,-74.009625,63,1
RIDE_003577,SCOOT_0067,USER_00757,1781400996,06/14/2026 1:44 AM,40.709343,-74.0059,40.709425,-74.007813,87,3
RIDE_003578,SCOOT_0321,USER_00690,2026-06-28 15:20:52,1782661612,40.69309,73.9926° W,40.695519,-73.993062,85,3
RIDE_003579,SCOOT_0268,USER_00246,06/01/2026 8:28 AM,1780304822,40.7471° N,-73.923484,40.748809,-73.91932,ERROR,1
RIDE_003580,SCOOT_0040,USER_00706,2026-06-09 10:42:43,1781004223,40.7260° N,-73.9952,40.731302,-73.995936,72,2
RIDE_003581,SCOOT_0218,USER_00047,1782112798,1782113038,40.726798,-73.975259,40.727202,-73.983111,68,5
RIDE_003582,SCOOT_0331,USER_00516,1780491843,2026-06-03 13:10:03,40.7573,-73.9495,40.758264,-73.950152,78,5
RIDE_003583,SCOOT_0013,USER_00938,1781258231,06/12/2026 10:05 AM,40.704833,73.9566° W,40.702028,-73.953353,91,3
RIDE_003584,SCOOT_0229,USER_00915,2026-06-26 11:13:57,2026-06-26 11:30:57,40.709849,74.0164° W,40.707045,-74.012849,8%,4
RIDE_003585,SCOOT_0201,USER_00927,1782648439,2026-06-28 12:31:19,40.7187° N,-74.001261,40.720134,-74.000392,ERROR,2
RIDE_003586,SCOOT_0077,USER_01262,2026-06-07 7:54:38,2026-06-07 8:21:38,40.707936,-74.007,40.705885,-74.01246,12,2
RIDE_003587,SCOOT_0280,USER_00701,06/11/2026 3:54 PM,1781194983,40.7103° N,-74.058417,40.713929,-74.055771,84%,3
RIDE_003588,SCOOT_0016,USER_00164,06/03/2026 4:09 PM,06/03/2026 4:45 PM,40.715027,-74.003548,40.713181,-73.997975,9,4
RIDE_003589,SCOOT_0347,USER_00676,2026-06-16 9:16:52,1781601892,40.690063,74.0385° W,40.688115,-74.041255,53,2
RIDE_003590,SCOOT_0069,USER_00460,06/30/2026 9:51 PM,2026-06-30 22:35:50,40.7223,74.0016° W,40.719978,-74.005965,49,1
RIDE_003591,SCOOT_0215,USER_00730,2026-06-10 17:09:07,2026-06-10 17:19:07,40.70772,-74.0012,40.705881,-74.002232,69,2
RIDE_003592,SCOOT_0346,USER_00530,06/26/2026 11:28 PM,1782518324,40.741807,-74.028443,40.739626,-74.030749,48,3
RIDE_003593,SCOOT_0322,USER_00348,1780302718,1780304038,40.781261,-73.928132,40.783516,-73.925782,43%,3
RIDE_003594,SCOOT_0339,USER_01450,2026-06-06 1:47:14,2026-06-06 2:27:14,40.710479,-73.9982,40.711282,-73.995651,91,5
RIDE_003595,SCOOT_0371,USER_00301,06/28/2026 12:24 AM,1782606684,40.7810° N,-73.9766,40.785979,-73.974941,31,3
RIDE_003596,SCOOT_0299,USER_01270,1782672887,1782674747,40.718606,-74.004979,40.71606,-74.006729,N/A,2
RIDE_003597,SCOOT_0392,USER_00016,2026-06-23 16:58:19,1782234979,40.6913,-74.05703,40.687937,-74.053426,99%,5
RIDE_003598,SCOOT_0337,USER_00357,1781105215,06/10/2026 4:01 PM,40.6896° N,-73.985236,40.690491,-73.987001,26,3
RIDE_003599,SCOOT_0209,USER_00252,2026-06-16 6:01:39,06/16/2026 6:23 AM,40.812116,-73.993543,40.812901,-73.992804,69,
RIDE_003600,SCOOT_0150,USER_00042,06/27/2026 2:41 PM,06/27/2026 2:54 PM,40.712583,-74.011188,40.715195,-74.008957,93%,1
RIDE_003601,SCOOT_0317,USER_01484,1782256660,2026-06-23 23:33:40,40.686989,-73.9739,40.688113,-73.977692,55%,4
RIDE_003602,SCOOT_0323,USER_01291,06/18/2026 7:01 PM,1781811654,40.689021,73.9860° W,40.68995,-73.987727,24,5
RIDE_003603,SCOOT_0341,USER_01169,06/06/2026 4:35 AM,2026-06-06 4:54:09,40.7317° N,-73.978308,40.730397,-73.980846,12,5
RIDE_003604,SCOOT_0318,USER_00388,06/12/2026 4:45 PM,06/12/2026 5:27 PM,40.705833,-74.0014,40.708745,-74.00526,LOW,1
RIDE_003605,SCOOT_0034,USER_00709,2026-06-10 2:33:18,2026-06-10 2:50:18,40.7333,-73.953245,40.732542,-73.954279,97,
RIDE_003606,SCOOT_0014,USER_00891,1782732446,06/29/2026 12:03 PM,40.7042,-73.965941,40.702922,-73.968366,78,4
RIDE_003607,SCOOT_0101,USER_00396,2026-06-15 17:11:26,1781546126,40.685248,73.9671° W,40.680292,-73.969412,39,5
RIDE_003608,SCOOT_0376,USER_00182,1781347595,1781348375,40.7186,-74.005024,40.719163,-73.998628,95%,2
RIDE_003609,SCOOT_0184,USER_01170,2026-06-02 3:38:57,06/02/2026 3:51 AM,40.713785,-74.0088,40.712939,-74.012239,75,5
RIDE_003610,SCOOT_0096,USER_00085,2026-06-25 16:20:51,1782406431,40.717824,-74.003702,40.721197,-74.000063,17%,2
RIDE_003611,SCOOT_0224,USER_01026,06/03/2026 9:40 AM,1780480592,40.7111,74.0098° W,40.710988,-74.012397,79,2
RIDE_003612,SCOOT_0385,USER_00271,1781426037,2026-06-14 9:02:57,40.692499,74.0219° W,40.691995,-74.021408,4,2
RIDE_003613,SCOOT_0313,USER_00288,2026-06-26 15:01:08,2026-06-26 15:32:08,40.6986,73.9719° W,40.69662,-73.978535,75,5
RIDE_003614,SCOOT_0278,USER_00348,2026-06-25 2:46:49,2026-06-25 2:54:49,40.722217,73.9862° W,40.723556,-73.988164,7%,4
RIDE_003615,SCOOT_0259,USER_00394,06/02/2026 8:57 PM,1780436277,40.7262,-73.9581,40.726624,-73.958487,20,5
RIDE_003616,SCOOT_0219,USER_00162,1781905294,1781905594,40.7201,74.0098° W,40.725415,-74.009692,45,4
RIDE_003617,SCOOT_0350,USER_01428,06/14/2026 8:20 PM,1781468804,40.669389,74.0124° W,40.672267,-74.013479,1,3
RIDE_003618,SCOOT_0253,USER_00537,1781018254,1781020414,40.706901,-74.0067,40.704329,-74.005183,31,3
RIDE_003619,SCOOT_0296,USER_00168,2026-06-07 6:45:48,1780815288,40.773468,-74.006625,40.771351,-74.004355,84%,2
RIDE_003620,SCOOT_0195,USER_00600,06/25/2026 5:15 PM,1782410185,40.7408,74.0071° W,40.737287,-74.006087,78%,2
RIDE_003621,SCOOT_0013,USER_01168,2026-06-03 17:50:39,1780511679,40.7067,-74.0017,40.706698,-73.9971,82,4
RIDE_003622,SCOOT_0198,USER_00598,2026-06-01 2:42:48,2026-06-01 3:11:48,40.7289,-74.0247,40.730284,-74.025066,95,5
RIDE_003623,SCOOT_0299,USER_00848,1780870152,2026-06-07 22:31:12,40.70996,74.0034° W,40.712478,-74.010017,8,
RIDE_003624,SCOOT_0382,USER_00354,2026-06-02 4:14:34,06/02/2026 4:40 AM,40.7102,-73.99673,40.71194,-73.994702,99,4
RIDE_003625,SCOOT_0211,USER_00566,06/30/2026 11:13 AM,1782820284,40.7724,-73.967659,40.774748,-73.965504,77,3
RIDE_003626,SCOOT_0388,USER_01377,1781784114,1781785494,40.7150° N,-74.007288,40.715472,-74.009053,5%,4
RIDE_003627,SCOOT_0038,USER_01421,06/26/2026 10:31 AM,2026-06-26 10:40:46,40.712851,-74.010674,40.710479,-74.011521,66,5
RIDE_003628,SCOOT_0272,USER_01467,06/13/2026 2:34 PM,1781363318,40.729526,-73.9958,40.729034,-73.994594,43,4
RIDE_003629,SCOOT_0325,USER_00665,06/02/2026 9:30 AM,2026-06-02 9:45:30,40.7318° N,74.0153° W,40.73579,-74.01246,19,5
RIDE_003630,SCOOT_0283,USER_01137,2026-06-16 18:42:40,06/16/2026 6:57 PM,40.758982,-73.964927,40.759939,-73.961366,20,
RIDE_003631,SCOOT_0012,USER_01481,06/14/2026 8:38 PM,1781472140,40.773372,-73.941301,40.773496,-73.939636,LOW,3
RIDE_003632,SCOOT_0018,USER_00005,2026-06-19 12:42:33,2026-06-19 13:26:33,40.7182° N,74.0085° W,40.717219,-74.008447,91,4
RIDE_003633,SCOOT_0054,USER_00018,1780394595,2026-06-02 10:38:15,40.7072,-74.0262,40.706499,-74.030722,25,5
RIDE_003634,SCOOT_0138,USER_00208,2026-06-28 21:12:51,1782682431,40.7177° N,-74.024366,40.713254,-74.028158,47,3
RIDE_003635,SCOOT_0302,USER_00524,06/30/2026 5:39 AM,2026-06-30 6:24:24,40.707,-73.960779,40.707144,-73.960145,17,1
RIDE_003636,SCOOT_0208,USER_00703,2026-06-04 18:04:04,1780598044,40.717532,-74.012178,40.719092,-74.012213,91,
RIDE_003637,SCOOT_0001,USER_00158,2026-06-30 4:56:03,1782797103,40.724121,74.0157° W,40.721667,-74.015248,12,1
RIDE_003638,SCOOT_0334,USER_00952,1780466387,2026-06-03 6:15:47,40.719397,-74.0026,40.717874,-74.006579,48,4
RIDE_003639,SCOOT_0202,USER_00348,1782723409,1782724249,40.7061,-74.000736,40.703206,-74.001712,38,3
RIDE_003640,SCOOT_0176,USER_01496,06/06/2026 6:23 PM,06/06/2026 6:27 PM,40.715624,-74.076778,40.720101,-74.077539,94%,1
RIDE_003641,SCOOT_0014,USER_01434,2026-06-20 13:22:11,06/20/2026 1:25 PM,40.666228,-74.049447,40.664061,-74.048125,58,1
RIDE_003642,SCOOT_0261,USER_00173,1781718685,1781719525,40.745037,-74.023733,40.744376,-74.027802,N/A,5
RIDE_003643,SCOOT_0072,USER_00283,2026-06-12 12:21:48,06/12/2026 12:45 PM,40.7136,-74.010749,40.712153,-74.010201,33%,3
RIDE_003644,SCOOT_0012,USER_00318,2026-06-04 17:37:07,2026-06-04 17:52:07,40.71195,-74.005,40.713991,-74.008472,73%,2
RIDE_003645,SCOOT_0252,USER_01057,06/20/2026 2:46 AM,1781926210,40.7115° N,-74.07259,40.712254,-74.073493,5,3
RIDE_003646,SCOOT_0071,USER_00575,06/25/2026 4:02 AM,1782361257,40.708866,74.0047° W,40.712384,-74.006165,28,
RIDE_003647,SCOOT_0329,USER_00980,2026-06-28 2:22:44,2026-06-28 2:39:44,40.709021,-74.00534,40.705014,-74.007321,11,4
RIDE_003648,SCOOT_0380,USER_00627,1781658042,2026-06-17 1:26:42,40.71769,-74.005751,40.712051,-74.011142,85,five star
RIDE_003649,SCOOT_0332,USER_00627,06/19/2026 4:58 PM,1781890009,40.786342,-73.953952,40.781489,-73.952603,52,4
RIDE_003650,SCOOT_0098,USER_00446,1780453141,1780454101,40.7181° N,73.9984° W,40.719115,-73.996928,22,4
RIDE_003651,SCOOT_0326,USER_00377,2026-06-19 14:57:34,2026-06-19 15:32:34,40.704267,-73.9976,40.702541,-74.000401,7,3
RIDE_003652,SCOOT_0292,USER_01485,1780623561,1780624101,40.711779,-74,40.718403,-73.999577,37,three
RIDE_003653,SCOOT_0379,USER_01273,2026-06-08 8:34:23,06/08/2026 9:18 AM,40.7328,-74.005136,40.729648,-74.000706,10,4
RIDE_003654,SCOOT_0057,USER_00242,06/29/2026 5:10 PM,2026-06-29 17:32:22,40.693657,73.9781° W,40.697553,-73.976247,92,1
RIDE_003655,SCOOT_0206,USER_00618,2026-06-12 17:59:21,2026-06-12 18:36:21,40.749379,-73.961353,40.748854,-73.963779,67%,2
RIDE_003656,SCOOT_0036,USER_00576,2026-06-05 7:39:15,06/05/2026 8:07 AM,40.6519° N,-73.999606,40.650596,-73.996201,75,4
RIDE_003657,SCOOT_0143,USER_00101,06/15/2026 11:33 PM,2026-06-16 0:11:17,40.7336° N,-73.954935,40.731475,-73.95851,64,3
RIDE_003658,SCOOT_0027,USER_00587,06/02/2026 5:41 AM,2026-06-02 6:15:06,40.74473,-73.978636,40.746519,-73.97879,27%,4
RIDE_003659,SCOOT_0152,USER_00913,2026-06-10 19:36:52,06/10/2026 8:04 PM,40.795654,-73.97702,40.793659,-73.978771,63,2
RIDE_003660,SCOOT_0328,USER_01058,1781519378,06/15/2026 11:09 AM,40.789799,-73.9635,40.783847,-73.965057,32%,1
RIDE_003661,SCOOT_0176,USER_01356,06/27/2026 6:55 PM,1782587093,40.713187,-73.998618,40.716274,-74.001384,81,3
RIDE_003662,SCOOT_0173,USER_00432,1781559872,06/15/2026 10:16 PM,40.7968° N,-73.986323,40.800506,-73.989788,8,3
RIDE_003663,SCOOT_0295,USER_01283,1780274583,2026-06-01 0:50:03,40.710037,-74.013669,40.700286,-74.007332,23,1
RIDE_003664,SCOOT_0256,USER_00961,2026-06-18 13:00:42,06/18/2026 1:27 PM,40.717091,74.0245° W,40.718449,-74.023925,42%,1
RIDE_003665,SCOOT_0158,USER_00317,2026-06-10 23:06:25,1781135005,40.715284,-74.0012,40.714414,-74.003801,96,4
RIDE_003666,SCOOT_0175,USER_00321,2026-06-17 4:55:27,2026-06-17 5:07:27,40.716111,-74.002791,40.716413,-73.996258,6%,4
RIDE_003667,SCOOT_0294,USER_00489,06/23/2026 2:14 AM,2026-06-23 2:23:47,40.740144,-73.986,40.741398,-73.988022,48,
RIDE_003668,SCOOT_0022,USER_00813,1780719363,1780721703,40.714782,-74.009332,40.713581,-74.00366,1,3
RIDE_003669,SCOOT_0204,USER_00513,1782765691,1782767311,40.749888,-74.001477,40.7534,-74.00463,86,2
RIDE_003670,SCOOT_0383,USER_00070,1781861853,1781862273,40.7100° N,74.0037° W,40.712843,-74.000032,73,4
RIDE_003671,SCOOT_0243,USER_01209,1781057264,2026-06-10 2:36:44,40.709811,74.0036° W,40.708413,-74.005433,41,2
RIDE_003672,SCOOT_0017,USER_01015,06/26/2026 6:30 AM,06/26/2026 7:09 AM,40.785464,-73.988591,40.786299,-73.988124,35,2
RIDE_003673,SCOOT_0171,USER_01038,1782524517,2026-06-27 2:02:57,40.708517,-74.002136,40.710198,-74.008095,60,5
RIDE_003674,SCOOT_0231,USER_00438,2026-06-19 7:00:28,1781854108,40.694748,-74.059959,40.69804,-74.064296,89,5
RIDE_003675,SCOOT_0272,USER_00456,2026-06-29 18:18:04,1782759244,40.711374,-74.004552,40.711537,-74.002263,75%,2
RIDE_003676,SCOOT_0136,USER_00571,06/12/2026 5:59 AM,2026-06-12 6:11:08,40.706726,-73.999392,40.708302,-73.995313,84,2
RIDE_003677,SCOOT_0167,USER_01293,2026-06-18 22:11:23,1781822363,40.7236,74.0090° W,40.719732,-74.010723,51,3
RIDE_003678,SCOOT_0314,USER_00072,06/10/2026 4:43 AM,06/10/2026 5:15 AM,40.762391,-73.907491,40.760532,-73.915946,86,4
RIDE_003679,SCOOT_0301,USER_00092,2026-06-10 17:14:33,1781114373,40.7119,74.0072° W,40.7112,-74.005565,47%,1
RIDE_003680,SCOOT_0122,USER_00924,2026-06-25 9:39:18,06/25/2026 9:54 AM,40.765924,-73.9659,40.767261,-73.971296,27,2
RIDE_003681,SCOOT_0045,USER_00175,2026-06-27 6:48:10,2026-06-27 7:08:10,40.7114,-73.996784,40.712558,-73.99568,98,3
RIDE_003682,SCOOT_0060,USER_00158,1781904947,1781905247,40.76859,-73.969292,40.76144,-73.970011,78,
RIDE_003683,SCOOT_0306,USER_00597,2026-06-27 17:53:26,06/27/2026 6:28 PM,40.712648,-74.000874,40.712791,-74.005814,75,
RIDE_003684,SCOOT_0045,USER_01004,2026-06-05 5:18:34,06/05/2026 5:29 AM,40.709102,-74.004076,40.705451,-74.006579,62,4
RIDE_003685,SCOOT_0224,USER_00887,06/13/2026 1:37 PM,1781359909,40.715,-74.001,40.716419,-73.999069,67,2
RIDE_003686,SCOOT_0326,USER_00231,1780337490,2026-06-01 18:51:30,40.740061,73.9332° W,40.742152,-73.94043,61,4
RIDE_003687,SCOOT_0214,USER_00688,06/12/2026 11:06 PM,06/12/2026 11:45 PM,40.713244,-74.01018,40.716733,-74.010621,3,3
RIDE_003688,SCOOT_0241,USER_00012,1780883465,06/08/2026 1:55 AM,40.712924,74.0120° W,40.715974,-74.010138,85%,3
RIDE_003689,SCOOT_0256,USER_01165,1781933967,06/20/2026 6:17 AM,40.715028,-74.009252,40.712707,-74.008581,61,2
RIDE_003690,SCOOT_0380,USER_00258,1780952662,1780953502,40.6922° N,-74.0001,40.685727,-74.001565,21,4
RIDE_003691,SCOOT_0044,USER_01264,1781945893,06/20/2026 9:16 AM,40.736435,-73.97921,40.736935,-73.973255,23%,5
RIDE_003692,SCOOT_0371,USER_00128,1782563701,06/27/2026 1:17 PM,40.659381,74.0251° W,40.658177,-74.022531,4,5
RIDE_003693,SCOOT_0309,USER_00531,06/09/2026 12:42 AM,2026-06-09 1:24:24,40.716303,-74.009464,40.719296,-74.010674,17,3
RIDE_003694,SCOOT_0122,USER_00300,2026-06-05 14:11:19,1780670719,40.7176° N,-74.010131,40.717277,-74.011601,14,3
RIDE_003695,SCOOT_0361,USER_01363,1781142577,2026-06-11 1:58:37,40.717,74.0081° W,40.716897,-74.006571,N/A,1
RIDE_003696,SCOOT_0218,USER_00873,06/13/2026 12:18 PM,1781353555,40.759805,73.9503° W,40.760439,-73.951516,14,5
RIDE_003697,SCOOT_0349,USER_00192,1782519009,06/27/2026 12:34 AM,40.754406,73.9771° W,40.755155,-73.977528,ERROR,
RIDE_003698,SCOOT_0169,USER_00748,06/17/2026 3:07 AM,06/17/2026 3:23 AM,40.713184,74.0363° W,40.715186,-74.035802,12%,4
RIDE_003699,SCOOT_0333,USER_00739,06/28/2026 1:58 AM,06/28/2026 2:27 AM,40.726137,-74.0088,40.720922,-74.009872,49,4
RIDE_003700,SCOOT_0095,USER_00283,2026-06-12 22:34:31,1781306191,40.696501,-73.9731,40.690291,-73.973018,52%,
RIDE_003701,SCOOT_0101,USER_01393,1780839976,1780841176,40.710774,-74.00123,40.710997,-74.003111,58,3
RIDE_003702,SCOOT_0051,USER_00381,2026-06-09 5:38:46,2026-06-09 5:59:46,40.691509,-74.016968,40.689376,-74.014918,35,1
RIDE_003703,SCOOT_0015,USER_00477,1782125920,1782126580,40.7433,-74.003558,40.748605,-74.000676,86,5
RIDE_003704,SCOOT_0260,USER_00422,2026-06-09 16:09:24,2026-06-09 16:25:24,40.705354,-74.0091,40.706081,-74.008088,94,1
RIDE_003705,SCOOT_0345,USER_01452,2026-06-08 6:07:38,2026-06-08 6:40:38,40.7068,-74.001366,40.709314,-73.99992,84,2
RIDE_003706,SCOOT_0229,USER_01287,06/10/2026 8:11 AM,1781079533,40.7851,-73.9765,40.78648,-73.971781,26,3
RIDE_003707,SCOOT_0279,USER_01171,2026-06-03 13:03:11,06/03/2026 1:22 PM,40.752624,-73.952,40.754524,-73.954023,14,4
RIDE_003708,SCOOT_0089,USER_01050,06/05/2026 5:21 AM,06/05/2026 5:26 AM,40.7148° N,-74.0041,40.710666,-74.004459,99,1
RIDE_003709,SCOOT_0381,USER_00361,06/30/2026 11:03 AM,1782818898,40.7542,73.9767° W,40.755149,-73.974308,66%,4
RIDE_003710,SCOOT_0115,USER_00849,1781260848,2026-06-12 11:21:48,40.7574° N,-73.981008,40.761538,-73.979588,67,1
RIDE_003711,SCOOT_0196,USER_00962,2026-06-15 10:35:14,1781521334,40.713603,-74.009832,40.715616,-74.008842,3,2
RIDE_003712,SCOOT_0271,USER_01219,2026-06-03 4:37:33,06/03/2026 5:11 AM,40.8088,-73.970262,40.803326,-73.975363,10,4
RIDE_003713,SCOOT_0221,USER_00348,1781049653,2026-06-10 0:45:53,40.7152° N,-73.999404,40.716524,-73.999061,7,5
RIDE_003714,SCOOT_0198,USER_01414,06/20/2026 7:06 AM,1781939628,40.7547° N,-73.9874,40.752067,-73.987475,96,5
RIDE_003715,SCOOT_0168,USER_00003,1781027608,2026-06-09 18:12:28,40.7105,74.0075° W,40.709491,-74.008169,16,3
RIDE_003716,SCOOT_0194,USER_00977,1781014461,06/09/2026 2:23 PM,40.7076° N,-74.0471,40.710715,-74.042482,78,2
RIDE_003717,SCOOT_0101,USER_00837,06/11/2026 10:14 AM,06/11/2026 10:39 AM,40.717599,-73.977311,40.718579,-73.974715,LOW,4
RIDE_003718,SCOOT_0249,USER_01049,2026-06-22 2:02:49,1782094729,40.763187,-73.957909,40.76503,-73.958988,80,4
RIDE_003719,SCOOT_0263,USER_00742,1780830859,1780831759,40.7668° N,-73.96617,40.766499,-73.967599,100%,2
RIDE_003720,SCOOT_0258,USER_01019,2026-06-17 14:15:55,06/17/2026 3:00 PM,40.7161,-73.986071,40.718787,-73.985011,26%,2
RIDE_003721,SCOOT_0025,USER_00871,06/04/2026 2:47 AM,2026-06-04 3:19:49,40.7181° N,73.9834° W,40.717643,-73.986712,25,3
RIDE_003722,SCOOT_0361,USER_00309,1782160864,2026-06-22 21:17:04,40.774923,-73.978596,40.772852,-73.983984,8,4
RIDE_003723,SCOOT_0290,USER_01444,2026-06-17 12:08:35,06/17/2026 12:31 PM,40.7006° N,74.0769° W,40.698375,-74.075164,29,
RIDE_003724,SCOOT_0282,USER_00739,2026-06-04 9:35:12,1780566492,40.7758,-73.990634,40.775436,-73.993252,50,1
RIDE_003725,SCOOT_0103,USER_00755,1781602301,06/16/2026 9:36 AM,40.7106° N,74.0049° W,40.709101,-74.005668,60%,1
RIDE_003726,SCOOT_0251,USER_00657,1781023739,1781025539,40.706941,-74.001468,40.708471,-73.999089,ERROR,5
RIDE_003727,SCOOT_0087,USER_00468,1780529310,06/03/2026 11:31 PM,40.7319,-74.0253,40.730833,-74.030989,37%,
RIDE_003728,SCOOT_0301,USER_00294,2026-06-09 14:51:35,2026-06-09 15:00:35,40.7254° N,-74.006598,40.728478,-74.010313,73,1
RIDE_003729,SCOOT_0226,USER_00526,06/27/2026 11:34 AM,2026-06-27 11:42:02,40.7505° N,-73.898048,40.750347,-73.901081,95,
RIDE_003730,SCOOT_0314,USER_01013,1782749627,1782750467,40.745624,-74.030235,40.74551,-74.027772,89,3
RIDE_003731,SCOOT_0279,USER_00630,1781285326,2026-06-12 17:49:46,40.712657,-74.007137,40.71424,-74.005324,32,5
RIDE_003732,SCOOT_0022,USER_00241,1782745513,2026-06-29 15:29:13,40.70616,-74.005645,40.713468,-74.00965,18,2
RIDE_003733,SCOOT_0061,USER_00994,06/14/2026 1:47 AM,1781403307,40.6875,-74.005665,40.690804,-74.007205,96,3
RIDE_003734,SCOOT_0057,USER_01121,2026-06-22 17:37:22,1782152422,40.734723,73.9352° W,40.732478,-73.935465,98%,4
RIDE_003735,SCOOT_0035,USER_01082,2026-06-24 5:31:44,1782279644,40.7433° N,-73.9657,40.741056,-73.969575,73%,2
RIDE_003736,SCOOT_0278,USER_01141,2026-06-30 13:41:50,2026-06-30 14:13:50,40.7481,-73.933698,40.748321,-73.934692,8,2
RIDE_003737,SCOOT_0217,USER_00635,1780929113,2026-06-08 15:10:53,40.7635,73.9889° W,40.769086,-73.988878,41,3
RIDE_003738,SCOOT_0084,USER_00628,06/09/2026 2:19 AM,1780971987,40.74461,-73.950292,40.746119,-73.949467,76,4
RIDE_003739,SCOOT_0134,USER_00657,06/26/2026 12:36 AM,2026-06-26 1:21:23,40.7126° N,-74.008007,40.71066,-74.00716,82,1
RIDE_003740,SCOOT_0175,USER_00483,06/01/2026 10:06 PM,06/01/2026 10:11 PM,40.760979,-73.988243,40.761841,-73.988357,49,5
RIDE_003741,SCOOT_0111,USER_00606,1781910976,06/19/2026 11:24 PM,40.713194,-74.0068,40.713248,-73.998708,50,3
RIDE_003742,SCOOT_0379,USER_00374,06/18/2026 1:54 AM,06/18/2026 2:08 AM,40.7067° N,-73.975094,40.708047,-73.975883,N/A,3
RIDE_003743,SCOOT_0282,USER_00635,1780281624,1780281804,40.7839,-73.9913,40.787045,-73.992326,87%,3
RIDE_003744,SCOOT_0097,USER_01390,2026-06-16 21:38:59,06/16/2026 9:50 PM,40.7090° N,-74.0045,40.705646,-74.002931,60,
RIDE_003745,SCOOT_0124,USER_01176,06/05/2026 6:11 AM,06/05/2026 6:20 AM,40.759217,-73.97758,40.754922,-73.969108,81,5
RIDE_003746,SCOOT_0077,USER_01224,1780448214,2026-06-03 1:12:54,40.706184,74.0060° W,40.709614,-74.002852,98,
RIDE_003747,SCOOT_0253,USER_01244,1781504186,2026-06-15 6:57:26,40.716205,-74.0073,40.720259,-74.004529,28,1
RIDE_003748,SCOOT_0061,USER_00337,2026-06-14 23:51:22,2026-06-15 0:07:22,40.713649,-74.005038,40.712737,-74.007767,69,2
RIDE_003749,SCOOT_0204,USER_00718,1781605443,2026-06-16 10:53:03,40.717749,-74.0008,40.715096,-74.001213,23,3
RIDE_003750,SCOOT_0039,USER_00612,06/13/2026 5:48 AM,1781330141,40.7099,-74.006653,40.710124,-74.003813,73,3
RIDE_003751,SCOOT_0150,USER_01041,1781615773,1781616733,40.6912° N,-74.0257,40.694866,-74.027115,low,4
RIDE_003752,SCOOT_0061,USER_01149,06/12/2026 7:47 PM,06/12/2026 8:17 PM,40.7578,-73.980903,40.756849,-73.976238,93,
RIDE_003753,SCOOT_0161,USER_01263,06/14/2026 1:18 PM,1781443447,40.716499,-74.00141,40.718959,-73.998571,13,1
RIDE_003754,SCOOT_0374,USER_01118,2026-06-05 12:03:54,2026-06-05 12:32:54,40.734638,-73.9897,40.731669,-73.990304,46,
RIDE_003755,SCOOT_0367,USER_00606,1780397643,06/02/2026 11:22 AM,40.762082,73.9830° W,40.766017,-73.986433,24,1
RIDE_003756,SCOOT_0095,USER_00460,2026-06-04 15:12:06,1780586646,40.7714° N,-74.002566,40.771687,-74.000345,24%,1
RIDE_003757,SCOOT_0369,USER_00197,2026-06-18 0:27:19,1781743279,40.6849,-74.0335,40.682031,-74.038469,64,3
RIDE_003758,SCOOT_0307,USER_00493,1782729688,06/29/2026 11:16 AM,40.711641,-73.95312,40.708652,-73.949453,43%,5
RIDE_003759,SCOOT_0350,USER_01258,06/24/2026 7:53 PM,1782332169,40.712974,-74.0113,40.709579,-74.011295,78,5
RIDE_003760,SCOOT_0334,USER_01392,1782527121,1782528921,40.7225° N,73.9615° W,40.717429,-73.963998,18,4
RIDE_003761,SCOOT_0063,USER_00163,1781146376,2026-06-11 3:03:56,40.704376,73.9881° W,40.702872,-73.987522,59,1
RIDE_003762,SCOOT_0145,USER_01378,06/10/2026 10:06 PM,2026-06-10 22:36:31,40.71696,74.0044° W,40.716596,-74.001639,LOW,1
RIDE_003763,SCOOT_0188,USER_01065,06/25/2026 11:43 AM,06/25/2026 12:24 PM,40.7388° N,-73.989998,40.7382,-73.993709,91,4
RIDE_003764,SCOOT_0264,USER_00383,1780824704,2026-06-07 9:52:44,40.711121,-74.0143,40.716857,-74.017112,66,1
RIDE_003765,SCOOT_0172,USER_00248,06/18/2026 10:50 PM,1781824746,40.719144,-74.005848,40.720839,-74.007314,91,1
RIDE_003766,SCOOT_0195,USER_01347,06/20/2026 1:45 AM,06/20/2026 2:24 AM,40.713632,-74.003398,40.715625,-74.001074,57,5
RIDE_003767,SCOOT_0285,USER_00420,1782695083,06/29/2026 1:32 AM,40.711327,74.0079° W,40.706544,-74.006352,22,3
RIDE_003768,SCOOT_0068,USER_00280,06/13/2026 9:52 PM,06/13/2026 10:15 PM,40.783,-73.94528,40.783963,-73.94758,89%,5
RIDE_003769,SCOOT_0255,USER_00870,06/14/2026 9:48 PM,06/14/2026 10:33 PM,40.7060° N,-74.001833,40.700623,-74.002855,3,2
RIDE_003770,SCOOT_0363,USER_00786,2026-06-04 0:42:27,1780533927,40.7119° N,-74.006278,40.71201,-74.005863,34%,5
RIDE_003771,SCOOT_0105,USER_00977,2026-06-19 3:59:35,2026-06-19 4:23:35,40.734793,-73.970907,40.728104,-73.96871,82,2
RIDE_003772,SCOOT_0058,USER_01150,06/12/2026 8:38 PM,2026-06-12 21:13:49,40.6781° N,74.0876° W,40.675655,-74.089351,68,1
RIDE_003773,SCOOT_0137,USER_00482,2026-06-17 3:13:28,2026-06-17 3:56:28,40.7818° N,73.9816° W,40.782847,-73.978024,21,1
RIDE_003774,SCOOT_0123,USER_00504,2026-06-06 10:01:48,06/06/2026 10:09 AM,40.7812° N,-73.956116,40.783229,-73.959976,63,4
RIDE_003775,SCOOT_0073,USER_00371,06/24/2026 6:33 PM,1782328072,40.7300° N,-74.016406,40.732712,-74.020957,low,5
RIDE_003776,SCOOT_0051,USER_00851,2026-06-29 1:58:21,1782699621,40.715205,-73.998552,40.714566,-73.999321,66%,5
RIDE_003777,SCOOT_0009,USER_00031,2026-06-29 9:17:57,1782727077,40.7152,-74.0073,40.720697,-74.006741,44%,5
RIDE_003778,SCOOT_0321,USER_00196,2026-06-23 23:00:37,1782256477,40.706397,74.0168° W,40.703598,-74.018689,100,2
RIDE_003779,SCOOT_0171,USER_01449,2026-06-08 18:00:05,2026-06-08 18:34:05,40.7236,-73.944953,40.721612,-73.938656,86,2
RIDE_003780,SCOOT_0322,USER_00686,2026-06-26 23:16:10,06/26/2026 11:24 PM,40.709998,-73.932267,40.711776,-73.930377,21,
RIDE_003781,SCOOT_0325,USER_00110,06/28/2026 5:40 AM,06/28/2026 6:22 AM,40.7819,-73.976014,40.783283,-73.975214,50,1
RIDE_003782,SCOOT_0342,USER_00437,1781416712,2026-06-14 6:03:32,40.752821,74.0167° W,40.751417,-74.020177,37,3
RIDE_003783,SCOOT_0311,USER_00773,1781328770,2026-06-13 6:11:50,40.7101° N,-74.005867,40.711208,-74.000526,14,3
RIDE_003784,SCOOT_0183,USER_00557,2026-06-18 21:06:57,06/18/2026 9:29 PM,40.7107,-74.002901,40.711568,-73.999014,75,3
RIDE_003785,SCOOT_0065,USER_01391,2026-06-22 21:15:39,2026-06-22 21:35:39,40.7946,73.9914° W,40.789455,-73.990436,37,3
RIDE_003786,SCOOT_0216,USER_01421,2026-06-04 16:18:09,2026-06-04 16:44:09,40.689931,-74.007606,40.686128,-74.007123,37,3
RIDE_003787,SCOOT_0342,USER_00807,2026-06-26 13:13:12,2026-06-26 13:47:12,40.718831,-74.007635,40.720602,-74.007941,66%,5
RIDE_003788,SCOOT_0122,USER_01221,06/10/2026 1:47 PM,1781100644,40.723112,-73.9533,40.719828,-73.953239,72,1
RIDE_003789,SCOOT_0384,USER_00904,1780560535,06/04/2026 8:38 AM,40.69367,73.9701° W,40.690495,-73.968966,62,2
RIDE_003790,SCOOT_0347,USER_00432,2026-06-24 4:26:28,2026-06-24 4:52:28,40.709441,-74.008044,40.698535,-74.001768,1,5
RIDE_003791,SCOOT_0307,USER_00990,2026-06-09 3:33:57,2026-06-09 3:47:57,40.715,-74.009069,40.711628,-74.010556,57,1
RIDE_003792,SCOOT_0116,USER_00764,1781250781,1781252761,40.715668,-74.013568,40.715243,-74.008256,ERROR,2
RIDE_003793,SCOOT_0082,USER_00180,2026-06-06 3:31:50,06/06/2026 3:34 AM,40.726221,73.9664° W,40.732831,-73.964496,23,2
RIDE_003794,SCOOT_0364,USER_01369,1781733517,1781734717,40.7639° N,-73.967467,40.762716,-73.963568,91,5
RIDE_003795,SCOOT_0211,USER_00523,06/03/2026 7:12 PM,2026-06-03 19:22:55,40.692513,-74.0272,40.691339,-74.030084,31%,1
RIDE_003796,SCOOT_0306,USER_00911,2026-06-07 7:17:56,1780819376,40.755776,-73.982782,40.759368,-73.980696,92%,
RIDE_003797,SCOOT_0013,USER_01256,1780699578,1780699758,40.7139° N,-74.006012,40.710676,-74.012555,36,1
RIDE_003798,SCOOT_0392,USER_00350,06/21/2026 2:57 AM,2026-06-21 3:29:03,40.713253,-74.002821,40.712928,-74.004426,84%,4
RIDE_003799,SCOOT_0277,USER_01205,1781082956,1781084936,40.70979,-73.989667,40.714847,-73.985968,low,5
RIDE_003800,SCOOT_0149,USER_01335,2026-06-14 21:51:00,2026-06-14 21:58:00,40.7166,-74.003,40.712768,-74.00098,61%,3
RIDE_003801,SCOOT_0397,USER_01159,06/20/2026 1:06 PM,06/20/2026 1:20 PM,40.7906,-73.959072,40.792104,-73.957713,70,1
RIDE_003802,SCOOT_0142,USER_00608,06/15/2026 5:56 PM,06/15/2026 6:31 PM,40.812,-73.987,40.814826,-73.988437,7,
RIDE_003803,SCOOT_0018,USER_00040,2026-06-01 5:14:24,1780292784,40.764213,-73.966914,40.765306,-73.961906,61,1
RIDE_003804,SCOOT_0231,USER_01309,06/07/2026 2:03 PM,2026-06-07 14:32:05,40.7437° N,-73.9873,40.744352,-73.984702,83,3
RIDE_003805,SCOOT_0275,USER_00326,1782530337,06/27/2026 3:55 AM,40.7135,-74.000857,40.711533,-74.004279,23,five star
RIDE_003806,SCOOT_0387,USER_01475,1780843752,2026-06-07 15:04:12,40.789263,-73.972744,40.790891,-73.972826,5%,2
RIDE_003807,SCOOT_0347,USER_00718,2026-06-03 1:55:09,2026-06-03 2:07:09,40.71144,74.0063° W,40.711526,-74.007215,72%,2
RIDE_003808,SCOOT_0114,USER_00158,2026-06-06 5:32:56,1780726316,40.711987,-74.0076,40.714557,-74.007032,87,4
RIDE_003809,SCOOT_0082,USER_00418,06/14/2026 9:54 PM,06/14/2026 10:02 PM,40.7218,-74.005357,40.720174,-73.997345,46,3
RIDE_003810,SCOOT_0156,USER_01319,1781502467,1781503607,40.791373,-73.951398,40.793149,-73.949528,50%,
RIDE_003811,SCOOT_0185,USER_01224,06/15/2026 9:24 PM,1781558855,40.7149,74.0104° W,40.716045,-74.014383,97,1
RIDE_003812,SCOOT_0021,USER_01423,06/26/2026 3:32 PM,06/26/2026 3:51 PM,40.709313,-74.020512,40.710385,-74.01951,11,4
RIDE_003813,SCOOT_0121,USER_01160,06/21/2026 6:52 AM,1782026038,40.758523,-73.962254,40.756702,-73.963037,45,3
RIDE_003814,SCOOT_0178,USER_00047,1781962164,06/20/2026 1:43 PM,40.7764,-73.964143,40.772968,-73.968736,33,
RIDE_003815,SCOOT_0174,USER_01080,06/22/2026 9:30 AM,1782121584,40.7686° N,-73.950296,40.772207,-73.95307,68,2
RIDE_003816,SCOOT_0134,USER_00273,06/23/2026 1:26 PM,2026-06-23 13:51:35,40.7367° N,-73.898511,40.737992,-73.894247,58,4
RIDE_003817,SCOOT_0300,USER_01014,1781260731,1781261511,40.768375,-74.003904,40.767805,-74.0038,42,3
RIDE_003818,SCOOT_0120,USER_00117,1782760405,1782761785,40.713217,74.0023° W,40.714443,-74.011143,62,3
RIDE_003819,SCOOT_0056,USER_01234,2026-06-25 18:37:34,1782413194,40.7075,-74.01475,40.708075,-74.014028,77,1
RIDE_003820,SCOOT_0055,USER_00042,06/29/2026 8:05 AM,06/29/2026 8:18 AM,40.7118° N,74.0280° W,40.713787,-74.02583,44,4
RIDE_003821,SCOOT_0180,USER_00927,1782692306,06/29/2026 12:30 AM,40.6754° N,-74.017321,40.675397,-74.011945,99,4
RIDE_003822,SCOOT_0141,USER_00222,06/02/2026 1:20 PM,2026-06-02 13:36:03,40.782395,73.9744° W,40.780205,-73.971771,37,4
RIDE_003823,SCOOT_0079,USER_01453,2026-06-20 17:33:47,2026-06-20 17:46:47,40.680152,-74.05985,40.67372,-74.059543,ERROR,2
RIDE_003824,SCOOT_0015,USER_01268,2026-06-24 19:05:22,2026-06-24 19:45:22,40.710281,-74.005614,40.703382,-74.005105,32,4
RIDE_003825,SCOOT_0214,USER_01170,1781494883,06/15/2026 4:17 AM,40.7031° N,-74.001648,40.704641,-74.002484,61%,1
RIDE_003826,SCOOT_0241,USER_00599,2026-06-26 5:12:48,2026-06-26 5:43:48,40.7151,-74.009912,40.715268,-74.007528,52,4
RIDE_003827,SCOOT_0279,USER_00018,2026-06-02 0:03:32,2026-06-02 0:44:32,40.686514,73.9946° W,40.686446,-73.995233,49,1
RIDE_003828,SCOOT_0077,USER_00288,1781321088,1781321268,40.790542,-74.000078,40.788679,-74.005826,13,
RIDE_003829,SCOOT_0040,USER_01119,1780632898,1780633678,40.7791,-73.972926,40.777791,-73.973083,96,
RIDE_003830,SCOOT_0021,USER_00226,1782786534,2026-06-30 2:55:54,40.7019° N,-74.0376,40.709868,-74.036191,67,1
RIDE_003831,SCOOT_0058,USER_01163,1781130061,1781131381,40.7109,-74.008245,40.709761,-74.012751,20,3
RIDE_003832,SCOOT_0011,USER_00320,1781342523,06/13/2026 9:33 AM,40.701297,-73.972331,40.699457,-73.974753,9,4
RIDE_003833,SCOOT_0266,USER_01359,06/27/2026 11:53 AM,2026-06-27 12:12:49,40.7308,74.0165° W,40.724615,-74.019988,low,1
RIDE_003834,SCOOT_0088,USER_00603,06/26/2026 5:10 AM,2026-06-26 5:33:02,40.6584° N,-74.0368,40.657309,-74.037435,43%,
RIDE_003835,SCOOT_0255,USER_00256,2026-06-05 9:10:08,1780653248,40.729159,-74.022627,40.731484,-74.018093,42,4
RIDE_003836,SCOOT_0231,USER_00872,2026-06-28 7:04:26,2026-06-28 7:16:26,40.710977,-74.0031,40.710252,-74.00028,31,2
RIDE_003837,SCOOT_0154,USER_01254,1782578986,2026-06-27 17:09:46,40.7065° N,74.0126° W,40.70534,-74.015249,25,1
RIDE_003838,SCOOT_0223,USER_01333,06/14/2026 8:23 AM,1781425697,40.6958° N,-74.013191,40.697926,-74.014414,5%,5
RIDE_003839,SCOOT_0168,USER_00527,1781129546,2026-06-10 22:53:26,40.7095° N,-74.007406,40.707197,-74.010208,N/A,5
RIDE_003840,SCOOT_0057,USER_00706,1782560438,1782563018,40.65694,-74.04311,40.655234,-74.040212,low,4
RIDE_003841,SCOOT_0240,USER_00774,2026-06-07 9:16:19,1780824559,40.671552,-73.9988,40.676991,-74.00166,19,2
RIDE_003842,SCOOT_0176,USER_01287,06/14/2026 11:39 AM,2026-06-14 11:58:57,40.7442,73.9923° W,40.740124,-73.987675,38,3
RIDE_003843,SCOOT_0151,USER_00736,1781048087,1781048447,40.713484,-74.005465,40.708395,-74.004389,50,5
RIDE_003844,SCOOT_0214,USER_01055,1782717577,2026-06-29 7:57:37,40.7359,-73.98301,40.737953,-73.986399,low,4
RIDE_003845,SCOOT_0341,USER_00011,06/26/2026 5:53 AM,1782453882,40.755162,-73.954648,40.749779,-73.958012,48,2
RIDE_003846,SCOOT_0247,USER_00017,2026-06-26 8:02:57,1782463497,40.775763,-73.967979,40.771117,-73.965594,10,4
RIDE_003847,SCOOT_0125,USER_01249,2026-06-04 11:18:44,1780572404,40.713181,74.0029° W,40.711278,-74.00094,28,
RIDE_003848,SCOOT_0104,USER_01230,06/09/2026 5:50 AM,06/09/2026 6:28 AM,40.7162° N,-74.007405,40.716229,-74.009351,100,
RIDE_003849,SCOOT_0336,USER_01237,1781565169,1781566729,40.7194° N,74.0065° W,40.71664,-74.008629,48,
RIDE_003850,SCOOT_0347,USER_00769,06/18/2026 3:22 AM,2026-06-18 3:28:01,40.713307,-74.002987,40.7093,-73.997444,29,five star
RIDE_003851,SCOOT_0085,USER_00807,06/11/2026 2:27 PM,06/11/2026 3:06 PM,40.714035,-74.004134,40.713743,-74.004076,23%,2
RIDE_003852,SCOOT_0041,USER_00566,2026-06-26 16:12:41,2026-06-26 16:41:41,40.7550° N,-73.965144,40.755011,-73.962843,77,4
RIDE_003853,SCOOT_0145,USER_00408,2026-06-04 9:41:22,2026-06-04 9:55:22,40.6805° N,74.0406° W,40.678111,-74.036938,94,1
RIDE_003854,SCOOT_0183,USER_01091,06/17/2026 7:20 AM,2026-06-17 7:55:47,40.7413° N,73.9920° W,40.74038,-73.993061,41%,1
RIDE_003855,SCOOT_0334,USER_00626,06/10/2026 11:54 PM,06/11/2026 12:27 AM,40.71569,-74.007267,40.719872,-74.009722,76,2
RIDE_003856,SCOOT_0078,USER_00251,1781215576,06/11/2026 10:38 PM,40.752288,73.9835° W,40.75355,-73.983564,89,3
RIDE_003857,SCOOT_0191,USER_00428,06/01/2026 12:20 AM,06/01/2026 12:30 AM,40.71218,-74.0012,40.710217,-73.999487,68,3
RIDE_003858,SCOOT_0122,USER_01161,1781912253,06/19/2026 11:42 PM,40.767721,-73.968946,40.764134,-73.970934,77%,2
RIDE_003859,SCOOT_0328,USER_00757,1781167619,1781167799,40.7125° N,73.9987° W,40.712774,-73.993777,N/A,2
RIDE_003860,SCOOT_0017,USER_00252,06/13/2026 7:30 AM,2026-06-13 8:02:19,40.787506,-73.978942,40.792125,-73.977631,68,4
RIDE_003861,SCOOT_0324,USER_00362,06/08/2026 3:27 AM,06/08/2026 3:37 AM,40.7102° N,-74.004118,40.709351,-74.010085,19,5
RIDE_003862,SCOOT_0166,USER_01402,06/04/2026 12:15 PM,2026-06-04 12:23:58,40.7165° N,-74.0016,40.722058,-74.000354,59,2
RIDE_003863,SCOOT_0170,USER_00888,1782770966,06/29/2026 10:25 PM,40.7118° N,-74.0027,40.714355,-73.997745,N/A,2
RIDE_003864,SCOOT_0073,USER_01126,2026-06-06 17:37:06,1780768386,40.6883,-74.047812,40.686161,-74.046199,1,5
RIDE_003865,SCOOT_0071,USER_00097,06/14/2026 7:25 PM,2026-06-14 20:10:31,40.7521° N,-73.955678,40.753898,-73.953923,29,4
RIDE_003866,SCOOT_0161,USER_00811,2026-06-23 21:28:42,06/23/2026 9:59 PM,40.7642° N,-73.94694,40.76678,-73.948762,low,5
RIDE_003867,SCOOT_0196,USER_01306,2026-06-17 12:00:05,2026-06-17 12:39:05,40.6774° N,-74.062093,40.67907,-74.065094,11,
RIDE_003868,SCOOT_0367,USER_00503,2026-06-23 19:43:51,06/23/2026 8:06 PM,40.7171,-74.000708,40.714497,-74.001265,92,1
RIDE_003869,SCOOT_0182,USER_00818,1782399185,1782400265,40.712866,-74.0025,40.717695,-74.007521,85,
RIDE_003870,SCOOT_0158,USER_00408,1780470918,06/03/2026 7:21 AM,40.724236,73.9405° W,40.720034,-73.941976,38,3
RIDE_003871,SCOOT_0216,USER_00710,1780272521,1780274441,40.77,73.9832° W,40.765322,-73.974551,38,three
RIDE_003872,SCOOT_0021,USER_00681,06/28/2026 3:39 AM,2026-06-28 4:14:03,40.713865,-74.005553,40.710571,-74.004771,32,2
RIDE_003873,SCOOT_0369,USER_00782,06/15/2026 12:51 PM,2026-06-15 13:23:32,40.7028,-74.04657,40.699605,-74.044186,N/A,
RIDE_003874,SCOOT_0263,USER_01263,06/14/2026 3:32 PM,06/14/2026 3:37 PM,40.73938,-73.980657,40.74269,-73.981124,11,4
RIDE_003875,SCOOT_0345,USER_00558,2026-06-14 13:33:38,1781445518,40.728869,-73.91338,40.733857,-73.909477,91,2
RIDE_003876,SCOOT_0035,USER_01131,2026-06-01 9:27:58,1780306978,40.727573,73.9693° W,40.728405,-73.970118,1,
RIDE_003877,SCOOT_0245,USER_00167,2026-06-22 5:39:26,06/22/2026 5:42 AM,40.790857,73.9548° W,40.793866,-73.949731,91%,2
RIDE_003878,SCOOT_0171,USER_00006,06/19/2026 3:27 AM,1781841763,40.724,-73.962481,40.725086,-73.956829,17,
RIDE_003879,SCOOT_0384,USER_00257,06/04/2026 7:06 PM,1780600397,40.75186,-73.963863,40.753948,-73.963289,92,3
RIDE_003880,SCOOT_0224,USER_00691,1780671535,2026-06-05 15:09:55,40.7128° N,74.0097° W,40.705983,-74.013029,14,4
RIDE_003881,SCOOT_0071,USER_01461,2026-06-26 2:55:41,2026-06-26 3:29:41,40.7228° N,-73.9133,40.722485,-73.914809,low,three
RIDE_003882,SCOOT_0224,USER_00869,06/26/2026 5:48 PM,2026-06-26 18:18:02,40.74358,73.9645° W,40.747655,-73.961274,67,3
RIDE_003883,SCOOT_0274,USER_00191,06/21/2026 12:17 PM,06/21/2026 12:27 PM,40.715225,74.0119° W,40.71417,-74.006061,89,2
RIDE_003884,SCOOT_0325,USER_01035,1782630388,2026-06-28 7:27:28,40.717288,-74.01215,40.717121,-74.011061,40%,4
RIDE_003885,SCOOT_0112,USER_01260,1781524298,06/15/2026 12:22 PM,40.709751,74.0152° W,40.710048,-74.0176,15,4
RIDE_003886,SCOOT_0030,USER_00447,1781763985,06/18/2026 6:35 AM,40.7457,-73.9847,40.745322,-73.984721,6,3
RIDE_003887,SCOOT_0289,USER_00879,2026-06-25 2:22:15,06/25/2026 2:46 AM,40.709264,-74.006881,40.703992,-74.005948,42%,5
RIDE_003888,SCOOT_0357,USER_01311,2026-06-23 7:58:43,1782203743,40.632074,-74.05029,40.634832,-74.053468,96,5
RIDE_003889,SCOOT_0196,USER_00751,06/08/2026 9:35 AM,06/08/2026 9:43 AM,40.7157,74.0014° W,40.705742,-74.001831,80%,4
RIDE_003890,SCOOT_0233,USER_00525,06/14/2026 5:42 AM,1781416078,40.7256,-73.973564,40.725563,-73.981012,ERROR,4
RIDE_003891,SCOOT_0007,USER_00447,2026-06-10 3:27:26,06/10/2026 3:32 AM,40.7874,73.9623° W,40.78485,-73.957884,67,1
RIDE_003892,SCOOT_0028,USER_00433,2026-06-22 10:01:32,1782122792,40.694688,73.9598° W,40.687789,-73.95438,63,2
RIDE_003893,SCOOT_0256,USER_01467,2026-06-03 0:23:30,06/03/2026 12:53 AM,40.714129,-74.0034,40.715032,-74.001641,35,5
RIDE_003894,SCOOT_0239,USER_01435,06/29/2026 11:23 PM,2026-06-30 0:05:33,40.7505,73.9626° W,40.750784,-73.964407,80%,3
RIDE_003895,SCOOT_0028,USER_00770,1781889733,2026-06-19 17:30:13,40.7126,74.0049° W,40.712945,-74.009339,9,5
RIDE_003896,SCOOT_0069,USER_01011,1781850389,2026-06-19 6:43:29,40.6736,73.9663° W,40.672679,-73.964589,100,2
RIDE_003897,SCOOT_0118,USER_00384,1782154130,06/22/2026 7:16 PM,40.7084° N,74.0119° W,40.705901,-74.01256,19,
RIDE_003898,SCOOT_0192,USER_00195,1781352179,1781352539,40.735097,-73.959821,40.735636,-73.954275,6,4
RIDE_003899,SCOOT_0353,USER_00145,1782461223,2026-06-26 8:23:03,40.714418,-74.01565,40.717586,-74.020179,81,4
RIDE_003900,SCOOT_0228,USER_00816,2026-06-01 19:39:31,1780343971,40.705111,-74.003494,40.711539,-73.999175,67,5
RIDE_003901,SCOOT_0144,USER_01478,06/03/2026 5:13 AM,2026-06-03 5:52:25,40.7683° N,-73.9737,40.768997,-73.971157,81,1
RIDE_003902,SCOOT_0126,USER_00136,06/08/2026 4:23 AM,1780894093,40.749483,-73.9885,40.74733,-73.988511,76%,3
RIDE_003903,SCOOT_0017,USER_00441,06/06/2026 1:50 AM,2026-06-06 1:55:22,40.786089,73.9690° W,40.783769,-73.967098,36,2
RIDE_003904,SCOOT_0064,USER_01050,1781341768,2026-06-13 9:23:28,40.77536,-73.9534,40.782941,-73.954468,9,4
RIDE_003905,SCOOT_0091,USER_00202,2026-06-19 17:33:42,06/19/2026 6:01 PM,40.716,74.0090° W,40.71567,-74.008893,N/A,5
RIDE_003906,SCOOT_0375,USER_01005,1780371981,06/02/2026 4:20 AM,40.712025,73.9961° W,40.711105,-73.994387,62,1
RIDE_003907,SCOOT_0215,USER_01432,2026-06-22 20:39:34,2026-06-22 21:08:34,40.70508,-74.0043,40.708506,-74.005855,ERROR,5
RIDE_003908,SCOOT_0353,USER_00888,06/21/2026 11:03 PM,2026-06-21 23:26:07,40.702759,-74.006155,40.702811,-74.003982,55,5
RIDE_003909,SCOOT_0238,USER_00252,1782412111,1782413911,40.720844,-74.00752,40.718275,-74.011021,60,
RIDE_003910,SCOOT_0327,USER_00024,1780712629,06/06/2026 3:02 AM,40.7346° N,-73.925613,40.732925,-73.923277,96,4
RIDE_003911,SCOOT_0101,USER_00001,1780288640,1780289420,40.7098° N,-73.987135,40.7071,-73.988581,65,3
RIDE_003912,SCOOT_0378,USER_01223,06/23/2026 12:23 AM,1782175213,40.734505,73.9665° W,40.734584,-73.965919,44,3
RIDE_003913,SCOOT_0370,USER_01191,06/03/2026 11:58 PM,06/04/2026 12:35 AM,40.6993° N,74.0368° W,40.698955,-74.036638,23,
RIDE_003914,SCOOT_0189,USER_00588,06/05/2026 6:04 AM,2026-06-05 6:31:31,40.6780° N,-74.020474,40.678165,-74.022682,95,5
RIDE_003915,SCOOT_0077,USER_00355,2026-06-11 17:37:33,2026-06-11 18:04:33,40.7478° N,-73.948373,40.748452,-73.948023,65,1
RIDE_003916,SCOOT_0293,USER_00576,2026-06-12 16:45:57,2026-06-12 17:11:57,40.715785,74.0024° W,40.717867,-74.008715,48%,1
RIDE_003917,SCOOT_0252,USER_00898,2026-06-27 11:28:33,2026-06-27 11:54:33,40.8070° N,73.9407° W,40.805537,-73.939944,23,three
RIDE_003918,SCOOT_0396,USER_01467,1781395519,1781396419,40.694983,-74.045,40.692767,-74.046588,19,5
RIDE_003919,SCOOT_0387,USER_01256,06/17/2026 3:36 PM,06/17/2026 3:56 PM,40.7114° N,-74.0098,40.70918,-74.009869,78%,2
RIDE_003920,SCOOT_0077,USER_00708,06/25/2026 7:23 AM,1782373296,40.7152° N,-73.92433,40.71724,-73.917188,52%,5
RIDE_003921,SCOOT_0171,USER_00077,1781670490,06/17/2026 4:59 AM,40.717303,-74.005,40.715442,-74.004146,24,2
RIDE_003922,SCOOT_0013,USER_00772,2026-06-16 23:07:08,06/16/2026 11:48 PM,40.707032,73.9983° W,40.709383,-74.002461,15,5
RIDE_003923,SCOOT_0203,USER_00950,1781687908,1781690368,40.725712,-73.9241,40.724849,-73.924703,93,5
RIDE_003924,SCOOT_0212,USER_00908,2026-06-05 5:36:59,2026-06-05 6:05:59,40.703344,-74.025512,40.706866,-74.028566,57,5
RIDE_003925,SCOOT_0292,USER_00467,1782116405,1782118865,40.755263,73.9597° W,40.752417,-73.959508,56,5
RIDE_003926,SCOOT_0121,USER_00495,06/07/2026 1:12 AM,2026-06-07 1:38:05,40.709161,-74.0004,40.705745,-74.002398,16,
RIDE_003927,SCOOT_0387,USER_00806,2026-06-05 10:10:54,06/05/2026 10:48 AM,40.758615,-73.998354,40.763389,-73.996726,79%,4
RIDE_003928,SCOOT_0244,USER_00302,06/03/2026 7:41 AM,1780473238,40.7512,-73.998832,40.753929,-74.001304,27,3
RIDE_003929,SCOOT_0269,USER_00017,2026-06-26 14:26:41,06/26/2026 3:11 PM,40.7773° N,73.9951° W,40.775339,-73.992775,30,3
RIDE_003930,SCOOT_0354,USER_00034,06/01/2026 9:04 PM,1780350403,40.7662,73.9561° W,40.763028,-73.957391,35,3
RIDE_003931,SCOOT_0147,USER_00659,2026-06-30 11:53:45,06/30/2026 12:00 PM,40.703638,-74.004986,40.707751,-74.012191,63%,2
RIDE_003932,SCOOT_0083,USER_00290,2026-06-08 13:53:50,2026-06-08 14:14:50,40.690525,-74.019,40.681993,-74.02318,57%,2
RIDE_003933,SCOOT_0255,USER_00023,1782229066,2026-06-23 15:59:46,40.7186,-74.0082,40.723325,-74.003559,5,
RIDE_003934,SCOOT_0125,USER_01101,1780677921,1780679481,40.7918,73.9649° W,40.791959,-73.9729,89,5
RIDE_003935,SCOOT_0080,USER_00077,06/23/2026 1:24 AM,1782179252,40.707222,74.0056° W,40.70907,-74.004728,56,1
RIDE_003936,SCOOT_0292,USER_00449,06/16/2026 12:27 PM,1781613011,40.7092,74.0023° W,40.713677,-73.999436,N/A,3
RIDE_003937,SCOOT_0156,USER_01098,2026-06-28 21:18:52,2026-06-28 22:03:52,40.716758,-74.0082,40.719986,-74.0078,28,1
RIDE_003938,SCOOT_0107,USER_00107,06/20/2026 11:15 AM,1781955319,40.7408° N,73.9279° W,40.740467,-73.930471,ERROR,2
RIDE_003939,SCOOT_0190,USER_01451,06/08/2026 8:05 PM,06/08/2026 8:13 PM,40.712471,-74.002053,40.711147,-73.999373,87%,5
RIDE_003940,SCOOT_0332,USER_00232,06/03/2026 12:28 AM,2026-06-03 0:58:26,40.7453° N,-73.9412,40.749508,-73.942245,63,5
RIDE_003941,SCOOT_0299,USER_01234,06/03/2026 4:30 PM,06/03/2026 4:45 PM,40.7363,-74.000117,40.736243,-74.002781,17,5
RIDE_003942,SCOOT_0074,USER_00154,06/25/2026 9:07 PM,1782424012,40.712447,74.0068° W,40.708672,-74.007468,37,
RIDE_003943,SCOOT_0360,USER_01495,1781701477,06/17/2026 1:10 PM,40.709585,-74.003656,40.713504,-74.007337,84,3
RIDE_003944,SCOOT_0279,USER_00877,2026-06-18 12:53:04,1781789344,40.795646,-73.9802,40.792721,-73.977898,2,2
RIDE_003945,SCOOT_0157,USER_01085,1781262750,1781264670,40.7110° N,-74.0063,40.709801,-74.008777,48%,4
RIDE_003946,SCOOT_0333,USER_00633,2026-06-16 1:20:40,2026-06-16 1:44:40,40.7157° N,74.0071° W,40.711386,-74.005492,51,5
RIDE_003947,SCOOT_0027,USER_00855,2026-06-09 22:47:50,2026-06-09 23:15:50,40.7373,-74.0007,40.740866,-74.004254,93%,3
RIDE_003948,SCOOT_0330,USER_00764,1781391162,1781392722,40.6598,-73.996343,40.65886,-73.996996,3,3
RIDE_003949,SCOOT_0158,USER_00999,06/23/2026 4:40 PM,06/23/2026 5:10 PM,40.7115,-74.005073,40.709284,-74.000645,32%,5
RIDE_003950,SCOOT_0375,USER_00794,06/09/2026 8:13 AM,06/09/2026 8:45 AM,40.7069° N,-74.004221,40.708821,-74.006499,89,5
RIDE_003951,SCOOT_0087,USER_00166,2026-06-26 0:39:55,06/26/2026 1:19 AM,40.7087° N,-74.001931,40.705732,-74.003751,N/A,2
RIDE_003952,SCOOT_0113,USER_00511,06/04/2026 2:42 AM,06/04/2026 3:25 AM,40.7305° N,-74.005305,40.725155,-74.000064,81,1
RIDE_003953,SCOOT_0112,USER_00402,1780352225,06/01/2026 10:54 PM,40.71068,-74.007611,40.711447,-74.005736,LOW,4
RIDE_003954,SCOOT_0383,USER_01349,1782282881,06/24/2026 7:09 AM,40.752022,-74.0392,40.7545,-74.036972,53%,1
RIDE_003955,SCOOT_0168,USER_00961,1781208587,1781208887,40.7123° N,-74.002851,40.715054,-74.006997,97,1
RIDE_003956,SCOOT_0326,USER_00102,2026-06-27 13:33:40,1782567580,40.7964,74.0088° W,40.792989,-74.009561,ERROR,5
RIDE_003957,SCOOT_0178,USER_01372,06/16/2026 4:31 PM,1781630039,40.727699,-74.050665,40.727603,-74.046369,67,1
RIDE_003958,SCOOT_0002,USER_00833,06/25/2026 11:06 PM,2026-06-25 23:16:18,40.6832° N,74.0681° W,40.681942,-74.063956,59,
RIDE_003959,SCOOT_0113,USER_01020,06/30/2026 1:13 PM,06/30/2026 1:42 PM,40.707517,-73.9702,40.709731,-73.972121,43,4
RIDE_003960,SCOOT_0120,USER_01150,06/30/2026 6:04 PM,06/30/2026 6:34 PM,40.7015° N,-74.005064,40.699516,-73.991627,37,2
RIDE_003961,SCOOT_0198,USER_00329,06/04/2026 3:34 PM,2026-06-04 15:48:43,40.7169,74.0026° W,40.715005,-73.997847,83,3
RIDE_003962,SCOOT_0103,USER_00159,06/18/2026 6:48 PM,2026-06-18 19:05:48,40.783388,-73.939968,40.788888,-73.944405,47,
RIDE_003963,SCOOT_0099,USER_00913,1782112217,1782113717,40.735803,-74.005576,40.732971,-74.004605,39,5
RIDE_003964,SCOOT_0268,USER_01119,06/06/2026 6:23 AM,06/06/2026 6:40 AM,40.7467° N,-73.944,40.752378,-73.944067,21,3
RIDE_003965,SCOOT_0229,USER_00561,2026-06-11 19:01:47,1781205707,40.797107,73.9557° W,40.795754,-73.961765,2,3
RIDE_003966,SCOOT_0198,USER_00256,06/01/2026 4:26 PM,06/01/2026 4:41 PM,40.7084° N,-74.018892,40.70906,-74.018625,63,1
RIDE_003967,SCOOT_0149,USER_00214,2026-06-17 8:50:39,2026-06-17 9:11:39,40.713052,-74.003905,40.709415,-74.002671,10,2
RIDE_003968,SCOOT_0129,USER_01243,2026-06-12 4:42:35,2026-06-12 5:17:35,40.721808,-73.9312,40.72468,-73.934874,86,4
RIDE_003969,SCOOT_0314,USER_00196,2026-06-30 4:16:15,2026-06-30 4:38:15,40.7117° N,-74.006474,40.710132,-74.003775,13,4
RIDE_003970,SCOOT_0139,USER_00015,1781020266,1781020806,40.709918,-74.008222,40.707789,-74.004945,55,5
RIDE_003971,SCOOT_0337,USER_00613,2026-06-24 22:32:25,06/24/2026 10:40 PM,40.71083,74.0042° W,40.716757,-74.004384,74,1
RIDE_003972,SCOOT_0109,USER_00786,06/29/2026 12:33 PM,2026-06-29 12:42:15,40.7172,73.9993° W,40.72033,-73.999365,100,4
RIDE_003973,SCOOT_0036,USER_00784,06/18/2026 1:19 AM,1781747475,40.7154,-74.01115,40.713028,-74.012964,31,5
RIDE_003974,SCOOT_0160,USER_01482,1782589294,1782590614,40.8279° N,-73.987452,40.82543,-73.990583,5%,1
RIDE_003975,SCOOT_0315,USER_00098,2026-06-30 14:01:24,2026-06-30 14:21:24,40.715039,74.0054° W,40.7183,-74.003416,92,5
RIDE_003976,SCOOT_0094,USER_00341,2026-06-17 3:02:43,2026-06-17 3:37:43,40.7030° N,-73.951346,40.707088,-73.951955,18%,4
RIDE_003977,SCOOT_0134,USER_00951,1780855443,2026-06-07 18:21:03,40.7243,-73.990994,40.721349,-73.991903,6%,1
RIDE_003978,SCOOT_0390,USER_00705,2026-06-08 12:59:05,06/08/2026 1:15 PM,40.7089,-74.0083,40.709531,-74.006727,27,
RIDE_003979,SCOOT_0075,USER_00862,1782632222,1782634562,40.698796,73.9355° W,40.697036,-73.937493,79,3
RIDE_003980,SCOOT_0336,USER_01432,06/02/2026 11:03 PM,06/02/2026 11:30 PM,40.751054,-73.996709,40.7552,-73.993145,90,3
RIDE_003981,SCOOT_0329,USER_00321,1780891801,06/08/2026 4:37 AM,40.7175,74.0080° W,40.71464,-74.007734,54,1
RIDE_003982,SCOOT_0133,USER_00418,06/23/2026 1:07 PM,2026-06-23 13:28:58,40.709793,74.0182° W,40.706266,-74.018301,24%,5
RIDE_003983,SCOOT_0167,USER_00131,06/12/2026 4:50 PM,06/12/2026 5:31 PM,40.7225,-73.921433,40.724514,-73.918131,72,2
RIDE_003984,SCOOT_0345,USER_01266,2026-06-21 17:34:13,2026-06-21 17:54:13,40.736214,-73.969579,40.734032,-73.97324,14,5
RIDE_003985,SCOOT_0086,USER_00262,2026-06-22 12:07:43,06/22/2026 12:37 PM,40.711086,74.0017° W,40.709969,-73.997029,11,1
RIDE_003986,SCOOT_0092,USER_00151,1782009356,1782010436,40.714996,-74.007576,40.718476,-74.00624,100,3
RIDE_003987,SCOOT_0365,USER_01288,1781087249,2026-06-10 11:02:29,40.7091° N,-73.998565,40.709848,-73.998508,37,5
RIDE_003988,SCOOT_0353,USER_00510,06/08/2026 10:30 PM,2026-06-08 23:00:59,40.713489,-73.9116,40.715041,-73.909722,80,3
RIDE_003989,SCOOT_0273,USER_01483,2026-06-30 12:21:55,2026-06-30 12:35:55,40.7512,73.9609° W,40.753985,-73.962924,3,4
RIDE_003990,SCOOT_0280,USER_00096,1781911128,2026-06-19 23:57:48,40.68446,-73.994373,40.67974,-73.993916,54,1
RIDE_003991,SCOOT_0214,USER_01222,2026-06-22 2:47:50,1782096770,40.7395° N,-73.961327,40.738277,-73.958005,47,five star
RIDE_003992,SCOOT_0212,USER_00262,06/17/2026 8:10 AM,1781684480,40.710743,-74.002,40.716924,-74.005204,ERROR,2
RIDE_003993,SCOOT_0226,USER_01012,1780569862,2026-06-04 11:03:22,40.7140° N,-73.995005,40.714168,-73.99482,80,5
RIDE_003994,SCOOT_0090,USER_01447,1781806341,06/18/2026 6:17 PM,40.7738° N,-73.984678,40.768648,-73.981282,69,2
RIDE_003995,SCOOT_0045,USER_00072,1782137943,06/22/2026 2:34 PM,40.7048° N,-74.007667,40.70841,-74.008737,95%,2
RIDE_003996,SCOOT_0224,USER_01309,06/29/2026 12:25 PM,2026-06-29 12:56:25,40.7100° N,-74.002483,40.707472,-74.00615,44,2
RIDE_003997,SCOOT_0314,USER_01262,1782366786,1782369366,40.713898,-74.006732,40.710167,-74.004821,low,
RIDE_003998,SCOOT_0293,USER_01243,06/18/2026 3:47 PM,06/18/2026 4:22 PM,40.76729,73.9927° W,40.766416,-73.991284,73,5
RIDE_003999,SCOOT_0140,USER_00797,1781855685,1781858385,40.781807,-73.9912,40.783771,-73.98946,72%,4
RIDE_004000,SCOOT_0267,USER_00812,06/04/2026 6:18 AM,06/04/2026 6:36 AM,40.775586,-73.984714,40.772849,-73.986101,15,3
RIDE_004001,SCOOT_0223,USER_01028,2026-06-29 7:55:40,2026-06-29 8:26:40,40.714171,-73.998726,40.712719,-73.996312,76,4
RIDE_004002,SCOOT_0157,USER_01436,2026-06-14 19:24:26,2026-06-14 19:50:26,40.682639,-74.042291,40.687185,-74.039998,89%,1
RIDE_004003,SCOOT_0182,USER_00899,06/20/2026 9:12 AM,06/20/2026 9:44 AM,40.707835,74.0083° W,40.711603,-74.007864,11%,
RIDE_004004,SCOOT_0323,USER_01118,2026-06-16 2:25:02,2026-06-16 3:10:02,40.7082° N,-74.009276,40.710315,-74.006293,54,
RIDE_004005,SCOOT_0291,USER_00567,06/19/2026 12:02 PM,2026-06-19 12:40:21,40.712871,-73.996099,40.715344,-73.996829,21,3
RIDE_004006,SCOOT_0388,USER_01280,06/25/2026 12:08 PM,1782390082,40.6965,-74.025498,40.697492,-74.026964,83,1
RIDE_004007,SCOOT_0155,USER_00213,2026-06-29 18:38:52,06/29/2026 6:47 PM,40.7227,74.0152° W,40.724574,-74.018711,75,five star
RIDE_004008,SCOOT_0353,USER_00823,06/10/2026 12:04 AM,06/10/2026 12:29 AM,40.7355° N,73.9429° W,40.733766,-73.93952,35,5
RIDE_004009,SCOOT_0379,USER_00366,1782806327,2026-06-30 8:27:47,40.714698,-74.005793,40.71259,-74.006076,35,5
RIDE_004010,SCOOT_0071,USER_00753,2026-06-10 12:23:59,2026-06-10 12:39:59,40.709893,-73.988149,40.707236,-73.988938,37,3
RIDE_004011,SCOOT_0010,USER_01165,06/22/2026 8:38 AM,2026-06-22 9:17:22,40.7070° N,-73.995546,40.704271,-73.999496,56,2
RIDE_004012,SCOOT_0021,USER_01240,2026-06-04 19:57:18,1780605678,40.7263° N,-74.036359,40.730134,-74.036827,low,5
RIDE_004013,SCOOT_0352,USER_00652,06/26/2026 5:46 PM,1782496171,40.7066° N,-74.007922,40.707747,-74.00952,32,1
RIDE_004014,SCOOT_0001,USER_01089,2026-06-20 2:49:06,06/20/2026 2:56 AM,40.731001,-73.9204,40.730394,-73.92321,31,4
RIDE_004015,SCOOT_0071,USER_00073,06/13/2026 1:52 AM,06/13/2026 2:14 AM,40.72462,-73.906903,40.729676,-73.912963,26,4
RIDE_004016,SCOOT_0035,USER_00391,2026-06-22 4:10:55,2026-06-22 4:33:55,40.7172,-74.004999,40.719936,-74.006651,ERROR,3
RIDE_004017,SCOOT_0212,USER_01344,2026-06-30 8:35:18,06/30/2026 8:42 AM,40.726035,-73.96591,40.723212,-73.970075,89,2
RIDE_004018,SCOOT_0127,USER_00156,1781421086,2026-06-14 7:19:26,40.7075,74.0036° W,40.707945,-74.001249,N/A,1
RIDE_004019,SCOOT_0169,USER_00171,1781272335,1781274915,40.715476,-74.007684,40.715265,-74.009218,54,2
RIDE_004020,SCOOT_0372,USER_00383,06/24/2026 10:58 AM,06/24/2026 11:21 AM,40.711959,-74.0099,40.71313,-74.006644,40%,3
RIDE_004021,SCOOT_0178,USER_00362,2026-06-27 21:41:04,2026-06-27 22:12:04,40.6842,-73.962375,40.684508,-73.961651,41,2
RIDE_004022,SCOOT_0166,USER_00576,1780610816,2026-06-04 22:40:56,40.706,-74.013229,40.706435,-74.01086,89,1
RIDE_004023,SCOOT_0255,USER_01300,06/02/2026 5:39 AM,2026-06-02 6:01:50,40.7101,-73.99932,40.712319,-74.002045,14,2
RIDE_004024,SCOOT_0212,USER_00610,2026-06-01 6:54:07,2026-06-01 7:38:07,40.712923,-73.996092,40.709196,-73.994507,78,2
RIDE_004025,SCOOT_0261,USER_01327,1780764877,06/06/2026 5:06 PM,40.7063,73.9919° W,40.710147,-73.993021,low,4
RIDE_004026,SCOOT_0003,USER_00183,06/25/2026 5:30 PM,06/25/2026 6:12 PM,40.8055° N,-73.9268,40.805677,-73.924421,66,2
RIDE_004027,SCOOT_0001,USER_00351,06/23/2026 8:27 AM,1782204229,40.7104° N,-74.0059,40.709908,-74.003532,18%,4
RIDE_004028,SCOOT_0377,USER_00942,06/21/2026 3:11 PM,06/21/2026 3:56 PM,40.782094,73.9877° W,40.786694,-73.983103,70%,3
RIDE_004029,SCOOT_0215,USER_01056,1781277773,06/12/2026 3:32 PM,40.7653° N,-73.996021,40.763502,-73.998458,51%,
RIDE_004030,SCOOT_0036,USER_01378,06/29/2026 6:41 AM,1782716087,40.802083,73.9954° W,40.804114,-73.998679,73,4
RIDE_004031,SCOOT_0172,USER_00089,1782825914,2026-06-30 14:07:14,40.716094,-74.0059,40.720095,-74.002507,6,5
RIDE_004032,SCOOT_0026,USER_00282,1781469708,1781469888,40.71854,74.0002° W,40.718971,-74.003633,LOW,
RIDE_004033,SCOOT_0356,USER_01408,1781595862,1781596102,40.6917° N,-74.0477,40.688499,-74.04753,43%,1
RIDE_004034,SCOOT_0114,USER_00460,1780695265,06/05/2026 10:17 PM,40.710561,-74.006721,40.71204,-74.007633,48,2
RIDE_004035,SCOOT_0125,USER_01109,2026-06-19 19:41:42,2026-06-19 20:23:42,40.735563,73.9866° W,40.732868,-73.987377,64%,4
RIDE_004036,SCOOT_0366,USER_00601,06/27/2026 4:39 PM,06/27/2026 5:20 PM,40.7182,-74.0071,40.723484,-74.002787,32,5
RIDE_004037,SCOOT_0207,USER_00318,2026-06-06 4:44:30,2026-06-06 5:24:30,40.6945° N,74.0310° W,40.694356,-74.027562,59,1
RIDE_004038,SCOOT_0073,USER_00104,1782521443,1782523063,40.6794° N,-74.026338,40.683022,-74.02866,81%,2
RIDE_004039,SCOOT_0044,USER_01187,2026-06-06 21:29:14,1780783454,40.710096,-74.003149,40.710551,-74.005208,75%,three
RIDE_004040,SCOOT_0233,USER_00573,1782244851,06/23/2026 8:10 PM,40.7510° N,-73.98691,40.746262,-73.984613,81,1
RIDE_004041,SCOOT_0073,USER_01447,2026-06-19 12:22:13,1781872093,40.679626,-74.1002,40.679555,-74.102399,74%,1
RIDE_004042,SCOOT_0140,USER_00120,1781691227,1781693867,40.719555,74.0083° W,40.716262,-74.006818,88%,2
RIDE_004043,SCOOT_0248,USER_01459,1781723374,06/17/2026 7:33 PM,40.744791,-74.001089,40.74632,-74.004211,26,3
RIDE_004044,SCOOT_0066,USER_00738,06/22/2026 10:42 AM,1782125388,40.706971,-73.9991,40.708709,-73.999889,35,three
RIDE_004045,SCOOT_0366,USER_00889,1782847600,2026-06-30 19:42:40,40.75793,-73.975383,40.76085,-73.977651,53,3
RIDE_004046,SCOOT_0333,USER_00207,1781460792,2026-06-14 18:33:12,40.7653,-73.995634,40.764756,-73.995152,LOW,5
RIDE_004047,SCOOT_0098,USER_00760,06/11/2026 6:59 PM,06/11/2026 7:23 PM,40.7579,-73.9708,40.759328,-73.975313,37,2
RIDE_004048,SCOOT_0173,USER_00879,06/08/2026 12:18 PM,06/08/2026 1:01 PM,40.678944,74.0162° W,40.684429,-74.018749,LOW,2
RIDE_004049,SCOOT_0285,USER_00563,06/08/2026 2:58 AM,2026-06-08 3:26:12,40.701936,74.0195° W,40.700273,-74.018992,68,5
RIDE_004050,SCOOT_0383,USER_00094,1782666211,06/28/2026 5:38 PM,40.8111,-73.962081,40.808705,-73.953821,low,4
RIDE_004051,SCOOT_0111,USER_00233,06/12/2026 3:13 AM,1781234208,40.6908,74.0560° W,40.695008,-74.057452,67,1
RIDE_004052,SCOOT_0159,USER_00782,2026-06-23 2:51:45,1782184425,40.746058,74.0234° W,40.750348,-74.02281,3%,3
RIDE_004053,SCOOT_0303,USER_00925,2026-06-19 16:54:35,2026-06-19 17:31:35,40.715021,-74.006465,40.711623,-74.002637,LOW,1
RIDE_004054,SCOOT_0110,USER_00054,2026-06-14 19:08:57,2026-06-14 19:49:57,40.707164,74.0102° W,40.704754,-74.008678,12,1
RIDE_004055,SCOOT_0160,USER_01414,2026-06-15 14:09:38,1781534198,40.712932,74.0067° W,40.713371,-74.004895,94,4
RIDE_004056,SCOOT_0200,USER_01176,06/18/2026 4:55 AM,2026-06-18 5:39:58,40.713865,-73.966117,40.719325,-73.966181,10,5
RIDE_004057,SCOOT_0088,USER_00170,2026-06-13 22:00:15,1781388675,40.710716,-74.003546,40.707283,-74.005582,40,4
RIDE_004058,SCOOT_0300,USER_01387,06/26/2026 8:05 AM,06/26/2026 8:44 AM,40.750588,-73.9377,40.746963,-73.942152,1,3
RIDE_004059,SCOOT_0193,USER_00498,1782816206,2026-06-30 10:53:26,40.7138° N,-73.983162,40.71716,-73.982829,50,5
RIDE_004060,SCOOT_0157,USER_00986,06/27/2026 3:56 PM,06/27/2026 4:07 PM,40.7208° N,-74.006419,40.72042,-74.014122,33,1
RIDE_004061,SCOOT_0162,USER_00810,1780406396,2026-06-02 13:51:56,40.711011,-74.002592,40.715702,-74.005083,89,4
RIDE_004062,SCOOT_0054,USER_01070,06/13/2026 3:16 PM,1781365716,40.714649,-74.001812,40.714683,-74.008662,5,1
RIDE_004063,SCOOT_0094,USER_00741,1782258932,2026-06-23 23:59:32,40.753846,-73.952771,40.751004,-73.953534,24%,4
RIDE_004064,SCOOT_0322,USER_01052,06/24/2026 12:20 PM,06/24/2026 12:31 PM,40.7082° N,-74.0163,40.711259,-74.016292,low,5
RIDE_004065,SCOOT_0385,USER_00021,06/21/2026 9:23 AM,2026-06-21 10:00:56,40.719191,74.0026° W,40.718128,-74.00282,67%,2
RIDE_004066,SCOOT_0354,USER_01413,2026-06-27 9:12:24,06/27/2026 9:28 AM,40.7151,-74.0021,40.716033,-73.998816,28,five star
RIDE_004067,SCOOT_0177,USER_01135,06/01/2026 2:21 AM,06/01/2026 2:39 AM,40.711613,74.0100° W,40.711419,-74.009373,7,4
RIDE_004068,SCOOT_0281,USER_01001,2026-06-10 23:53:45,2026-06-11 0:32:45,40.7244,-74.012434,40.725711,-74.013654,19%,4
RIDE_004069,SCOOT_0035,USER_01219,2026-06-02 21:45:52,1780437052,40.697183,73.9952° W,40.701745,-73.991409,51,5
RIDE_004070,SCOOT_0041,USER_00846,1782421012,06/25/2026 9:06 PM,40.705853,73.9459° W,40.708403,-73.94405,18,4
RIDE_004071,SCOOT_0362,USER_00613,1782198208,06/23/2026 7:30 AM,40.7823° N,-73.993952,40.780223,-73.995502,92%,5
RIDE_004072,SCOOT_0326,USER_00543,1782801182,1782802802,40.7669° N,-73.943525,40.764879,-73.946604,94,
RIDE_004073,SCOOT_0173,USER_00693,2026-06-04 5:02:01,06/04/2026 5:21 AM,40.7124,-74.001873,40.708025,-73.997512,69,4
RIDE_004074,SCOOT_0273,USER_01351,2026-06-02 11:43:39,1780402419,40.712112,74.0089° W,40.707311,-74.006818,96,5
RIDE_004075,SCOOT_0032,USER_00898,1782568922,1782570782,40.697077,-73.9846,40.694374,-73.985543,74,4
RIDE_004076,SCOOT_0283,USER_00358,2026-06-30 10:08:07,2026-06-30 10:16:07,40.710854,74.0064° W,40.708845,-74.011005,69%,2
RIDE_004077,SCOOT_0111,USER_00841,06/18/2026 2:44 AM,2026-06-18 3:06:11,40.723714,74.0115° W,40.724258,-74.01677,46,2
RIDE_004078,SCOOT_0146,USER_00510,2026-06-22 5:55:06,06/22/2026 6:28 AM,40.690659,-73.933243,40.691182,-73.929459,40,5
RIDE_004079,SCOOT_0030,USER_00968,1782369014,06/25/2026 6:37 AM,40.756391,73.9887° W,40.753542,-73.984199,14%,2
RIDE_004080,SCOOT_0035,USER_00954,06/19/2026 12:06 AM,1781829930,40.7191° N,74.0129° W,40.719191,-74.012494,36,4
RIDE_004081,SCOOT_0069,USER_00142,2026-06-01 21:43:29,2026-06-01 22:22:29,40.7114° N,-74.002913,40.713913,-74.003484,21%,4
RIDE_004082,SCOOT_0029,USER_00526,06/02/2026 10:47 PM,06/02/2026 11:28 PM,40.7117° N,-74,40.714475,-73.999787,N/A,1
RIDE_004083,SCOOT_0255,USER_00764,1781085537,1781085957,40.706283,-74.004624,40.708377,-74.012888,N/A,2
RIDE_004084,SCOOT_0100,USER_00942,2026-06-14 5:38:04,2026-06-14 5:52:04,40.7138° N,-74.0077,40.713145,-74.010389,73%,3
RIDE_004085,SCOOT_0266,USER_01245,1780287404,2026-06-01 4:33:44,40.7031,-73.98096,40.701797,-73.978063,28,3
RIDE_004086,SCOOT_0105,USER_00382,1780808852,06/07/2026 5:24 AM,40.766973,-73.956,40.766978,-73.954969,ERROR,3
RIDE_004087,SCOOT_0325,USER_00586,06/09/2026 4:15 AM,1780979763,40.7129° N,-73.9932,40.70524,-73.997427,63%,4
RIDE_004088,SCOOT_0071,USER_00919,1781440356,06/14/2026 1:08 PM,40.714468,-74.014174,40.712877,-74.014337,90,3
RIDE_004089,SCOOT_0342,USER_01068,1781858929,1781860069,40.7095° N,74.0088° W,40.710302,-74.005738,52,2
RIDE_004090,SCOOT_0341,USER_00994,06/16/2026 7:33 AM,06/16/2026 7:56 AM,40.708966,-74.0083,40.706772,-74.015564,36%,4
RIDE_004091,SCOOT_0398,USER_00367,06/15/2026 10:56 AM,06/15/2026 11:27 AM,40.733434,-73.9165,40.736484,-73.919118,9,4
RIDE_004092,SCOOT_0374,USER_00358,1781631760,06/16/2026 6:21 PM,40.723366,-73.985268,40.725854,-73.984803,86,3
RIDE_004093,SCOOT_0170,USER_00190,06/01/2026 12:02 PM,1780315560,40.767186,-73.954763,40.764969,-73.955423,27,4
RIDE_004094,SCOOT_0257,USER_01315,2026-06-18 14:44:03,2026-06-18 15:07:03,40.794092,-73.981536,40.79029,-73.983544,92,5
RIDE_004095,SCOOT_0028,USER_00210,1782581876,1782584396,40.7090° N,-74.004571,40.706359,-74.003758,82,4
RIDE_004096,SCOOT_0199,USER_00632,06/16/2026 12:30 AM,2026-06-16 0:55:45,40.6858,-74.0305,40.686699,-74.030022,89,2
RIDE_004097,SCOOT_0163,USER_00235,2026-06-03 4:52:07,1780463467,40.7718,73.9911° W,40.769417,-73.989855,72%,2
RIDE_004098,SCOOT_0026,USER_00123,1781379971,2026-06-13 20:04:11,40.7189° N,-74.005955,40.72015,-74.00692,28,5
RIDE_004099,SCOOT_0127,USER_00595,2026-06-05 2:59:42,1780629582,40.717527,-73.966351,40.720253,-73.964219,43%,4
RIDE_004100,SCOOT_0213,USER_00800,2026-06-22 23:29:26,1782171926,40.712072,-74.003612,40.714754,-73.998751,9%,2
RIDE_004101,SCOOT_0296,USER_00929,06/19/2026 9:33 AM,06/19/2026 10:15 AM,40.781171,-73.976324,40.777246,-73.975857,97,2
RIDE_004102,SCOOT_0201,USER_01250,2026-06-29 11:29:31,2026-06-29 12:04:31,40.713826,74.0032° W,40.717888,-74.003449,81,three
RIDE_004103,SCOOT_0028,USER_00854,1781690656,06/17/2026 10:29 AM,40.74252,-74.0232,40.743778,-74.025581,39,2
RIDE_004104,SCOOT_0200,USER_00497,06/05/2026 3:29 PM,06/05/2026 3:50 PM,40.7233° N,73.9816° W,40.718884,-73.98212,35,3
RIDE_004105,SCOOT_0302,USER_01057,1780463452,2026-06-03 5:46:52,40.7135,-73.983629,40.708973,-73.980904,88%,1
RIDE_004106,SCOOT_0108,USER_00785,2026-06-03 2:54:43,1780456003,40.713192,-74.001885,40.711897,-74.005881,88,1
RIDE_004107,SCOOT_0276,USER_00926,1781690954,1781691254,40.7079° N,-74.011167,40.709363,-74.006736,2,
RIDE_004108,SCOOT_0261,USER_00588,2026-06-16 17:20:04,2026-06-16 17:46:04,40.71054,-74.0035,40.70597,-74.002942,61,4
RIDE_004109,SCOOT_0072,USER_00448,1780897871,2026-06-08 6:21:11,40.702571,74.0735° W,40.70196,-74.071315,8,2
RIDE_004110,SCOOT_0090,USER_00159,2026-06-08 19:50:02,1780950902,40.6305,-74.017791,40.631586,-74.015641,46,5
RIDE_004111,SCOOT_0077,USER_00729,1781969020,06/20/2026 3:43 PM,40.692246,-74.022454,40.693848,-74.022702,18,1
RIDE_004112,SCOOT_0240,USER_00043,1781288120,2026-06-12 18:50:20,40.731242,-73.913448,40.733529,-73.907684,15,three
RIDE_004113,SCOOT_0130,USER_01460,06/22/2026 3:01 PM,06/22/2026 3:32 PM,40.7862° N,-73.985,40.785612,-73.983777,83%,3
RIDE_004114,SCOOT_0270,USER_00997,2026-06-27 12:30:29,06/27/2026 12:52 PM,40.803417,-74.000541,40.803443,-73.995712,48,4
RIDE_004115,SCOOT_0219,USER_01083,2026-06-07 4:15:50,1780806050,40.711839,74.0023° W,40.713319,-73.999408,30,3
RIDE_004116,SCOOT_0070,USER_00775,2026-06-10 13:30:51,2026-06-10 14:05:51,40.7096° N,-74.009222,40.709622,-74.013818,87,4
RIDE_004117,SCOOT_0121,USER_01126,1780814968,06/07/2026 7:22 AM,40.711721,-74.004988,40.717075,-74.00378,15,2
RIDE_004118,SCOOT_0292,USER_01011,1782403122,06/25/2026 4:11 PM,40.761405,-73.94471,40.758511,-73.945206,95,3
RIDE_004119,SCOOT_0113,USER_01356,06/02/2026 1:47 PM,06/02/2026 2:31 PM,40.8099° N,73.9792° W,40.813258,-73.976291,52,3
RIDE_004120,SCOOT_0003,USER_00083,06/23/2026 8:43 AM,1782205715,40.701038,-73.929,40.701478,-73.928001,66,1
RIDE_004121,SCOOT_0393,USER_00101,2026-06-18 5:05:50,2026-06-18 5:19:50,40.7098° N,-74.010468,40.708356,-74.010761,74%,4
RIDE_004122,SCOOT_0093,USER_00540,06/17/2026 8:47 PM,2026-06-17 21:23:54,40.71754,-73.9987,40.72173,-73.99615,12,5
RIDE_004123,SCOOT_0377,USER_00826,1782493051,1782494551,40.6804,-73.996178,40.681043,-73.998075,51,1
RIDE_004124,SCOOT_0179,USER_00109,06/17/2026 7:19 PM,06/17/2026 8:02 PM,40.772944,-73.96319,40.774553,-73.960115,LOW,2
RIDE_004125,SCOOT_0080,USER_00564,1780657625,1780659065,40.709182,-74.002269,40.707095,-74.005091,8,3
RIDE_004126,SCOOT_0194,USER_00957,06/30/2026 3:12 AM,2026-06-30 3:57:16,40.7167° N,73.9845° W,40.718206,-73.98442,39,4
RIDE_004127,SCOOT_0007,USER_01429,06/13/2026 11:08 PM,1781394793,40.695403,-74.041771,40.692025,-74.045499,2,
RIDE_004128,SCOOT_0093,USER_00302,06/04/2026 7:42 AM,2026-06-04 8:13:31,40.7125° N,-74.005681,40.712519,-74.003652,65,2
RIDE_004129,SCOOT_0169,USER_00091,06/11/2026 7:44 PM,1781208085,40.711938,74.0037° W,40.711504,-73.998278,27,3
RIDE_004130,SCOOT_0334,USER_00104,06/04/2026 12:27 PM,06/04/2026 12:47 PM,40.713123,-73.996637,40.714179,-73.997278,11,
RIDE_004131,SCOOT_0155,USER_01041,06/02/2026 12:41 AM,06/02/2026 1:06 AM,40.7400° N,-74.014358,40.737037,-74.016997,31%,2
RIDE_004132,SCOOT_0164,USER_01433,2026-06-22 21:02:26,1782162626,40.7144° N,-74.008105,40.71494,-74.004259,low,
RIDE_004133,SCOOT_0057,USER_01043,06/12/2026 11:03 PM,06/12/2026 11:28 PM,40.746644,73.9441° W,40.743116,-73.944569,13,2
RIDE_004134,SCOOT_0009,USER_00216,2026-06-30 8:07:57,2026-06-30 8:45:57,40.7106° N,-74.002254,40.703923,-74.006583,69,3
RIDE_004135,SCOOT_0083,USER_00826,06/22/2026 7:12 AM,1782114937,40.7285,-73.904172,40.729131,-73.908227,40,2
RIDE_004136,SCOOT_0025,USER_00865,06/24/2026 10:11 AM,1782297257,40.7341,-73.95204,40.732193,-73.954869,63,1
RIDE_004137,SCOOT_0020,USER_01094,2026-06-12 7:00:43,1781249323,40.7187° N,-74.001956,40.722532,-74.004806,30,
RIDE_004138,SCOOT_0356,USER_00046,06/05/2026 2:07 PM,06/05/2026 2:20 PM,40.7526° N,73.9685° W,40.753603,-73.967443,79%,4
RIDE_004139,SCOOT_0282,USER_01183,2026-06-10 4:13:01,1781066881,40.735664,-74.0435,40.738243,-74.046765,95,2
RIDE_004140,SCOOT_0354,USER_00773,06/05/2026 3:09 AM,2026-06-05 3:13:57,40.778515,-73.9871,40.776073,-73.988929,64,2
RIDE_004141,SCOOT_0332,USER_00809,06/07/2026 4:06 AM,06/07/2026 4:25 AM,40.6839,-74.005191,40.68157,-74.002833,16%,3
RIDE_004142,SCOOT_0214,USER_01163,2026-06-18 15:43:40,2026-06-18 15:59:40,40.7154° N,-73.999247,40.716459,-73.997685,88,1
RIDE_004143,SCOOT_0398,USER_00943,1782766354,06/29/2026 9:37 PM,40.7184,-74.008511,40.713936,-74.00791,45,5
RIDE_004144,SCOOT_0149,USER_01142,2026-06-12 14:46:17,2026-06-12 15:29:17,40.702147,-73.8861,40.706514,-73.879629,67,2
RIDE_004145,SCOOT_0148,USER_00097,1782849208,1782850288,40.701749,-73.977,40.700371,-73.97434,ERROR,2
RIDE_004146,SCOOT_0232,USER_01363,1781644407,06/16/2026 9:56 PM,40.6885,-74.056862,40.686117,-74.061228,12%,4
RIDE_004147,SCOOT_0388,USER_00536,2026-06-04 4:20:24,2026-06-04 4:23:24,40.7187,-73.9987,40.714503,-73.994862,64,4
RIDE_004148,SCOOT_0352,USER_01308,2026-06-04 17:14:52,06/04/2026 5:57 PM,40.767928,-73.999396,40.766757,-74.001136,12,1
RIDE_004149,SCOOT_0056,USER_00728,2026-06-06 4:16:32,1780720592,40.71546,74.0126° W,40.715163,-74.014633,99,2
RIDE_004150,SCOOT_0148,USER_00661,06/22/2026 11:09 PM,06/22/2026 11:47 PM,40.767467,-73.989836,40.765861,-73.990476,83,4
RIDE_004151,SCOOT_0204,USER_00673,06/13/2026 2:44 AM,06/13/2026 3:20 AM,40.729921,-74.0528,40.726798,-74.051088,96%,2
RIDE_004152,SCOOT_0358,USER_01379,1781971681,06/20/2026 4:30 PM,40.7455° N,-74.014005,40.752224,-74.015062,89,1
RIDE_004153,SCOOT_0194,USER_01113,1781915557,1781917657,40.723,-73.932003,40.728233,-73.937043,73,5
RIDE_004154,SCOOT_0232,USER_01381,06/29/2026 2:33 AM,06/29/2026 2:44 AM,40.713904,73.9977° W,40.71429,-74.001357,73%,4
RIDE_004155,SCOOT_0227,USER_01360,06/01/2026 6:17 PM,1780340425,40.6937° N,-74.0047,40.697724,-74.00568,48%,4
RIDE_004156,SCOOT_0269,USER_00273,2026-06-11 21:51:43,06/11/2026 10:23 PM,40.7996,-73.999907,40.795302,-74.001356,60,4
RIDE_004157,SCOOT_0223,USER_01022,1780876338,2026-06-08 0:10:18,40.759361,-73.933823,40.76023,-73.932988,12,2
RIDE_004158,SCOOT_0381,USER_00737,2026-06-18 18:12:30,2026-06-18 18:40:30,40.8053,-73.9834,40.807349,-73.985897,52,
RIDE_004159,SCOOT_0322,USER_01041,2026-06-05 2:57:43,2026-06-05 3:29:43,40.770265,-73.951208,40.767618,-73.949559,88,2
RIDE_004160,SCOOT_0029,USER_01049,06/17/2026 12:32 AM,1781657153,40.714396,73.9995° W,40.715078,-74.002734,51,2
RIDE_004161,SCOOT_0066,USER_00386,06/17/2026 7:34 PM,1781725808,40.7807° N,-73.9678,40.784744,-73.969414,93%,
RIDE_004162,SCOOT_0002,USER_01307,2026-06-22 23:38:15,1782171975,40.714466,-74.005211,40.71785,-74.00173,40,4
RIDE_004163,SCOOT_0194,USER_00491,2026-06-18 10:23:10,1781780410,40.7870° N,-74.001559,40.7923,-73.999891,81%,5
RIDE_004164,SCOOT_0234,USER_00366,1780989681,1780991481,40.710366,74.0044° W,40.705833,-74.001208,19,4
RIDE_004165,SCOOT_0218,USER_00920,06/09/2026 12:23 AM,06/09/2026 12:58 AM,40.683376,74.0104° W,40.684109,-74.0073,13,4
RIDE_004166,SCOOT_0367,USER_00093,06/02/2026 2:17 AM,06/02/2026 2:59 AM,40.713226,74.0035° W,40.713142,-74.003557,74%,2
RIDE_004167,SCOOT_0017,USER_00642,1781578290,1781580450,40.75061,-73.971781,40.74555,-73.974086,72,4
RIDE_004168,SCOOT_0046,USER_00572,1780383408,06/02/2026 7:18 AM,40.713779,-74.006996,40.713312,-74.007967,ERROR,3
RIDE_004169,SCOOT_0213,USER_00618,2026-06-14 12:34:38,1781442038,40.7093,-74.008,40.708425,-74.007957,N/A,1
RIDE_004170,SCOOT_0205,USER_00682,06/24/2026 10:33 PM,2026-06-24 22:41:45,40.7144° N,-74.006722,40.711285,-74.010916,53,5
RIDE_004171,SCOOT_0188,USER_00474,2026-06-01 1:59:04,2026-06-01 2:30:04,40.7411,-74.0671,40.739593,-74.065545,73,
RIDE_004172,SCOOT_0107,USER_00543,06/13/2026 9:27 AM,06/13/2026 9:59 AM,40.714243,-74.0039,40.712915,-74.003201,62,1
RIDE_004173,SCOOT_0178,USER_00051,1780485293,2026-06-03 11:38:53,40.713,-74.007249,40.713782,-74.004082,88%,2
RIDE_004174,SCOOT_0079,USER_01231,1781829468,1781832168,40.712711,-74.006062,40.715916,-74.003178,49,5
RIDE_004175,SCOOT_0054,USER_00355,2026-06-23 9:22:30,1782209130,40.793079,-74.012725,40.795794,-74.01092,39,5
RIDE_004176,SCOOT_0025,USER_01241,1781431935,1781433015,40.6715° N,74.0395° W,40.67464,-74.041956,21%,3
RIDE_004177,SCOOT_0069,USER_01132,1780581425,1780582385,40.7146° N,-74.0025,40.711357,-74.002941,17,2
RIDE_004178,SCOOT_0262,USER_00434,2026-06-14 13:09:17,1781444597,40.764,-74.001423,40.761382,-74.001828,74,2
RIDE_004179,SCOOT_0213,USER_01012,2026-06-01 0:58:05,06/01/2026 1:28 AM,40.716007,-74.0034,40.713422,-74.001469,low,1
RIDE_004180,SCOOT_0122,USER_00468,1781838902,06/19/2026 3:49 AM,40.741281,74.0177° W,40.74018,-74.014334,61,1
RIDE_004181,SCOOT_0236,USER_01474,1782215564,06/23/2026 12:31 PM,40.715424,-74.006006,40.714174,-74.007176,22,5
RIDE_004182,SCOOT_0341,USER_01017,1780658376,1780659876,40.7506,74.0071° W,40.749531,-74.007715,14%,4
RIDE_004183,SCOOT_0205,USER_00399,06/03/2026 3:37 PM,06/03/2026 4:15 PM,40.707396,74.0094° W,40.708627,-74.009325,50,1
RIDE_004184,SCOOT_0367,USER_00333,06/13/2026 4:44 AM,1781328321,40.724425,-73.9534,40.729155,-73.955942,ERROR,2
RIDE_004185,SCOOT_0175,USER_00515,1780808626,2026-06-07 5:14:46,40.7138,74.0080° W,40.713915,-74.006579,66,2
RIDE_004186,SCOOT_0357,USER_00185,1780569683,1780571123,40.721495,-73.968132,40.725067,-73.962848,36%,3
RIDE_004187,SCOOT_0387,USER_00717,2026-06-15 15:26:48,2026-06-15 15:48:48,40.71228,-74.005833,40.718914,-74.002429,50%,2
RIDE_004188,SCOOT_0301,USER_00756,2026-06-07 6:25:46,2026-06-07 7:05:46,40.710331,-74.008476,40.713201,-74.011509,94,5
RIDE_004189,SCOOT_0015,USER_00877,06/11/2026 12:11 AM,2026-06-11 0:49:16,40.7223,-73.981314,40.723808,-73.982084,16%,4
RIDE_004190,SCOOT_0133,USER_01255,2026-06-14 6:28:41,06/14/2026 6:53 AM,40.735804,-73.95646,40.735063,-73.957693,58,1
RIDE_004191,SCOOT_0003,USER_00661,2026-06-28 10:23:09,2026-06-28 11:01:09,40.7112,-74.00214,40.708105,-74.003834,67,2
RIDE_004192,SCOOT_0305,USER_01028,2026-06-25 15:28:22,1782403582,40.7103,-74.002619,40.70767,-74.007886,61,1
RIDE_004193,SCOOT_0101,USER_01301,1781678314,06/17/2026 6:51 AM,40.6612° N,-74.017408,40.665243,-74.017359,76%,2
RIDE_004194,SCOOT_0162,USER_00178,2026-06-12 9:26:17,2026-06-12 10:00:17,40.7406,73.9245° W,40.740794,-73.924695,75%,
RIDE_004195,SCOOT_0127,USER_00682,06/01/2026 12:33 AM,1780274806,40.716978,-74.005416,40.721175,-74.003554,74,5
RIDE_004196,SCOOT_0243,USER_01315,2026-06-26 22:17:42,06/26/2026 11:02 PM,40.710329,-74.007989,40.708146,-74.004336,7,4
RIDE_004197,SCOOT_0260,USER_01045,2026-06-02 0:27:24,2026-06-02 0:44:24,40.740799,-73.984,40.741758,-73.984261,19,1
RIDE_004198,SCOOT_0331,USER_01045,06/29/2026 8:27 PM,1782767267,40.713978,-73.998441,40.716717,-73.99836,LOW,2
RIDE_004199,SCOOT_0057,USER_00765,06/14/2026 1:57 PM,06/14/2026 2:02 PM,40.707166,74.0080° W,40.709299,-74.011513,15%,2
RIDE_004200,SCOOT_0075,USER_00648,1781835384,2026-06-19 2:34:24,40.791719,-73.967712,40.791866,-73.969712,85%,1
RIDE_004201,SCOOT_0339,USER_00874,1781989072,2026-06-20 21:27:52,40.758835,-73.99116,40.765329,-73.987208,88%,5
RIDE_004202,SCOOT_0345,USER_01272,1782064256,1782064676,40.7167,-74.0116,40.717353,-74.007934,73%,3
RIDE_004203,SCOOT_0043,USER_01320,1782855577,2026-06-30 22:02:37,40.7699° N,74.0055° W,40.767912,-74.006898,60,5
RIDE_004204,SCOOT_0006,USER_00694,2026-06-23 1:42:51,1782179991,40.7104,73.9999° W,40.704623,-73.997917,61,3
RIDE_004205,SCOOT_0342,USER_00454,06/25/2026 10:59 PM,1782428830,40.707631,-74.0098,40.701602,-74.011492,15,3
RIDE_004206,SCOOT_0318,USER_00693,2026-06-18 16:58:36,2026-06-18 17:04:36,40.7188,-74.0049,40.715248,-74.001889,90,5
RIDE_004207,SCOOT_0335,USER_00799,06/20/2026 9:20 AM,1781949717,40.782626,73.9834° W,40.78873,-73.980954,61,4
RIDE_004208,SCOOT_0280,USER_00119,2026-06-14 11:07:18,2026-06-14 11:45:18,40.715531,-74.009214,40.717413,-74.008563,LOW,5
RIDE_004209,SCOOT_0292,USER_00644,06/29/2026 4:15 AM,06/29/2026 4:24 AM,40.714879,-74.0087,40.715264,-74.011189,50,3
RIDE_004210,SCOOT_0058,USER_00710,2026-06-03 18:42:30,06/03/2026 7:23 PM,40.705957,73.9480° W,40.70145,-73.947712,9,5
RIDE_004211,SCOOT_0316,USER_00559,1781080852,1781082532,40.75506,73.9792° W,40.754211,-73.978355,77,3
RIDE_004212,SCOOT_0097,USER_00391,2026-06-02 19:05:48,2026-06-02 19:10:48,40.7674° N,-73.970801,40.77262,-73.970098,78,2
RIDE_004213,SCOOT_0178,USER_00006,06/03/2026 2:28 PM,06/03/2026 3:01 PM,40.714081,-74.0241,40.715389,-74.022132,91%,
RIDE_004214,SCOOT_0190,USER_00201,2026-06-11 20:31:54,06/11/2026 9:10 PM,40.702254,-73.997908,40.701376,-73.995895,14,4
RIDE_004215,SCOOT_0365,USER_01092,1780314734,06/01/2026 12:33 PM,40.71645,74.0024° W,40.716804,-74.005525,35,3
RIDE_004216,SCOOT_0237,USER_01045,06/07/2026 9:37 PM,1780869150,40.710352,74.0036° W,40.717699,-74.004642,73,3
RIDE_004217,SCOOT_0091,USER_00121,1780550568,2026-06-04 5:51:48,40.7580° N,73.9791° W,40.755095,-73.98115,49%,2
RIDE_004218,SCOOT_0168,USER_00687,1780523210,2026-06-03 22:18:50,40.7045° N,-74.000586,40.69778,-74.001378,55,1
RIDE_004219,SCOOT_0049,USER_01118,06/30/2026 7:20 PM,1782849430,40.7081° N,-74.009538,40.712217,-74.008934,60%,3
RIDE_004220,SCOOT_0177,USER_01246,2026-06-01 16:22:42,06/01/2026 4:57 PM,40.669892,74.0563° W,40.667596,-74.056421,LOW,2
RIDE_004221,SCOOT_0201,USER_00131,2026-06-15 14:58:29,2026-06-15 15:21:29,40.716258,-73.968089,40.710509,-73.968193,N/A,
RIDE_004222,SCOOT_0156,USER_01321,1781038389,1781040909,40.7115° N,-74.002214,40.712602,-74.000443,76%,3
RIDE_004223,SCOOT_0299,USER_01379,2026-06-10 11:19:57,2026-06-10 11:58:57,40.768302,73.9962° W,40.771936,-73.993844,59,2
RIDE_004224,SCOOT_0054,USER_00657,06/02/2026 4:39 PM,06/02/2026 5:07 PM,40.716462,-74.000944,40.717715,-73.996501,2,2
RIDE_004225,SCOOT_0225,USER_01128,1781645230,06/16/2026 10:07 PM,40.7137° N,-74.013181,40.713633,-74.013253,48,4
RIDE_004226,SCOOT_0062,USER_00857,1780933889,06/08/2026 4:08 PM,40.7107° N,-73.999472,40.711611,-73.999188,18,4
RIDE_004227,SCOOT_0214,USER_00704,06/14/2026 6:14 AM,06/14/2026 6:30 AM,40.7083,-73.928403,40.70487,-73.930938,81,2
RIDE_004228,SCOOT_0043,USER_01376,2026-06-11 18:23:02,1781202602,40.702989,-73.939852,40.703725,-73.941248,18,1
RIDE_004229,SCOOT_0023,USER_00565,06/27/2026 8:03 PM,1782591259,40.7106° N,-74.0054,40.709135,-74.0045,42,2
RIDE_004230,SCOOT_0175,USER_00827,1782570705,2026-06-27 15:04:45,40.7707,-73.9722,40.773328,-73.968902,29,1
RIDE_004231,SCOOT_0133,USER_01112,06/10/2026 6:27 PM,1781117085,40.7139,74.0066° W,40.711615,-74.007808,25,5
RIDE_004232,SCOOT_0240,USER_00130,06/30/2026 8:37 AM,2026-06-30 8:55:17,40.710705,74.0031° W,40.711746,-74.000983,ERROR,5
RIDE_004233,SCOOT_0024,USER_00956,1781359131,2026-06-13 14:13:51,40.707393,-73.906565,40.706112,-73.909865,71,5
RIDE_004234,SCOOT_0069,USER_00754,1780284537,1780286637,40.711,-73.9961,40.70988,-73.99704,63,1
RIDE_004235,SCOOT_0156,USER_00546,1780554582,1780555122,40.726758,-73.9382,40.724413,-73.937743,74,5
RIDE_004236,SCOOT_0232,USER_00212,06/23/2026 12:26 PM,06/23/2026 1:09 PM,40.717102,74.0047° W,40.713769,-74.005776,20%,4
RIDE_004237,SCOOT_0175,USER_00780,2026-06-04 17:40:36,1780595436,40.7374° N,-73.984641,40.741361,-73.985088,81,4
RIDE_004238,SCOOT_0198,USER_00638,2026-06-12 22:31:30,1781304330,40.712447,-73.9989,40.715076,-73.997167,58,
RIDE_004239,SCOOT_0163,USER_00274,1780905269,1780907969,40.8006° N,-73.967804,40.794603,-73.965306,9%,
RIDE_004240,SCOOT_0323,USER_00526,1781934793,1781936653,40.7166,73.9767° W,40.711419,-73.97806,54%,4
RIDE_004241,SCOOT_0040,USER_00083,1780623821,2026-06-05 2:26:41,40.7507,-74.0009,40.749678,-73.997805,32,
RIDE_004242,SCOOT_0214,USER_01096,06/20/2026 4:10 AM,2026-06-20 4:14:37,40.674921,74.0336° W,40.672024,-74.034166,75,4
RIDE_004243,SCOOT_0118,USER_01175,2026-06-26 14:34:54,1782485994,40.714095,-74.009986,40.71016,-74.00851,18%,5
RIDE_004244,SCOOT_0307,USER_01486,06/29/2026 6:39 AM,2026-06-29 7:20:01,40.717292,-74.006316,40.71592,-74.005849,3,4
RIDE_004245,SCOOT_0121,USER_00150,2026-06-23 15:51:49,2026-06-23 16:16:49,40.70721,74.0039° W,40.699625,-74.007149,73,2
RIDE_004246,SCOOT_0018,USER_01490,2026-06-06 23:53:27,06/07/2026 12:14 AM,40.7094° N,74.0054° W,40.709977,-74.003488,9,4
RIDE_004247,SCOOT_0143,USER_00930,06/17/2026 9:39 AM,2026-06-17 10:11:41,40.763152,74.0115° W,40.767493,-74.007699,82%,3
RIDE_004248,SCOOT_0359,USER_00538,06/26/2026 10:59 AM,06/26/2026 11:36 AM,40.7078° N,74.0047° W,40.705981,-74.004253,39%,1
RIDE_004249,SCOOT_0104,USER_01187,2026-06-06 4:17:53,1780722053,40.717013,-73.99748,40.719267,-73.996595,62%,
RIDE_004250,SCOOT_0166,USER_00541,06/03/2026 9:49 AM,1780481185,40.7060° N,-74.002357,40.710083,-74.002491,28,3
RIDE_004251,SCOOT_0327,USER_01367,1781305954,1781306674,40.682778,-74.0204,40.684317,-74.019652,53,4
RIDE_004252,SCOOT_0366,USER_00981,06/07/2026 2:11 AM,2026-06-07 2:53:40,40.7702° N,73.9507° W,40.768917,-73.951084,72,1
RIDE_004253,SCOOT_0043,USER_01045,06/11/2026 7:43 AM,1781166140,40.7127° N,74.0074° W,40.713441,-74.003949,21,5
RIDE_004254,SCOOT_0261,USER_00244,2026-06-27 7:40:25,06/27/2026 8:03 AM,40.70823,-74.004,40.708747,-74.003585,47,
RIDE_004255,SCOOT_0362,USER_00805,2026-06-12 3:25:10,1781235190,40.716287,74.0058° W,40.717728,-74.003655,21%,
RIDE_004256,SCOOT_0043,USER_01453,2026-06-30 5:54:01,1782800761,40.7027,-74,40.70196,-74.000414,47,3
RIDE_004257,SCOOT_0146,USER_00684,2026-06-28 9:46:39,2026-06-28 10:26:39,40.754959,-73.968178,40.755204,-73.966995,70,3
RIDE_004258,SCOOT_0105,USER_00162,2026-06-26 0:07:12,2026-06-26 0:15:12,40.7127° N,74.0124° W,40.712824,-74.012226,65,1
RIDE_004259,SCOOT_0078,USER_01459,2026-06-05 1:57:14,06/05/2026 2:22 AM,40.7355° N,-73.947075,40.731866,-73.945201,low,2
RIDE_004260,SCOOT_0104,USER_01427,06/02/2026 6:00 AM,1780381336,40.7776° N,-73.967775,40.776783,-73.967793,88,5
RIDE_004261,SCOOT_0250,USER_00454,1781761627,06/18/2026 6:25 AM,40.711003,-74.0099,40.712424,-74.011682,77%,4
RIDE_004262,SCOOT_0097,USER_00107,06/11/2026 10:41 AM,1781176887,40.716079,-73.997791,40.714319,-74.001402,12,3
RIDE_004263,SCOOT_0244,USER_01300,1780552406,2026-06-04 6:17:26,40.7225° N,-74.008111,40.724375,-74.002293,60%,
RIDE_004264,SCOOT_0387,USER_01430,2026-06-11 15:49:34,2026-06-11 16:11:34,40.71596,-74.007202,40.715758,-74.0097,94,3
RIDE_004265,SCOOT_0163,USER_00002,06/16/2026 6:34 AM,1781591904,40.779034,-73.966275,40.777491,-73.969401,N/A,3
RIDE_004266,SCOOT_0258,USER_00578,06/05/2026 2:06 PM,06/05/2026 2:47 PM,40.707515,-74.002054,40.707876,-74.001409,60,5
RIDE_004267,SCOOT_0297,USER_01083,1782507789,2026-06-26 21:42:09,40.7095° N,-74.011854,40.712396,-74.011728,ERROR,5
RIDE_004268,SCOOT_0017,USER_00644,1780284839,1780285079,40.7164,74.0075° W,40.715718,-74.005404,37,2
RIDE_004269,SCOOT_0236,USER_01307,2026-06-06 7:41:36,1780733496,40.715729,-74.0028,40.714844,-74.000966,low,1
RIDE_004270,SCOOT_0003,USER_00907,2026-06-06 18:04:50,1780770230,40.7706,73.9878° W,40.769042,-73.983767,24,3
RIDE_004271,SCOOT_0396,USER_01224,06/19/2026 10:20 PM,06/19/2026 10:37 PM,40.77,-73.95861,40.769836,-73.964135,48,3
RIDE_004272,SCOOT_0054,USER_00534,1780319026,06/01/2026 1:22 PM,40.717314,-74.017031,40.711362,-74.015449,14,4
RIDE_004273,SCOOT_0303,USER_00235,1780339139,1780341299,40.711041,74.0008° W,40.711485,-74.008346,76,2
RIDE_004274,SCOOT_0354,USER_00483,2026-06-30 23:30:46,2026-06-30 23:45:46,40.7146° N,-73.983005,40.714503,-73.982943,90,4
RIDE_004275,SCOOT_0155,USER_00284,2026-06-08 0:25:02,1780880822,40.7104° N,-73.988578,40.704743,-73.981989,low,5
RIDE_004276,SCOOT_0285,USER_00704,2026-06-15 13:50:14,06/15/2026 2:24 PM,40.807116,-73.996899,40.806081,-73.997607,ERROR,4
RIDE_004277,SCOOT_0301,USER_00761,06/27/2026 3:15 PM,2026-06-27 15:31:40,40.779577,-74.0287,40.77808,-74.033967,52,3
RIDE_004278,SCOOT_0375,USER_00418,06/29/2026 5:02 AM,06/29/2026 5:24 AM,40.71166,-74.00789,40.711899,-74.009705,53,3
RIDE_004279,SCOOT_0293,USER_01366,1780746552,2026-06-06 11:57:12,40.7098° N,-74.0035,40.71116,-74.001867,26%,3
RIDE_004280,SCOOT_0048,USER_00642,2026-06-25 2:27:43,1782355663,40.712092,-74.008287,40.711736,-74.006783,40,5
RIDE_004281,SCOOT_0132,USER_00660,1782148668,2026-06-22 17:56:48,40.656964,73.9801° W,40.657892,-73.979931,95,
RIDE_004282,SCOOT_0330,USER_00744,1782502651,1782503371,40.712203,-74.016264,40.710883,-74.010896,75,5
RIDE_004283,SCOOT_0323,USER_00653,2026-06-15 9:48:07,2026-06-15 10:03:07,40.6895° N,74.0506° W,40.689509,-74.049581,23,1
RIDE_004284,SCOOT_0359,USER_00238,06/27/2026 10:38 AM,1782558382,40.713676,73.9926° W,40.714951,-73.987548,59,1
RIDE_004285,SCOOT_0226,USER_00738,06/24/2026 7:03 PM,06/24/2026 7:47 PM,40.7685° N,-73.938894,40.766555,-73.933865,N/A,5
RIDE_004286,SCOOT_0257,USER_00095,1782610933,2026-06-28 2:20:13,40.709637,-74.004586,40.711835,-74.006118,ERROR,5
RIDE_004287,SCOOT_0317,USER_00607,1780690623,2026-06-05 20:39:03,40.713152,-74.002358,40.711021,-73.99735,49,3
RIDE_004288,SCOOT_0389,USER_00884,2026-06-04 10:40:46,2026-06-04 11:12:46,40.661508,-74.0057,40.664512,-74.005975,22%,1
RIDE_004289,SCOOT_0216,USER_01307,06/01/2026 7:39 PM,2026-06-01 19:50:21,40.7112° N,-74.008028,40.710782,-74.008174,77%,1
RIDE_004290,SCOOT_0205,USER_01277,2026-06-16 20:06:26,2026-06-16 20:17:26,40.731205,-73.969427,40.731803,-73.971964,22,five star
RIDE_004291,SCOOT_0071,USER_00549,1780298843,1780300223,40.7197° N,-73.938862,40.716595,-73.942399,19,3
RIDE_004292,SCOOT_0344,USER_00337,06/03/2026 2:16 PM,06/03/2026 2:22 PM,40.790843,73.9619° W,40.788343,-73.959498,77%,2
RIDE_004293,SCOOT_0024,USER_01042,1780815507,2026-06-07 7:09:27,40.7081° N,-74.0104,40.705677,-74.005421,75,1
RIDE_004294,SCOOT_0042,USER_00533,1782185095,1782187195,40.707742,-74.054834,40.711373,-74.055753,N/A,2
RIDE_004295,SCOOT_0085,USER_00359,2026-06-12 13:00:16,06/12/2026 1:22 PM,40.7054° N,-74.0073,40.706965,-74.006055,ERROR,3
RIDE_004296,SCOOT_0138,USER_00456,2026-06-22 12:29:48,2026-06-22 13:11:48,40.819068,-73.9883,40.819208,-73.990354,7,4
RIDE_004297,SCOOT_0248,USER_00745,1780624205,1780624565,40.717556,73.9680° W,40.718946,-73.967138,32,4
RIDE_004298,SCOOT_0257,USER_00434,1781701026,1781703426,40.7916,-73.984909,40.788619,-73.984797,29,2
RIDE_004299,SCOOT_0224,USER_01217,06/16/2026 9:28 PM,1781645609,40.7174° N,-73.9996,40.719831,-73.99948,87,
RIDE_004300,SCOOT_0237,USER_01241,2026-06-24 10:32:18,06/24/2026 11:04 AM,40.713879,74.0060° W,40.710801,-74.00588,20,1
RIDE_004301,SCOOT_0219,USER_00238,2026-06-21 14:35:35,06/21/2026 2:47 PM,40.7075° N,-74.006496,40.712369,-74.004028,18,3
RIDE_004302,SCOOT_0327,USER_00677,2026-06-28 16:22:45,2026-06-28 16:40:45,40.7646,73.9726° W,40.762134,-73.972836,LOW,three
RIDE_004303,SCOOT_0311,USER_01041,06/11/2026 2:15 PM,06/11/2026 2:47 PM,40.710022,-74.03144,40.717475,-74.027862,39%,5
RIDE_004304,SCOOT_0085,USER_00587,06/19/2026 1:32 AM,06/19/2026 2:06 AM,40.7102,73.9953° W,40.709573,-73.99864,31,
RIDE_004305,SCOOT_0062,USER_00656,1782421045,2026-06-25 21:08:25,40.718,74.0020° W,40.7173,-74.001142,16,4
RIDE_004306,SCOOT_0138,USER_00422,06/23/2026 11:23 AM,2026-06-23 11:27:43,40.7554° N,-73.918273,40.751029,-73.917542,LOW,3
RIDE_004307,SCOOT_0321,USER_01118,2026-06-04 9:04:34,1780565734,40.754647,73.9632° W,40.75774,-73.959284,35,5
RIDE_004308,SCOOT_0269,USER_00080,06/04/2026 10:26 PM,1780614218,40.739042,-73.993282,40.742384,-73.995057,75,2
RIDE_004309,SCOOT_0020,USER_00860,1781990989,1781991709,40.7002° N,-73.924548,40.69853,-73.919179,74,
RIDE_004310,SCOOT_0387,USER_00528,06/06/2026 1:08 AM,1780709293,40.789,73.9680° W,40.787916,-73.963222,50,5
RIDE_004311,SCOOT_0301,USER_00132,06/18/2026 2:18 PM,1781794281,40.7142,74.0076° W,40.711852,-74.007854,33,3
RIDE_004312,SCOOT_0008,USER_00210,2026-06-04 19:52:07,2026-06-04 20:17:07,40.708889,74.0019° W,40.703464,-74.002303,43,2
RIDE_004313,SCOOT_0249,USER_01416,06/17/2026 1:41 AM,2026-06-17 2:17:30,40.773603,-73.970758,40.771451,-73.968777,61%,2
RIDE_004314,SCOOT_0359,USER_00546,06/30/2026 1:33 PM,1782827182,40.709256,-74.0061,40.711211,-74.004701,low,1
RIDE_004315,SCOOT_0226,USER_00955,1780914441,2026-06-08 10:34:21,40.692599,-73.98485,40.692859,-73.982621,75,4
RIDE_004316,SCOOT_0147,USER_00125,06/04/2026 11:47 PM,06/05/2026 12:26 AM,40.7198° N,-74.02215,40.723142,-74.021572,94,4
RIDE_004317,SCOOT_0388,USER_00821,1781963536,06/20/2026 2:29 PM,40.715976,74.0051° W,40.712348,-74.004237,13,3
RIDE_004318,SCOOT_0002,USER_01114,2026-06-26 5:45:47,06/26/2026 6:27 AM,40.7138° N,-74.003665,40.713441,-74.005949,31,5
RIDE_004319,SCOOT_0376,USER_00837,2026-06-30 2:20:37,1782786517,40.76153,-74.011965,40.765907,-74.01266,67,2
RIDE_004320,SCOOT_0264,USER_00182,06/07/2026 5:21 PM,06/07/2026 6:04 PM,40.7138° N,-74.003766,40.715554,-74.007993,41,
RIDE_004321,SCOOT_0394,USER_00580,2026-06-20 7:14:25,1781940685,40.729282,-73.999937,40.727376,-74.002186,85,3
RIDE_004322,SCOOT_0234,USER_00639,1782840804,1782841584,40.776419,73.9972° W,40.781586,-73.992716,94,1
RIDE_004323,SCOOT_0220,USER_01248,06/01/2026 2:51 PM,06/01/2026 3:19 PM,40.792134,-73.9757,40.791543,-73.973394,49%,2
RIDE_004324,SCOOT_0253,USER_01061,1781762466,2026-06-18 6:16:06,40.7932,73.9969° W,40.789804,-73.992265,27,5
RIDE_004325,SCOOT_0058,USER_00749,2026-06-28 17:58:36,06/28/2026 6:37 PM,40.705651,-74.01,40.704911,-74.014715,ERROR,5
RIDE_004326,SCOOT_0163,USER_00859,1781457885,06/14/2026 5:31 PM,40.717249,-74.002572,40.715524,-73.998734,14,2
RIDE_004327,SCOOT_0086,USER_00727,06/05/2026 6:28 PM,2026-06-05 18:49:37,40.718597,-74.0065,40.717245,-73.999674,4,1
RIDE_004328,SCOOT_0247,USER_01266,2026-06-29 4:49:46,2026-06-29 4:55:46,40.7157,-74.004975,40.719775,-74.004069,84,three
RIDE_004329,SCOOT_0313,USER_00443,06/13/2026 11:58 PM,2026-06-14 0:27:33,40.773,-73.969597,40.776104,-73.975573,35%,
RIDE_004330,SCOOT_0366,USER_01220,06/29/2026 5:18 PM,1782755034,40.7116° N,-74.0005,40.710112,-73.995829,15,1
RIDE_004331,SCOOT_0180,USER_00512,06/24/2026 1:51 PM,1782311151,40.786295,-73.986811,40.784589,-73.987673,35,4
RIDE_004332,SCOOT_0110,USER_01422,06/26/2026 6:40 PM,2026-06-26 19:04:18,40.7235,-73.998502,40.723835,-74.000327,45,5
RIDE_004333,SCOOT_0242,USER_01493,06/09/2026 1:59 AM,1780970884,40.713268,74.0050° W,40.709538,-74.004785,ERROR,3
RIDE_004334,SCOOT_0087,USER_00764,2026-06-22 11:40:58,06/22/2026 11:46 AM,40.7181,-74.0132,40.720569,-74.009073,98%,4
RIDE_004335,SCOOT_0241,USER_00902,06/09/2026 10:23 AM,2026-06-09 11:02:33,40.750189,73.9437° W,40.748118,-73.942393,43,4
RIDE_004336,SCOOT_0003,USER_00821,06/05/2026 8:39 AM,06/05/2026 9:21 AM,40.7116° N,-74.0072,40.709721,-74.005132,11,5
RIDE_004337,SCOOT_0087,USER_01265,1781418926,2026-06-14 7:03:26,40.7175° N,-73.9893,40.713396,-73.988079,ERROR,2
RIDE_004338,SCOOT_0305,USER_00164,06/24/2026 4:03 AM,2026-06-24 4:37:16,40.714488,74.0069° W,40.72009,-74.011559,39,2
RIDE_004339,SCOOT_0065,USER_01102,2026-06-30 22:15:43,1782859303,40.7039° N,-74.008923,40.706062,-74.012091,82,2
RIDE_004340,SCOOT_0262,USER_01300,2026-06-08 11:56:33,1780921473,40.708876,-74.002196,40.710264,-74.001065,85,3
RIDE_004341,SCOOT_0118,USER_00691,1781333622,06/13/2026 7:22 AM,40.764529,-73.9765,40.763392,-73.974075,85,3
RIDE_004342,SCOOT_0168,USER_00814,2026-06-22 3:49:10,06/22/2026 4:23 AM,40.70742,-74.0146,40.706121,-74.011778,5,3
RIDE_004343,SCOOT_0310,USER_00997,06/07/2026 11:29 PM,06/07/2026 11:36 PM,40.694311,74.0274° W,40.688262,-74.026408,7,5
RIDE_004344,SCOOT_0264,USER_01301,1781266310,06/12/2026 12:46 PM,40.7437° N,-73.9622,40.746263,-73.962551,LOW,4
RIDE_004345,SCOOT_0100,USER_00371,2026-06-02 22:42:54,06/02/2026 11:10 PM,40.7251° N,-74.014709,40.729193,-74.015891,83,4
RIDE_004346,SCOOT_0021,USER_01067,1780507021,2026-06-03 18:00:01,40.716557,-73.9785,40.717389,-73.975427,ERROR,
RIDE_004347,SCOOT_0086,USER_00956,1782429187,06/25/2026 11:37 PM,40.783339,73.9396° W,40.780443,-73.936172,37,2
RIDE_004348,SCOOT_0197,USER_00332,1782220663,1782221983,40.714365,-74.008618,40.713729,-74.010748,7,3
RIDE_004349,SCOOT_0167,USER_00522,06/13/2026 2:35 PM,1781363873,40.758742,-74.0001,40.755658,-73.998656,4%,
RIDE_004350,SCOOT_0083,USER_00489,1781340016,1781340556,40.701775,-74.0483,40.705878,-74.049033,40,2
RIDE_004351,SCOOT_0184,USER_00585,2026-06-16 12:11:13,06/16/2026 12:35 PM,40.7428° N,-73.95479,40.742447,-73.954536,34%,2
RIDE_004352,SCOOT_0107,USER_00530,1781696958,1781699298,40.698491,-73.967666,40.69301,-73.971329,ERROR,3
RIDE_004353,SCOOT_0086,USER_00857,2026-06-16 22:13:45,2026-06-16 22:44:45,40.731294,-74.006352,40.729647,-74.007811,6,
RIDE_004354,SCOOT_0201,USER_00295,06/13/2026 2:54 PM,06/13/2026 3:02 PM,40.761686,-73.981252,40.755982,-73.981002,91%,1
RIDE_004355,SCOOT_0069,USER_01176,2026-06-16 17:42:15,1781633475,40.7141° N,-74.0073,40.71389,-74.006743,8,2
RIDE_004356,SCOOT_0382,USER_00808,06/04/2026 1:09 PM,1780579489,40.7159,-74.0123,40.715125,-74.007775,76,4
RIDE_004357,SCOOT_0385,USER_00972,2026-06-30 4:13:57,1782794457,40.718467,-74.002596,40.720077,-73.997632,86,
RIDE_004358,SCOOT_0381,USER_00663,2026-06-29 1:37:04,2026-06-29 1:47:04,40.727557,-74.0471,40.724649,-74.047892,N/A,4
RIDE_004359,SCOOT_0256,USER_00773,2026-06-01 16:35:38,2026-06-01 17:13:38,40.792534,-73.966587,40.791122,-73.970825,88,5
RIDE_004360,SCOOT_0288,USER_00837,06/06/2026 3:45 AM,1780719547,40.7133,-74.010811,40.712973,-74.016661,39,three
RIDE_004361,SCOOT_0228,USER_01084,2026-06-23 13:59:57,1782225357,40.7613° N,-73.943553,40.760101,-73.943958,25,2
RIDE_004362,SCOOT_0035,USER_00290,1781313012,1781313792,40.6859° N,-74.040882,40.685817,-74.038577,47,1
RIDE_004363,SCOOT_0296,USER_00749,1780531007,2026-06-04 0:37:47,40.7252° N,74.0043° W,40.724233,-74.001577,42,3
RIDE_004364,SCOOT_0348,USER_01357,06/08/2026 12:16 AM,06/08/2026 12:24 AM,40.677667,-74.048214,40.678346,-74.046725,N/A,3
RIDE_004365,SCOOT_0001,USER_01294,2026-06-19 20:39:56,1781902136,40.709911,-74.008315,40.70763,-74.010915,65,4
RIDE_004366,SCOOT_0209,USER_01109,2026-06-15 2:39:06,2026-06-15 2:57:06,40.71997,-74.03241,40.719173,-74.035126,LOW,
RIDE_004367,SCOOT_0363,USER_00888,2026-06-16 22:09:50,1781649770,40.706979,74.0025° W,40.705419,-74.001954,23,3
RIDE_004368,SCOOT_0178,USER_00784,2026-06-23 18:49:52,2026-06-23 19:16:52,40.6826° N,-74.020839,40.684907,-74.013077,13,1
RIDE_004369,SCOOT_0129,USER_01392,2026-06-16 7:49:15,1781598615,40.6610° N,73.9920° W,40.662213,-73.99387,60,4
RIDE_004370,SCOOT_0342,USER_01352,2026-06-17 23:31:28,1781741128,40.7162,-74.0095,40.71666,-74.011033,25,5
RIDE_004371,SCOOT_0201,USER_00266,06/29/2026 12:09 PM,2026-06-29 12:17:09,40.785789,-73.991127,40.784733,-73.98829,26,4
RIDE_004372,SCOOT_0391,USER_00331,2026-06-15 9:03:12,2026-06-15 9:16:12,40.7087,-74.005725,40.70322,-74.008989,20%,4
RIDE_004373,SCOOT_0002,USER_00147,1782621511,2026-06-28 5:02:31,40.714329,-74.009963,40.712695,-74.008484,low,2
RIDE_004374,SCOOT_0278,USER_00646,1781017049,1781018189,40.749816,-73.961143,40.750463,-73.959836,42%,1
RIDE_004375,SCOOT_0112,USER_00074,06/23/2026 6:01 AM,1782194845,40.7178,-74.004721,40.72238,-74.001987,N/A,2
RIDE_004376,SCOOT_0374,USER_01084,06/12/2026 1:34 AM,1781230465,40.69,-73.962137,40.690823,-73.963321,53%,1
RIDE_004377,SCOOT_0181,USER_00958,06/30/2026 5:30 PM,2026-06-30 17:58:11,40.7545° N,-73.945753,40.755833,-73.940286,60,5
RIDE_004378,SCOOT_0067,USER_01450,2026-06-11 13:20:00,2026-06-11 13:50:00,40.710931,-74.034037,40.707852,-74.034576,78,3
RIDE_004379,SCOOT_0053,USER_00563,1781453032,1781454352,40.714233,-73.992067,40.716145,-73.991559,46,5
RIDE_004380,SCOOT_0319,USER_00452,2026-06-20 19:56:02,1781987222,40.7133° N,74.0031° W,40.710706,-73.998032,59%,4
RIDE_004381,SCOOT_0174,USER_01310,06/04/2026 6:26 AM,06/04/2026 6:45 AM,40.7046° N,-74.000178,40.704476,-73.997171,30,4
RIDE_004382,SCOOT_0164,USER_01099,06/12/2026 7:25 AM,1781250109,40.7379,73.9283° W,40.73954,-73.925852,100,4
RIDE_004383,SCOOT_0177,USER_01385,1781289152,2026-06-12 18:44:32,40.6995,73.9881° W,40.69627,-73.98812,80,1
RIDE_004384,SCOOT_0327,USER_00260,06/21/2026 8:10 PM,1782074983,40.7651° N,-73.9658,40.766502,-73.96698,LOW,3
RIDE_004385,SCOOT_0396,USER_00724,06/19/2026 7:04 PM,06/19/2026 7:19 PM,40.801034,-73.984587,40.806288,-73.984841,13,3
RIDE_004386,SCOOT_0045,USER_00763,1781235097,06/12/2026 3:36 AM,40.658407,-74.068394,40.658538,-74.067974,78,1
RIDE_004387,SCOOT_0213,USER_01039,06/18/2026 7:12 PM,1781812434,40.720679,-74.010154,40.720797,-74.013332,2,2
RIDE_004388,SCOOT_0399,USER_00198,06/07/2026 11:21 PM,06/07/2026 11:31 PM,40.710829,-73.999264,40.70742,-73.997503,82,1
RIDE_004389,SCOOT_0310,USER_00610,06/13/2026 10:45 PM,2026-06-13 23:18:18,40.7563° N,-73.9862,40.757816,-73.989663,17,1
RIDE_004390,SCOOT_0065,USER_00697,1782231455,06/23/2026 4:25 PM,40.781526,73.9472° W,40.781668,-73.939934,90,2
RIDE_004391,SCOOT_0167,USER_00840,1781529500,2026-06-15 14:00:20,40.750019,-73.9775,40.754315,-73.978868,66,1
RIDE_004392,SCOOT_0037,USER_01076,06/23/2026 9:08 AM,1782206694,40.730369,-74.017734,40.736551,-74.019321,51%,1
RIDE_004393,SCOOT_0186,USER_01269,06/23/2026 2:03 PM,06/23/2026 2:35 PM,40.7543,-74.007755,40.75713,-74.0101,41,3
RIDE_004394,SCOOT_0121,USER_00733,1780804719,2026-06-07 4:36:39,40.710835,-74.004802,40.707643,-74.005338,ERROR,1
RIDE_004395,SCOOT_0355,USER_00267,2026-06-21 0:46:40,1782004240,40.718409,74.0043° W,40.7188,-74.003642,84,4
RIDE_004396,SCOOT_0284,USER_01332,06/21/2026 9:22 PM,2026-06-21 21:42:58,40.711243,-73.998,40.708807,-73.997383,low,3
RIDE_004397,SCOOT_0028,USER_00363,1780333409,1780334069,40.7854° N,-73.951025,40.78871,-73.951121,N/A,3
RIDE_004398,SCOOT_0230,USER_01210,1780638783,2026-06-05 6:24:03,40.7119° N,-74.002229,40.705097,-74.006996,63,1
RIDE_004399,SCOOT_0376,USER_00016,1780827588,2026-06-07 10:38:48,40.7493,-73.988832,40.745701,-73.986583,39,1
RIDE_004400,SCOOT_0086,USER_00680,2026-06-28 20:16:04,2026-06-28 20:31:04,40.712808,74.0069° W,40.70904,-74.006992,88,3
RIDE_004401,SCOOT_0268,USER_00859,2026-06-15 12:35:32,1781528132,40.702293,74.0067° W,40.702483,-74.005926,59%,three
RIDE_004402,SCOOT_0230,USER_00914,2026-06-17 22:31:32,1781737592,40.6993,-73.9307,40.696194,-73.933141,4,2
RIDE_004403,SCOOT_0352,USER_01459,2026-06-09 23:42:13,06/10/2026 12:10 AM,40.762759,-73.945418,40.762913,-73.947869,LOW,4
RIDE_004404,SCOOT_0157,USER_00026,1781611904,1781612564,40.7136,74.0022° W,40.715418,-73.994015,LOW,
RIDE_004405,SCOOT_0155,USER_00764,2026-06-21 5:28:20,1782020660,40.674893,-74.039455,40.67954,-74.034997,62,5
RIDE_004406,SCOOT_0328,USER_00387,2026-06-30 7:39:10,2026-06-30 8:04:10,40.7094° N,-73.985767,40.713852,-73.977095,49,3
RIDE_004407,SCOOT_0113,USER_01454,06/14/2026 12:20 PM,2026-06-14 12:55:10,40.715615,74.0075° W,40.712588,-74.000815,42,1
RIDE_004408,SCOOT_0278,USER_00429,2026-06-21 11:16:17,2026-06-21 11:37:17,40.775975,-73.994561,40.775365,-73.993631,41,2
RIDE_004409,SCOOT_0042,USER_00200,2026-06-03 18:19:52,1780513432,40.716976,-74.026792,40.715134,-74.031751,66,5
RIDE_004410,SCOOT_0037,USER_01382,2026-06-11 9:27:05,06/11/2026 9:37 AM,40.716959,-74.007366,40.718358,-74.0031,34,1
RIDE_004411,SCOOT_0306,USER_00036,06/30/2026 9:29 AM,2026-06-30 9:34:24,40.710497,-74.011059,40.711079,-74.01087,ERROR,3
RIDE_004412,SCOOT_0167,USER_00865,2026-06-15 12:58:42,2026-06-15 13:15:42,40.7178,-74.004757,40.716151,-74.001613,28,5
RIDE_004413,SCOOT_0176,USER_01163,06/28/2026 12:02 PM,2026-06-28 12:11:27,40.7177,-74.011353,40.72232,-74.010259,39,1
RIDE_004414,SCOOT_0133,USER_00200,06/14/2026 4:17 PM,06/14/2026 4:46 PM,40.767065,73.9575° W,40.765364,-73.954605,28,3
RIDE_004415,SCOOT_0147,USER_01317,06/10/2026 1:54 PM,1781101695,40.698564,74.0383° W,40.695571,-74.036598,22,1
RIDE_004416,SCOOT_0353,USER_01351,06/20/2026 8:08 AM,06/20/2026 8:41 AM,40.7425° N,-73.945398,40.746058,-73.941398,98,4
RIDE_004417,SCOOT_0033,USER_01090,1781709687,06/17/2026 3:52 PM,40.6917,-74.0393,40.688114,-74.036355,low,2
RIDE_004418,SCOOT_0367,USER_00957,1780457530,06/03/2026 4:00 AM,40.6968,-74.033154,40.701862,-74.034972,86%,
RIDE_004419,SCOOT_0034,USER_01194,1782093854,06/22/2026 2:14 AM,40.712295,-74.0047,40.709489,-74.005256,97,5
RIDE_004420,SCOOT_0087,USER_00800,1782508783,06/26/2026 9:59 PM,40.7148° N,74.0073° W,40.718699,-74.011834,16,3
RIDE_004421,SCOOT_0290,USER_01318,06/03/2026 11:20 AM,2026-06-03 11:31:29,40.717291,-74.0034,40.715585,-74.006128,68,5
RIDE_004422,SCOOT_0019,USER_00061,2026-06-25 7:57:40,1782376900,40.707294,73.9839° W,40.710436,-73.984072,12,1
RIDE_004423,SCOOT_0295,USER_01488,06/10/2026 11:31 PM,1781136670,40.71246,-74.0569,40.714581,-74.05905,81,5
RIDE_004424,SCOOT_0028,USER_00550,1782515848,2026-06-26 23:49:28,40.6868° N,-74.010943,40.684794,-74.015571,71,4
RIDE_004425,SCOOT_0082,USER_00456,1782794547,06/30/2026 5:22 AM,40.7121,-74.005574,40.715876,-74.002764,50%,5
RIDE_004426,SCOOT_0145,USER_01062,1782651973,06/28/2026 1:45 PM,40.713599,-74.0301,40.714597,-74.03378,69%,4
RIDE_004427,SCOOT_0362,USER_00803,2026-06-23 10:17:02,2026-06-23 10:24:02,40.760997,-73.973564,40.76537,-73.971505,27,1
RIDE_004428,SCOOT_0274,USER_00972,2026-06-05 16:53:17,2026-06-05 17:05:17,40.7178,-74.010128,40.716782,-74.00884,32,5
RIDE_004429,SCOOT_0379,USER_00108,1780400385,2026-06-02 12:12:45,40.7174° N,-74.006581,40.717196,-74.004519,39%,1
RIDE_004430,SCOOT_0063,USER_00891,06/19/2026 3:40 PM,06/19/2026 3:59 PM,40.666683,-74.0124,40.664045,-74.018108,81,1
RIDE_004431,SCOOT_0317,USER_00923,1782487406,06/26/2026 3:58 PM,40.7128,-73.999206,40.7146,-73.996953,30%,3
RIDE_004432,SCOOT_0127,USER_01110,2026-06-25 12:14:11,06/25/2026 12:30 PM,40.749228,73.9887° W,40.744593,-73.995526,17%,1
RIDE_004433,SCOOT_0103,USER_00921,1782829645,1782830245,40.787025,-73.944949,40.788058,-73.943078,low,5
RIDE_004434,SCOOT_0060,USER_01414,2026-06-24 19:05:45,2026-06-24 19:08:45,40.814774,-73.964625,40.814406,-73.96708,59,4
RIDE_004435,SCOOT_0362,USER_01131,2026-06-05 1:25:52,06/05/2026 1:44 AM,40.801844,-73.967069,40.799013,-73.970583,97,2
RIDE_004436,SCOOT_0050,USER_00117,1782101257,1782102217,40.7379,-74.026749,40.743423,-74.035018,37,2
RIDE_004437,SCOOT_0371,USER_00095,06/08/2026 5:54 PM,2026-06-08 18:35:58,40.728952,73.9783° W,40.729308,-73.978788,92,4
RIDE_004438,SCOOT_0363,USER_00711,2026-06-30 3:22:06,06/30/2026 3:36 AM,40.7204° N,-74.0032,40.717653,-74.008328,95%,4
RIDE_004439,SCOOT_0008,USER_00586,2026-06-20 0:14:56,1781914976,40.7135° N,74.0060° W,40.70895,-74.00617,9,4
RIDE_004440,SCOOT_0042,USER_00463,1781198167,2026-06-11 17:36:07,40.7374° N,-73.967814,40.739599,-73.963336,82,
RIDE_004441,SCOOT_0115,USER_00180,1781933970,06/20/2026 6:16 AM,40.716436,-74.008886,40.717542,-74.008696,19,5
RIDE_004442,SCOOT_0360,USER_00829,1780948734,06/08/2026 8:01 PM,40.704,-73.9272,40.709527,-73.927138,96%,2
RIDE_004443,SCOOT_0275,USER_00221,1780484013,2026-06-03 10:59:33,40.706423,-74.005879,40.702782,-74.003288,LOW,3
RIDE_004444,SCOOT_0033,USER_01271,06/17/2026 4:02 AM,1781671616,40.7149° N,74.0067° W,40.713906,-74.00732,75,2
RIDE_004445,SCOOT_0349,USER_01146,1781634137,06/16/2026 7:02 PM,40.7616° N,73.9930° W,40.757402,-73.989629,9,1
RIDE_004446,SCOOT_0154,USER_00901,2026-06-20 18:51:18,2026-06-20 18:58:18,40.7754° N,73.9679° W,40.776248,-73.966893,87,4
RIDE_004447,SCOOT_0129,USER_00311,1781685465,2026-06-17 8:42:45,40.708105,-74.012703,40.706339,-74.011516,40,3
RIDE_004448,SCOOT_0023,USER_00319,2026-06-11 9:02:06,1781170566,40.709888,-74.00742,40.71627,-74.012956,34,4
RIDE_004449,SCOOT_0329,USER_00492,2026-06-07 21:15:14,06/07/2026 9:26 PM,40.715499,-73.8973,40.715366,-73.899386,12%,
RIDE_004450,SCOOT_0074,USER_00714,1782336894,2026-06-24 22:05:54,40.736175,-74.004895,40.73513,-74.004318,20%,3
RIDE_004451,SCOOT_0240,USER_00959,2026-06-02 11:43:28,1780403068,40.7174° N,-73.95555,40.717097,-73.958583,37%,5
RIDE_004452,SCOOT_0155,USER_00349,1782488612,1782490832,40.7582° N,-73.978412,40.760773,-73.975028,54,five star
RIDE_004453,SCOOT_0370,USER_00060,1782422501,06/25/2026 9:55 PM,40.711177,-74.004002,40.712655,-74.003019,N/A,
RIDE_004454,SCOOT_0078,USER_01035,2026-06-17 5:27:46,06/17/2026 5:52 AM,40.703211,-74.026561,40.704717,-74.031682,42%,3
RIDE_004455,SCOOT_0154,USER_01318,1781657826,1781658126,40.7117,-74.016215,40.707719,-74.018846,48%,5
RIDE_004456,SCOOT_0269,USER_00902,06/21/2026 9:22 PM,1782078361,40.7799,-73.971738,40.778273,-73.96955,37,1
RIDE_004457,SCOOT_0348,USER_00394,2026-06-18 19:46:16,2026-06-18 20:17:16,40.71635,74.0066° W,40.712197,-74.007266,38,1
RIDE_004458,SCOOT_0163,USER_01112,2026-06-11 20:05:51,1781210991,40.712408,-74.01093,40.71351,-74.01009,4,1
RIDE_004459,SCOOT_0261,USER_01088,06/05/2026 7:13 AM,06/05/2026 7:37 AM,40.7573° N,73.9801° W,40.75949,-73.98066,48,1
RIDE_004460,SCOOT_0367,USER_01327,2026-06-07 6:05:35,06/07/2026 6:40 AM,40.752436,-73.993655,40.750682,-73.98964,92,1
RIDE_004461,SCOOT_0101,USER_00473,2026-06-23 18:18:49,06/23/2026 6:57 PM,40.704625,74.0025° W,40.702763,-74.004743,81%,2
RIDE_004462,SCOOT_0340,USER_01052,1780394081,06/02/2026 9:58 AM,40.7138,74.0120° W,40.711398,-74.014506,11,3
RIDE_004463,SCOOT_0306,USER_00566,1781253359,2026-06-12 8:59:59,40.711914,-74.0092,40.716718,-74.003826,5,5
RIDE_004464,SCOOT_0196,USER_00723,1781921858,06/20/2026 2:56 AM,40.64876,-74.033614,40.651336,-74.031985,79,5
RIDE_004465,SCOOT_0387,USER_01016,06/11/2026 2:40 PM,1781191099,40.7102,-74.006976,40.707923,-74.008237,48,3
RIDE_004466,SCOOT_0305,USER_00204,2026-06-27 20:59:29,1782594689,40.7372,73.9799° W,40.732692,-73.980496,10,3
RIDE_004467,SCOOT_0231,USER_00911,2026-06-09 15:49:45,2026-06-09 15:59:45,40.7234° N,73.9816° W,40.72139,-73.980692,29,1
RIDE_004468,SCOOT_0311,USER_01488,2026-06-26 2:44:51,2026-06-26 3:28:51,40.7700° N,73.9539° W,40.762448,-73.956414,57,3
RIDE_004469,SCOOT_0168,USER_00269,06/19/2026 3:40 PM,2026-06-19 15:55:15,40.7116° N,-74.0042,40.706637,-74.007105,42,4
RIDE_004470,SCOOT_0069,USER_00641,2026-06-27 19:53:26,06/27/2026 8:20 PM,40.713321,-74.00566,40.714454,-74.004329,86,
RIDE_004471,SCOOT_0007,USER_01375,1781853063,2026-06-19 7:45:03,40.768172,-73.973727,40.768339,-73.971733,19,3
RIDE_004472,SCOOT_0345,USER_00078,06/17/2026 9:31 PM,1781733942,40.703843,-73.999823,40.697229,-74.00306,30,5
RIDE_004473,SCOOT_0364,USER_00571,2026-06-23 5:49:43,2026-06-23 6:19:43,40.711893,-74.00331,40.702907,-74.003394,10,2
RIDE_004474,SCOOT_0344,USER_00309,1782728615,06/29/2026 10:57 AM,40.7163° N,73.9681° W,40.714256,-73.969012,96,5
RIDE_004475,SCOOT_0006,USER_00593,1780317343,06/01/2026 1:01 PM,40.7491° N,-73.9855,40.745982,-73.988121,25,2
RIDE_004476,SCOOT_0150,USER_00452,2026-06-08 9:06:27,1780912107,40.7145° N,-74.005474,40.716012,-74.004831,50,3
RIDE_004477,SCOOT_0114,USER_01244,2026-06-08 17:55:49,1780942309,40.715617,-74.002487,40.710392,-74.00505,LOW,1
RIDE_004478,SCOOT_0130,USER_01037,06/03/2026 2:33 AM,06/03/2026 2:43 AM,40.7438° N,-73.986154,40.741762,-73.983417,10,2
RIDE_004479,SCOOT_0264,USER_00303,2026-06-10 10:29:00,1781088360,40.801,73.9739° W,40.801252,-73.971328,44,1
RIDE_004480,SCOOT_0351,USER_01056,06/29/2026 8:20 AM,06/29/2026 8:58 AM,40.7053,-74.005886,40.708274,-74.007816,LOW,3
RIDE_004481,SCOOT_0157,USER_00891,1781744580,2026-06-18 1:37:00,40.707894,-74.006743,40.707712,-74.009469,44,5
RIDE_004482,SCOOT_0103,USER_01076,1782586526,1782588266,40.7212° N,-74.007915,40.717724,-74.008196,27,2
RIDE_004483,SCOOT_0176,USER_01126,06/08/2026 5:38 AM,2026-06-08 5:49:24,40.7074,-74.044152,40.708814,-74.046766,4%,3
RIDE_004484,SCOOT_0182,USER_01327,06/11/2026 10:28 PM,2026-06-11 22:42:02,40.718751,74.0038° W,40.721894,-74.002658,65,
RIDE_004485,SCOOT_0297,USER_00095,2026-06-09 19:31:40,06/09/2026 7:35 PM,40.774498,-74.002961,40.773023,-73.998922,82,3
RIDE_004486,SCOOT_0152,USER_00079,1781902331,06/19/2026 9:11 PM,40.8143,73.9941° W,40.815044,-73.995434,LOW,2
RIDE_004487,SCOOT_0394,USER_00659,2026-06-14 5:27:12,2026-06-14 5:34:12,40.692159,-74.003103,40.695582,-74.001748,61%,
RIDE_004488,SCOOT_0286,USER_00116,06/11/2026 12:38 PM,2026-06-11 13:06:18,40.711522,-74.0039,40.710442,-74.002704,60%,1
RIDE_004489,SCOOT_0325,USER_00749,1782318194,06/24/2026 4:42 PM,40.7407,-74.047543,40.743121,-74.05216,54,5
RIDE_004490,SCOOT_0141,USER_00765,06/23/2026 3:49 AM,06/23/2026 4:32 AM,40.7177,-74.008548,40.71406,-74.006462,N/A,4
RIDE_004491,SCOOT_0213,USER_00591,2026-06-14 12:42:20,06/14/2026 1:22 PM,40.707783,-74.008,40.704024,-74.008546,ERROR,2
RIDE_004492,SCOOT_0169,USER_01087,06/28/2026 7:19 AM,2026-06-28 7:45:31,40.706518,-73.956429,40.706865,-73.959327,84,5
RIDE_004493,SCOOT_0353,USER_00655,1780793117,06/07/2026 1:04 AM,40.7145,-74.000039,40.71406,-73.999649,7,3
RIDE_004494,SCOOT_0127,USER_00611,2026-06-16 10:14:37,2026-06-16 10:47:37,40.720872,-74.01075,40.724446,-74.007538,LOW,5
RIDE_004495,SCOOT_0144,USER_00974,1780380287,06/02/2026 6:39 AM,40.7063° N,74.0187° W,40.707128,-74.020414,79,4
RIDE_004496,SCOOT_0361,USER_00854,06/26/2026 9:49 PM,1782511468,40.717178,-74.001469,40.720494,-74.001335,95,2
RIDE_004497,SCOOT_0221,USER_00134,06/05/2026 3:03 PM,1780673741,40.7346,-73.9642,40.737403,-73.9611,8%,
RIDE_004498,SCOOT_0302,USER_00568,2026-06-19 3:21:31,1781841031,40.711081,74.0047° W,40.707155,-74.001784,99,3
RIDE_004499,SCOOT_0302,USER_00935,06/26/2026 2:26 AM,2026-06-26 2:48:22,40.7097° N,-74.002859,40.706219,-73.999765,57,4
RIDE_004500,SCOOT_0020,USER_00080,06/20/2026 3:41 AM,1781928667,40.714087,74.0091° W,40.716161,-74.010897,7%,2
RIDE_004501,SCOOT_0387,USER_00419,2026-06-15 21:27:47,2026-06-15 22:03:47,40.7278° N,74.0115° W,40.722628,-74.014429,10%,4
RIDE_004502,SCOOT_0197,USER_01317,06/22/2026 10:50 PM,2026-06-22 23:16:19,40.721992,-73.907836,40.724695,-73.902965,14,2
RIDE_004503,SCOOT_0154,USER_00615,2026-06-28 20:53:02,1782682142,40.7637,-73.945895,40.763107,-73.947129,82%,2
RIDE_004504,SCOOT_0084,USER_01199,1782399591,2026-06-25 15:35:51,40.710114,74.0134° W,40.71007,-74.017223,97,5
RIDE_004505,SCOOT_0068,USER_01167,06/08/2026 11:34 PM,06/09/2026 12:02 AM,40.757317,73.9432° W,40.755789,-73.9426,LOW,5
RIDE_004506,SCOOT_0191,USER_00263,1781379537,06/13/2026 8:05 PM,40.7164° N,-74.004879,40.717304,-74.005966,80,2
RIDE_004507,SCOOT_0262,USER_00474,1781599284,06/16/2026 9:09 AM,40.711872,-74.00984,40.714411,-74.015065,36%,1
RIDE_004508,SCOOT_0255,USER_00990,2026-06-25 18:13:22,2026-06-25 18:52:22,40.716684,-74.011615,40.719572,-74.012676,83,1
RIDE_004509,SCOOT_0088,USER_01132,1782688863,2026-06-29 0:01:03,40.724263,-73.956414,40.727049,-73.957728,54%,1
RIDE_004510,SCOOT_0167,USER_00190,2026-06-21 0:08:00,2026-06-21 0:19:00,40.7633,74.0137° W,40.75935,-74.009824,50,4
RIDE_004511,SCOOT_0103,USER_00404,1781615107,1781617387,40.701627,-74.046044,40.69953,-74.048814,28,5
RIDE_004512,SCOOT_0040,USER_00933,1782420427,1782421267,40.712136,74.0075° W,40.712673,-74.007691,24%,5
RIDE_004513,SCOOT_0348,USER_01397,06/13/2026 9:16 AM,1781344541,40.810295,-73.962709,40.811668,-73.959214,71,1
RIDE_004514,SCOOT_0301,USER_00846,2026-06-22 16:38:21,2026-06-22 16:42:21,40.7536° N,-74.002838,40.757246,-74.00243,50,2
RIDE_004515,SCOOT_0372,USER_00095,06/15/2026 9:37 PM,1781560606,40.760787,-73.998167,40.758936,-73.995626,63,1
RIDE_004516,SCOOT_0158,USER_00268,06/01/2026 2:52 AM,1780284239,40.802793,-73.955524,40.805172,-73.953816,83,4
RIDE_004517,SCOOT_0096,USER_01298,06/07/2026 6:37 PM,2026-06-07 18:50:39,40.713326,-74.006702,40.716957,-74.007823,34,4
RIDE_004518,SCOOT_0097,USER_01166,2026-06-21 3:57:15,2026-06-21 4:09:15,40.7558,-74.0018,40.753822,-74.002489,14%,
RIDE_004519,SCOOT_0216,USER_00621,2026-06-26 14:39:45,1782486225,40.709584,74.0028° W,40.70554,-74.002511,92,2
RIDE_004520,SCOOT_0079,USER_00122,06/28/2026 9:55 PM,1782685081,40.71333,-74.013243,40.712007,-74.012476,62%,4
RIDE_004521,SCOOT_0296,USER_01274,2026-06-24 6:58:32,2026-06-24 7:07:32,40.714515,-74.006817,40.716546,-74.007145,65,5
RIDE_004522,SCOOT_0242,USER_00147,1781108949,2026-06-10 16:34:09,40.7008° N,73.9830° W,40.703554,-73.984994,71,2
RIDE_004523,SCOOT_0198,USER_01455,2026-06-02 9:23:17,2026-06-02 9:45:17,40.7734° N,-73.984578,40.772367,-73.980299,79,
RIDE_004524,SCOOT_0173,USER_00392,1781809983,2026-06-18 19:45:03,40.760355,73.9906° W,40.758553,-73.989503,62,1
RIDE_004525,SCOOT_0232,USER_01314,1782157359,06/22/2026 8:16 PM,40.7092,-74.008901,40.713209,-74.010741,33%,5
RIDE_004526,SCOOT_0132,USER_01368,1780388531,1780390871,40.802193,-73.9461,40.799993,-73.948763,4,1
RIDE_004527,SCOOT_0106,USER_00289,1782543788,06/27/2026 7:16 AM,40.7006° N,-74.030573,40.70094,-74.03119,2,2
RIDE_004528,SCOOT_0269,USER_00138,1782779439,06/30/2026 12:35 AM,40.756112,73.9401° W,40.758564,-73.938593,29%,4
RIDE_004529,SCOOT_0044,USER_01451,2026-06-20 8:20:19,2026-06-20 8:42:19,40.7187° N,-73.976632,40.723847,-73.985664,63,3
RIDE_004530,SCOOT_0294,USER_00316,06/21/2026 9:06 AM,06/21/2026 9:15 AM,40.715558,-74.006637,40.713008,-74.004234,20,2
RIDE_004531,SCOOT_0267,USER_00555,2026-06-09 17:14:49,2026-06-09 17:42:49,40.8173° N,-73.955695,40.816181,-73.958526,99,4
RIDE_004532,SCOOT_0197,USER_00398,2026-06-04 16:20:44,06/04/2026 4:32 PM,40.6921,-74.027,40.690931,-74.027908,30,2
RIDE_004533,SCOOT_0023,USER_01210,1782173532,1782176232,40.8178° N,73.9560° W,40.82129,-73.960408,17%,2
RIDE_004534,SCOOT_0009,USER_01017,1780636551,2026-06-05 5:22:51,40.7165° N,73.9337° W,40.713453,-73.928905,83,4
RIDE_004535,SCOOT_0315,USER_00905,06/06/2026 10:33 PM,06/06/2026 10:55 PM,40.718441,-74.008134,40.723793,-74.008147,74,1
RIDE_004536,SCOOT_0243,USER_01051,06/22/2026 5:18 AM,06/22/2026 5:55 AM,40.8132° N,-73.974706,40.814916,-73.970507,LOW,2
RIDE_004537,SCOOT_0210,USER_01242,1781420917,1781422177,40.808653,-73.960985,40.808229,-73.959443,LOW,five star
RIDE_004538,SCOOT_0172,USER_00784,1782564092,2026-06-27 13:04:32,40.6965° N,74.0030° W,40.693148,-74.0083,11,1
RIDE_004539,SCOOT_0351,USER_01065,06/26/2026 2:13 PM,1782485181,40.762409,-73.952354,40.765186,-73.9526,low,5
RIDE_004540,SCOOT_0149,USER_00728,2026-06-03 0:18:44,06/03/2026 12:38 AM,40.719788,-74.008276,40.714034,-74.014823,52,3
RIDE_004541,SCOOT_0157,USER_00493,06/02/2026 6:14 PM,1780425477,40.7081° N,-74.0027,40.706171,-74.001351,LOW,1
RIDE_004542,SCOOT_0203,USER_00080,1781899113,06/19/2026 8:31 PM,40.781826,73.9900° W,40.783261,-73.988385,39,1
RIDE_004543,SCOOT_0294,USER_01265,06/05/2026 2:07 PM,06/05/2026 2:47 PM,40.731185,-73.958616,40.730322,-73.959767,14%,5
RIDE_004544,SCOOT_0297,USER_00452,06/01/2026 6:49 AM,2026-06-01 6:52:13,40.825332,-73.9607,40.828108,-73.95668,43,2
RIDE_004545,SCOOT_0357,USER_00920,06/07/2026 7:23 AM,06/07/2026 7:50 AM,40.7701° N,73.9462° W,40.768585,-73.947837,70,2
RIDE_004546,SCOOT_0156,USER_00162,06/19/2026 11:00 PM,1781910590,40.70736,-74.018441,40.709826,-74.01764,66,1
RIDE_004547,SCOOT_0159,USER_01326,2026-06-14 6:17:29,2026-06-14 6:51:29,40.7108,-74.003302,40.71001,-74.004286,42,3
RIDE_004548,SCOOT_0002,USER_01014,1782845006,1782846506,40.7130° N,-74.004146,40.714164,-74.005236,50%,1
RIDE_004549,SCOOT_0006,USER_00916,1780563548,06/04/2026 9:32 AM,40.717442,73.9924° W,40.715477,-73.996852,13%,4
RIDE_004550,SCOOT_0082,USER_00155,2026-06-07 17:57:53,06/07/2026 6:11 PM,40.7167,74.0060° W,40.717365,-74.002813,39,1
RIDE_004551,SCOOT_0308,USER_00033,1781554444,1781555884,40.721052,-73.962688,40.721261,-73.961764,5,
RIDE_004552,SCOOT_0257,USER_01374,1780994503,06/09/2026 8:49 AM,40.743643,-73.938525,40.736185,-73.935165,38,5
RIDE_004553,SCOOT_0297,USER_01352,1780840574,2026-06-07 14:14:14,40.715965,74.0042° W,40.705957,-74.000321,46,5
RIDE_004554,SCOOT_0244,USER_01429,2026-06-20 0:03:40,2026-06-20 0:39:40,40.727871,-73.995854,40.72736,-73.994632,8,2
RIDE_004555,SCOOT_0396,USER_00060,1782548340,06/27/2026 9:01 AM,40.7154° N,-74.002429,40.717805,-74.00167,ERROR,3
RIDE_004556,SCOOT_0348,USER_01005,1781722197,06/17/2026 7:03 PM,40.7145° N,-74.0104,40.712211,-74.007677,81,4
RIDE_004557,SCOOT_0003,USER_00806,1780809866,06/07/2026 5:42 AM,40.7059° N,74.0300° W,40.704401,-74.027293,32%,3
RIDE_004558,SCOOT_0188,USER_01478,06/03/2026 6:49 PM,06/03/2026 7:17 PM,40.6660° N,-74.023,40.665192,-74.0179,N/A,1
RIDE_004559,SCOOT_0322,USER_01070,06/23/2026 2:48 PM,06/23/2026 3:30 PM,40.7067,-73.9989,40.70563,-74.000085,13%,2
RIDE_004560,SCOOT_0154,USER_00609,1782095655,2026-06-22 2:46:15,40.7528,-73.981942,40.75258,-73.984154,35%,1
RIDE_004561,SCOOT_0207,USER_00609,2026-06-02 10:49:30,1780398090,40.709996,-74.004052,40.707291,-74.006357,51,
RIDE_004562,SCOOT_0037,USER_00447,06/08/2026 12:58 AM,06/08/2026 1:02 AM,40.661744,74.0546° W,40.665679,-74.057116,N/A,2
RIDE_004563,SCOOT_0157,USER_00361,2026-06-20 17:30:01,06/20/2026 6:06 PM,40.7099° N,74.0052° W,40.708761,-73.99854,61,2
RIDE_004564,SCOOT_0069,USER_01034,1782724876,2026-06-29 9:34:16,40.6859,74.0378° W,40.688781,-74.035022,99%,1
RIDE_004565,SCOOT_0338,USER_01035,1780673523,06/05/2026 3:41 PM,40.7137,74.0066° W,40.719805,-74.006944,73,3
RIDE_004566,SCOOT_0019,USER_01145,06/03/2026 9:13 PM,06/03/2026 9:35 PM,40.739566,-73.998617,40.734386,-73.996152,12,3
RIDE_004567,SCOOT_0236,USER_00153,1781457092,1781457992,40.703408,-74.006023,40.702793,-73.999303,49,3
RIDE_004568,SCOOT_0258,USER_00054,1781354336,1781356016,40.712267,-73.986022,40.711859,-73.986615,15,2
RIDE_004569,SCOOT_0340,USER_00491,06/24/2026 5:36 PM,06/24/2026 6:11 PM,40.678209,-74.0461,40.67443,-74.045048,18,2
RIDE_004570,SCOOT_0354,USER_00282,06/07/2026 1:50 PM,1780840905,40.7020° N,-73.986215,40.700169,-73.983167,70,4
RIDE_004571,SCOOT_0213,USER_00449,2026-06-30 7:20:32,06/30/2026 7:43 AM,40.719821,74.0073° W,40.723993,-74.008273,47,5
RIDE_004572,SCOOT_0376,USER_00818,2026-06-23 20:04:22,1782246562,40.742077,-73.9427,40.74364,-73.942669,41,1
RIDE_004573,SCOOT_0044,USER_00690,06/21/2026 1:52 PM,2026-06-21 14:21:50,40.715549,-74.004903,40.715341,-74.008882,75,5
RIDE_004574,SCOOT_0341,USER_00089,2026-06-17 22:47:31,06/17/2026 11:22 PM,40.711718,-74.003507,40.71135,-74.0008,70,4
RIDE_004575,SCOOT_0339,USER_00194,06/06/2026 7:37 PM,1780777102,40.720473,-74.023563,40.716516,-74.024034,45,5
RIDE_004576,SCOOT_0045,USER_00142,1782581606,1782583886,40.710703,-74.004655,40.708549,-74.006501,90,4
RIDE_004577,SCOOT_0118,USER_00108,1781167627,06/11/2026 9:25 AM,40.7170° N,74.0054° W,40.714904,-74.005354,26,3
RIDE_004578,SCOOT_0056,USER_00674,1780915394,06/08/2026 11:27 AM,40.7183° N,-74.004825,40.720094,-74.007082,51,1
RIDE_004579,SCOOT_0220,USER_00856,1782823491,1782825171,40.7785° N,-73.939138,40.776154,-73.942684,48%,4
RIDE_004580,SCOOT_0232,USER_00599,1780281979,06/01/2026 3:19 AM,40.7163,-73.9885,40.716037,-73.99165,81,1
RIDE_004581,SCOOT_0301,USER_01258,06/30/2026 7:42 PM,1782848778,40.7124° N,-74.0036,40.711145,-74.001786,low,
RIDE_004582,SCOOT_0285,USER_01192,1781477113,1781479513,40.7175,-74.005039,40.717375,-74.002551,48,3
RIDE_004583,SCOOT_0201,USER_01071,1782849177,06/30/2026 8:29 PM,40.709376,-74.009819,40.708576,-74.011294,72,
RIDE_004584,SCOOT_0176,USER_01297,1780977139,06/09/2026 4:14 AM,40.709587,73.9987° W,40.716103,-73.999739,59,1
RIDE_004585,SCOOT_0083,USER_00986,06/14/2026 4:27 PM,06/14/2026 5:06 PM,40.784934,-73.974957,40.788257,-73.97104,3,1
RIDE_004586,SCOOT_0202,USER_01072,06/28/2026 2:39 PM,06/28/2026 2:55 PM,40.7225° N,73.9760° W,40.718534,-73.970705,99,4
RIDE_004587,SCOOT_0137,USER_00080,2026-06-15 13:57:30,1781533410,40.714905,74.0253° W,40.714181,-74.026134,62,2
RIDE_004588,SCOOT_0145,USER_00573,1781883857,06/19/2026 3:53 PM,40.7110° N,-73.9672,40.707558,-73.961645,63,2
RIDE_004589,SCOOT_0246,USER_00333,2026-06-02 15:01:01,2026-06-02 15:07:01,40.719223,74.0095° W,40.719441,-74.004369,79,4
RIDE_004590,SCOOT_0212,USER_01059,2026-06-25 16:33:49,1782407329,40.755258,-73.9419,40.757701,-73.932943,low,
RIDE_004591,SCOOT_0217,USER_00940,1780743922,1780744822,40.751,-73.980653,40.75152,-73.979913,89,2
RIDE_004592,SCOOT_0384,USER_00524,1780579757,06/04/2026 1:59 PM,40.6787,-74.035667,40.674946,-74.037664,70%,5
RIDE_004593,SCOOT_0178,USER_00340,1782133162,2026-06-22 13:20:22,40.715833,74.0130° W,40.718542,-74.019055,1,4
RIDE_004594,SCOOT_0078,USER_00259,2026-06-18 12:04:27,06/18/2026 12:19 PM,40.7059° N,-74.007996,40.706735,-74.00402,43,2
RIDE_004595,SCOOT_0043,USER_01040,1782611648,06/28/2026 1:58 AM,40.762552,-73.982531,40.764291,-73.985144,39%,1
RIDE_004596,SCOOT_0256,USER_00057,2026-06-22 0:05:28,06/22/2026 12:21 AM,40.7156° N,-74.029989,40.715836,-74.030378,23,
RIDE_004597,SCOOT_0199,USER_00291,06/09/2026 3:37 PM,2026-06-09 16:06:17,40.7670° N,73.9679° W,40.76749,-73.964373,16%,5
RIDE_004598,SCOOT_0312,USER_01105,2026-06-04 2:56:00,2026-06-04 3:26:00,40.6807° N,-74.007521,40.678407,-74.004912,ERROR,5
RIDE_004599,SCOOT_0020,USER_01113,06/01/2026 11:01 PM,1780355407,40.721178,-73.998642,40.719067,-73.995986,90,2
RIDE_004600,SCOOT_0294,USER_00533,2026-06-13 2:17:32,2026-06-13 2:21:32,40.7067° N,-74.012941,40.702852,-74.013042,49%,5
RIDE_004601,SCOOT_0155,USER_00032,06/16/2026 8:02 PM,1781641073,40.762403,74.0275° W,40.766372,-74.027127,low,4
RIDE_004602,SCOOT_0046,USER_01230,1782320596,2026-06-24 17:42:16,40.657845,-74.042481,40.661122,-74.040683,N/A,4
RIDE_004603,SCOOT_0248,USER_00788,1781333156,2026-06-13 6:53:56,40.7172,74.0115° W,40.715954,-74.014239,87,5
RIDE_004604,SCOOT_0348,USER_00070,2026-06-03 1:27:04,2026-06-03 1:42:04,40.7197,74.0034° W,40.728211,-74.004845,ERROR,4
RIDE_004605,SCOOT_0175,USER_01284,2026-06-28 12:05:14,2026-06-28 12:50:14,40.709901,-74.006571,40.714036,-74.00767,78%,
RIDE_004606,SCOOT_0045,USER_01150,1781665870,06/17/2026 3:39 AM,40.785589,-73.9693,40.785707,-73.971223,17,1
RIDE_004607,SCOOT_0096,USER_00563,06/12/2026 9:19 PM,2026-06-12 21:25:30,40.7101° N,-74.009602,40.710031,-74.006772,53,2
RIDE_004608,SCOOT_0347,USER_01162,2026-06-04 5:42:07,2026-06-04 6:17:07,40.719843,-74.0094,40.718667,-74.011837,7,
RIDE_004609,SCOOT_0381,USER_00820,2026-06-12 21:09:10,2026-06-12 21:50:10,40.716542,-74.0168,40.717261,-74.013456,34,
RIDE_004610,SCOOT_0198,USER_00135,1781406436,2026-06-14 3:32:16,40.6623,-73.996164,40.660903,-73.994783,87,5
RIDE_004611,SCOOT_0088,USER_00573,1781765457,2026-06-18 7:28:57,40.7092° N,-74.001215,40.711954,-73.99951,10,4
RIDE_004612,SCOOT_0270,USER_01013,06/12/2026 1:44 PM,2026-06-12 13:50:32,40.7739° N,74.0004° W,40.772006,-73.998155,58,1
RIDE_004613,SCOOT_0238,USER_00122,1782792146,1782793046,40.709729,-74.000217,40.708758,-73.998712,low,3
RIDE_004614,SCOOT_0081,USER_01232,1782288465,06/24/2026 8:37 AM,40.721197,-74.008825,40.721403,-74.005662,62%,5
RIDE_004615,SCOOT_0044,USER_01331,06/01/2026 9:31 AM,1780308112,40.7195,-73.9946,40.717975,-73.995256,9,2
RIDE_004616,SCOOT_0078,USER_00297,06/08/2026 5:28 PM,2026-06-08 17:34:50,40.718591,-74.007116,40.718826,-74.008397,24%,1
RIDE_004617,SCOOT_0297,USER_00178,2026-06-24 10:38:54,2026-06-24 10:46:54,40.715622,-74.005378,40.712612,-74.008284,24,
RIDE_004618,SCOOT_0047,USER_01388,06/10/2026 8:14 AM,06/10/2026 8:57 AM,40.7048,-74.009325,40.707187,-74.005354,43,2
RIDE_004619,SCOOT_0271,USER_00923,2026-06-03 18:47:31,1780514911,40.715542,74.0038° W,40.715163,-74.001457,70,2
RIDE_004620,SCOOT_0380,USER_01204,1782838065,1782838485,40.713945,-73.9988,40.71365,-73.994753,86,1
RIDE_004621,SCOOT_0189,USER_00306,06/01/2026 12:30 AM,2026-06-01 1:03:41,40.8006° N,-73.9565,40.794548,-73.953704,78%,5
RIDE_004622,SCOOT_0129,USER_01101,2026-06-12 8:57:05,06/12/2026 9:37 AM,40.7554,-73.9944,40.751001,-73.994395,92,3
RIDE_004623,SCOOT_0191,USER_01470,1782170827,06/22/2026 11:51 PM,40.758671,-74.01156,40.754251,-74.0101,34,2
RIDE_004624,SCOOT_0001,USER_01072,1781826334,2026-06-19 0:20:34,40.778834,-73.973794,40.782287,-73.974053,57,
RIDE_004625,SCOOT_0358,USER_00023,2026-06-22 16:29:51,06/22/2026 4:49 PM,40.7295° N,73.9535° W,40.724832,-73.947977,56%,4
RIDE_004626,SCOOT_0275,USER_00461,2026-06-18 16:19:54,1781800254,40.784,-74.00545,40.784493,-74.00575,LOW,4
RIDE_004627,SCOOT_0059,USER_01245,06/12/2026 6:54 AM,1781247947,40.7117° N,-74.007636,40.712848,-74.005182,LOW,2
RIDE_004628,SCOOT_0357,USER_00707,1781728999,06/17/2026 9:16 PM,40.7144° N,-74.006482,40.713938,-74.003672,89,
RIDE_004629,SCOOT_0148,USER_01180,2026-06-22 2:40:04,06/22/2026 3:07 AM,40.714654,74.0057° W,40.714546,-74.004673,N/A,2
RIDE_004630,SCOOT_0151,USER_00336,1782628498,06/28/2026 6:52 AM,40.6967,-73.9924,40.693505,-73.993604,62,5
RIDE_004631,SCOOT_0102,USER_01409,2026-06-11 5:52:36,2026-06-11 6:12:36,40.795322,-73.9939,40.790603,-73.993668,38%,4
RIDE_004632,SCOOT_0371,USER_00740,06/19/2026 12:53 AM,06/19/2026 1:29 AM,40.6967° N,-73.961176,40.698941,-73.96179,27,5
RIDE_004633,SCOOT_0142,USER_00851,2026-06-30 4:07:50,1782793550,40.717942,74.0108° W,40.71766,-74.009621,low,1
RIDE_004634,SCOOT_0390,USER_00110,06/19/2026 7:59 AM,06/19/2026 8:24 AM,40.708118,-74.001873,40.70965,-74.006701,ERROR,2
RIDE_004635,SCOOT_0162,USER_00853,06/10/2026 8:22 AM,06/10/2026 9:01 AM,40.757245,-73.977781,40.755475,-73.98222,49,4
RIDE_004636,SCOOT_0206,USER_00614,1781096162,2026-06-10 13:22:02,40.706069,-73.9438,40.704908,-73.939067,ERROR,5
RIDE_004637,SCOOT_0097,USER_00813,2026-06-24 13:30:23,06/24/2026 1:50 PM,40.6742,74.0402° W,40.676469,-74.040214,44,5
RIDE_004638,SCOOT_0373,USER_00388,2026-06-19 8:27:16,2026-06-19 8:30:16,40.7429° N,-73.953477,40.74862,-73.952576,84,5
RIDE_004639,SCOOT_0220,USER_01367,2026-06-24 0:37:19,06/24/2026 12:50 AM,40.710736,74.0068° W,40.718295,-74.006354,22,5
RIDE_004640,SCOOT_0354,USER_00847,1780584676,2026-06-04 14:57:16,40.710422,-74.0106,40.704945,-74.00949,ERROR,1
RIDE_004641,SCOOT_0124,USER_00726,1781870798,1781873018,40.715419,-74.0076,40.715374,-74.011098,83,4
RIDE_004642,SCOOT_0115,USER_00472,2026-06-02 8:34:34,06/02/2026 8:44 AM,40.751559,-73.95837,40.749953,-73.953299,68,4
RIDE_004643,SCOOT_0337,USER_00275,1781448628,2026-06-14 15:35:28,40.709452,-74.0049,40.711997,-74.005098,12%,5
RIDE_004644,SCOOT_0313,USER_00037,1782705043,06/29/2026 4:00 AM,40.70903,-74.0346,40.713102,-74.035087,3,1
RIDE_004645,SCOOT_0019,USER_01210,06/12/2026 11:20 PM,1781308584,40.7149° N,74.0033° W,40.713065,-74.003902,49%,1
RIDE_004646,SCOOT_0167,USER_01037,06/09/2026 4:42 PM,06/09/2026 5:21 PM,40.80979,-73.993544,40.816173,-73.995779,83,3
RIDE_004647,SCOOT_0374,USER_00015,1780697618,1780698998,40.7081,-74.005471,40.714707,-74.011204,2,
RIDE_004648,SCOOT_0062,USER_00258,06/09/2026 4:36 PM,1781023549,40.712236,-74.0041,40.712337,-74.002949,32,1
RIDE_004649,SCOOT_0053,USER_01097,2026-06-21 19:09:44,1782071564,40.686139,-73.999994,40.685694,-74.003384,7,5
RIDE_004650,SCOOT_0328,USER_01351,06/16/2026 11:54 PM,06/17/2026 12:15 AM,40.712621,-74.007555,40.711211,-74.006593,5,2
RIDE_004651,SCOOT_0079,USER_01395,2026-06-16 7:06:16,06/16/2026 7:38 AM,40.721587,-73.990082,40.728539,-73.99334,55%,2
RIDE_004652,SCOOT_0331,USER_00316,06/18/2026 10:56 AM,2026-06-18 11:28:30,40.73181,74.0077° W,40.730001,-74.011669,LOW,1
RIDE_004653,SCOOT_0030,USER_00119,06/13/2026 3:55 AM,06/13/2026 4:36 AM,40.713359,-74.000186,40.712191,-74.000429,80,3
RIDE_004654,SCOOT_0382,USER_01436,06/10/2026 6:33 PM,06/10/2026 7:14 PM,40.781607,-73.970783,40.776891,-73.970486,77%,4
RIDE_004655,SCOOT_0069,USER_00367,06/29/2026 8:36 PM,1782767315,40.7916° N,-73.978339,40.78342,-73.977174,6,3
RIDE_004656,SCOOT_0076,USER_00224,2026-06-20 0:57:26,2026-06-20 1:18:26,40.712006,74.0133° W,40.706969,-74.010391,22,
RIDE_004657,SCOOT_0335,USER_00737,2026-06-15 4:58:37,2026-06-15 5:12:37,40.70987,-74.00963,40.709764,-74.011563,11,5
RIDE_004658,SCOOT_0253,USER_00204,2026-06-15 16:35:11,1781543411,40.6912,-74.048554,40.687601,-74.050088,90,3
RIDE_004659,SCOOT_0084,USER_00658,06/21/2026 7:42 AM,2026-06-21 8:09:59,40.757755,-73.9672,40.757509,-73.961349,27%,3
RIDE_004660,SCOOT_0148,USER_00492,06/18/2026 11:36 AM,06/18/2026 11:54 AM,40.776021,-73.960551,40.775523,-73.959891,38,1
RIDE_004661,SCOOT_0153,USER_00615,2026-06-18 17:57:08,06/18/2026 6:08 PM,40.721978,73.9196° W,40.721647,-73.918982,55%,1
RIDE_004662,SCOOT_0052,USER_00669,06/24/2026 5:36 AM,1782280972,40.7516° N,-73.986063,40.760427,-73.988063,90,1
RIDE_004663,SCOOT_0309,USER_00797,2026-06-12 0:36:32,2026-06-12 1:12:32,40.692586,-73.994918,40.6908,-73.995792,42,2
RIDE_004664,SCOOT_0281,USER_00483,1781253717,2026-06-12 9:14:57,40.708454,-74.004034,40.709967,-74.004979,71,4
RIDE_004665,SCOOT_0347,USER_00109,1782818604,2026-06-30 11:29:24,40.715659,-74.013433,40.713539,-74.013942,47,4
RIDE_004666,SCOOT_0053,USER_00253,2026-06-04 10:02:46,2026-06-04 10:16:46,40.677054,74.0230° W,40.676131,-74.020892,29,2
RIDE_004667,SCOOT_0185,USER_00385,06/01/2026 9:47 AM,2026-06-01 10:12:15,40.7179° N,-74.0082,40.720128,-74.00628,50%,
RIDE_004668,SCOOT_0192,USER_00662,06/30/2026 11:09 AM,06/30/2026 11:52 AM,40.772772,-73.9927,40.767377,-73.992493,16,1
RIDE_004669,SCOOT_0321,USER_00434,2026-06-16 16:22:13,06/16/2026 4:37 PM,40.6802° N,-74.00247,40.67932,-74.003487,low,5
RIDE_004670,SCOOT_0014,USER_00069,2026-06-03 5:39:45,1780465605,40.7517,-73.953937,40.750628,-73.95275,25,5
RIDE_004671,SCOOT_0198,USER_00881,2026-06-15 18:11:06,06/15/2026 6:49 PM,40.749196,73.9493° W,40.748631,-73.949527,2,4
RIDE_004672,SCOOT_0093,USER_01005,1781720860,06/17/2026 6:49 PM,40.723112,-73.938445,40.720762,-73.941093,69,
RIDE_004673,SCOOT_0265,USER_01232,1780656057,2026-06-05 11:21:57,40.773515,-74.007164,40.772558,-74.004118,36%,5
RIDE_004674,SCOOT_0047,USER_00689,1781689160,2026-06-17 10:12:20,40.741846,-73.951425,40.740073,-73.954579,48,1
RIDE_004675,SCOOT_0006,USER_00229,2026-06-25 8:27:11,06/25/2026 9:12 AM,40.717,-73.941746,40.713593,-73.939504,29,
RIDE_004676,SCOOT_0187,USER_00725,06/30/2026 10:08 PM,1782857993,40.7088,-74.0007,40.715421,-74.00579,65,3
RIDE_004677,SCOOT_0215,USER_00284,1780403700,1780404240,40.736305,73.9700° W,40.737844,-73.967707,12,4
RIDE_004678,SCOOT_0324,USER_00366,1781089665,2026-06-10 11:24:45,40.771625,73.9314° W,40.771979,-73.9351,3,1
RIDE_004679,SCOOT_0072,USER_00762,1782051515,06/21/2026 2:38 PM,40.725537,-73.9593,40.73031,-73.961252,N/A,3
RIDE_004680,SCOOT_0210,USER_00705,06/05/2026 5:54 PM,1780683482,40.7678,-73.994913,40.766004,-74.000644,57,3
RIDE_004681,SCOOT_0013,USER_00346,2026-06-13 8:09:19,2026-06-13 8:25:19,40.7012° N,-74.018516,40.698416,-74.023152,98,1
RIDE_004682,SCOOT_0190,USER_00965,1780986395,06/09/2026 6:30 AM,40.774066,-74.018425,40.777725,-74.021138,low,5
RIDE_004683,SCOOT_0130,USER_01293,2026-06-18 17:11:51,1781803971,40.708387,-74.005006,40.705272,-74.007127,95,4
RIDE_004684,SCOOT_0222,USER_00983,06/05/2026 2:49 AM,1780630315,40.7142,-74.015716,40.719143,-74.015586,86%,
RIDE_004685,SCOOT_0325,USER_00313,1780588434,1780588854,40.7230° N,-73.988345,40.726016,-73.986542,73%,1
RIDE_004686,SCOOT_0239,USER_00490,06/13/2026 8:34 AM,06/13/2026 9:10 AM,40.740536,-74.019655,40.741425,-74.018375,N/A,
RIDE_004687,SCOOT_0280,USER_00738,1782632457,06/28/2026 7:55 AM,40.714405,-73.9655,40.712254,-73.965797,36,5
RIDE_004688,SCOOT_0197,USER_00535,06/24/2026 5:40 AM,06/24/2026 6:14 AM,40.710359,-74.00621,40.712455,-74.011173,50,3
RIDE_004689,SCOOT_0321,USER_01088,06/16/2026 9:22 AM,2026-06-16 10:01:30,40.783587,-74.000384,40.782665,-73.996652,17,1
RIDE_004690,SCOOT_0261,USER_01346,06/03/2026 12:47 PM,2026-06-03 13:27:01,40.714112,74.0046° W,40.71057,-74.007774,68%,1
RIDE_004691,SCOOT_0295,USER_01398,1781763484,2026-06-18 6:35:04,40.716565,74.0084° W,40.71508,-74.005465,23%,3
RIDE_004692,SCOOT_0082,USER_00570,2026-06-26 10:25:08,06/26/2026 10:51 AM,40.7096° N,-73.929815,40.70973,-73.929823,12,2
RIDE_004693,SCOOT_0349,USER_00561,06/16/2026 1:57 AM,2026-06-16 2:30:38,40.710726,-74.0083,40.707491,-74.006871,57,3
RIDE_004694,SCOOT_0260,USER_00933,1782567433,1782570073,40.710127,74.0021° W,40.709454,-74.0053,53,3
RIDE_004695,SCOOT_0225,USER_00298,1781357148,2026-06-13 13:56:48,40.756644,-73.9858,40.759671,-73.986924,46,1
RIDE_004696,SCOOT_0089,USER_01383,2026-06-26 20:18:21,2026-06-26 20:45:21,40.711695,-74.000354,40.71322,-73.995366,39,2
RIDE_004697,SCOOT_0281,USER_01356,1780697203,06/05/2026 10:27 PM,40.7178° N,-74.009549,40.720806,-74.004973,38,1
RIDE_004698,SCOOT_0010,USER_00955,06/01/2026 12:08 PM,1780316899,40.779056,-73.9659,40.781959,-73.966846,85,2
RIDE_004699,SCOOT_0357,USER_00164,06/25/2026 10:25 PM,1782428002,40.6838° N,73.9950° W,40.678758,-73.991016,55,5
RIDE_004700,SCOOT_0356,USER_01198,2026-06-08 3:39:59,1780890539,40.7774,-73.945373,40.77374,-73.942126,43%,3
RIDE_004701,SCOOT_0274,USER_00676,06/30/2026 4:22 AM,2026-06-30 4:52:59,40.748102,74.0112° W,40.752984,-74.007865,56,5
RIDE_004702,SCOOT_0031,USER_00136,2026-06-04 15:29:25,06/04/2026 4:07 PM,40.7136,-74.005864,40.714966,-74.00528,47%,3
RIDE_004703,SCOOT_0042,USER_00780,06/28/2026 12:16 PM,1782650253,40.742154,73.9937° W,40.748037,-73.985725,12%,five star
RIDE_004704,SCOOT_0192,USER_00939,06/22/2026 5:50 PM,2026-06-22 18:27:48,40.7205° N,-74.034936,40.71944,-74.03733,52,4
RIDE_004705,SCOOT_0287,USER_00403,2026-06-22 3:38:44,2026-06-22 4:05:44,40.6746,-74.0556,40.681008,-74.050147,37,4
RIDE_004706,SCOOT_0012,USER_00094,06/20/2026 11:48 PM,06/21/2026 12:33 AM,40.7158,-74.0098,40.718464,-74.010558,79%,4
RIDE_004707,SCOOT_0275,USER_01258,2026-06-04 15:22:48,2026-06-04 16:00:48,40.7183° N,-73.9719,40.715814,-73.974282,low,4
RIDE_004708,SCOOT_0378,USER_00866,2026-06-22 6:53:05,2026-06-22 6:58:05,40.711798,-74.008,40.711696,-74.00824,1,2
RIDE_004709,SCOOT_0371,USER_01158,1780691426,06/05/2026 8:43 PM,40.7053,-73.999919,40.702347,-74.002776,22,five star
RIDE_004710,SCOOT_0298,USER_01327,06/18/2026 1:05 PM,06/18/2026 1:20 PM,40.711486,-74.0064,40.715863,-74.005625,60,3
RIDE_004711,SCOOT_0394,USER_01441,2026-06-01 13:14:46,2026-06-01 13:53:46,40.759729,73.9802° W,40.760424,-73.97928,89,5
RIDE_004712,SCOOT_0353,USER_00860,1781681105,06/17/2026 7:28 AM,40.710245,-73.973,40.713732,-73.961171,LOW,5
RIDE_004713,SCOOT_0268,USER_00060,06/16/2026 5:25 AM,06/16/2026 6:05 AM,40.707983,74.0043° W,40.70627,-73.998165,28,5
RIDE_004714,SCOOT_0250,USER_00006,2026-06-02 9:48:30,1780395570,40.7074,74.0035° W,40.703163,-74.004456,28,5
RIDE_004715,SCOOT_0065,USER_01272,2026-06-25 20:26:38,2026-06-25 20:57:38,40.7573° N,73.9641° W,40.754082,-73.962116,N/A,1
RIDE_004716,SCOOT_0398,USER_01366,1781855659,1781856379,40.712875,-74.0049,40.71575,-74.008756,5,3
RIDE_004717,SCOOT_0097,USER_00061,06/24/2026 9:35 AM,2026-06-24 9:47:39,40.7167,-73.9994,40.72,-73.998374,LOW,3
RIDE_004718,SCOOT_0068,USER_01012,06/30/2026 4:38 PM,06/30/2026 4:47 PM,40.711962,-74.00836,40.714432,-74.004577,40,5
RIDE_004719,SCOOT_0214,USER_01343,06/21/2026 1:02 PM,1782049400,40.695443,-74.0315,40.697526,-74.035806,71,3
RIDE_004720,SCOOT_0209,USER_00571,2026-06-15 9:24:12,1781517672,40.68669,-74.0273,40.685443,-74.031263,43,
RIDE_004721,SCOOT_0223,USER_00174,06/15/2026 3:24 AM,1781495907,40.705045,-74.0105,40.706972,-74.014356,7,4
RIDE_004722,SCOOT_0284,USER_00216,2026-06-30 5:27:57,06/30/2026 5:47 AM,40.711439,-73.998213,40.711291,-73.997186,35,1
RIDE_004723,SCOOT_0048,USER_00772,1780584866,2026-06-04 15:00:26,40.6939,-73.962731,40.692255,-73.963415,93%,2
RIDE_004724,SCOOT_0144,USER_00527,2026-06-18 9:52:32,2026-06-18 10:25:32,40.718068,74.0067° W,40.718212,-74.007572,5,2
RIDE_004725,SCOOT_0294,USER_00807,1780814256,2026-06-07 7:17:36,40.7117° N,74.0045° W,40.71336,-74.006448,90,2
RIDE_004726,SCOOT_0285,USER_01167,2026-06-24 4:29:35,1782277415,40.709736,74.0084° W,40.705532,-74.013208,87,5
RIDE_004727,SCOOT_0320,USER_00157,2026-06-16 1:21:00,2026-06-16 1:51:00,40.695143,-74.025728,40.697756,-74.032874,46,5
RIDE_004728,SCOOT_0336,USER_01144,1782143592,1782145572,40.71182,-74.010408,40.712251,-74.011662,36,
RIDE_004729,SCOOT_0150,USER_00355,1782355773,06/25/2026 3:06 AM,40.7179,-74.009183,40.71225,-74.012084,67,5
RIDE_004730,SCOOT_0162,USER_01424,2026-06-15 4:10:11,2026-06-15 4:27:11,40.7129° N,-74.004198,40.708699,-74.008807,18%,1
RIDE_004731,SCOOT_0061,USER_00545,2026-06-15 3:32:28,2026-06-15 4:01:28,40.6903,-74.0726,40.685319,-74.073909,47%,3
RIDE_004732,SCOOT_0047,USER_00286,06/08/2026 11:11 PM,06/08/2026 11:31 PM,40.751631,73.9952° W,40.74952,-73.995127,65,
RIDE_004733,SCOOT_0162,USER_00829,06/24/2026 1:37 AM,1782266673,40.709919,74.0057° W,40.708778,-74.005214,80%,4
RIDE_004734,SCOOT_0155,USER_01439,06/15/2026 12:57 PM,06/15/2026 1:26 PM,40.716313,-74.002643,40.720177,-74.000129,74,2
RIDE_004735,SCOOT_0103,USER_01438,1781667925,2026-06-17 4:13:25,40.693971,-74.053169,40.692808,-74.055802,90,3
RIDE_004736,SCOOT_0028,USER_00685,2026-06-05 10:19:44,06/05/2026 10:40 AM,40.712891,-73.992052,40.710714,-73.992164,41,1
RIDE_004737,SCOOT_0117,USER_00986,2026-06-27 18:17:05,06/27/2026 6:26 PM,40.7354° N,-73.963813,40.733705,-73.966031,77,5
RIDE_004738,SCOOT_0026,USER_01020,1781441524,2026-06-14 13:08:04,40.686901,-73.977933,40.68661,-73.979219,12,
RIDE_004739,SCOOT_0141,USER_00077,06/12/2026 1:18 AM,1781229503,40.7138,-74.007658,40.717225,-74.01058,LOW,4
RIDE_004740,SCOOT_0098,USER_00205,1780697241,1780698561,40.712052,74.0116° W,40.711011,-74.016658,42,
RIDE_004741,SCOOT_0312,USER_01423,06/05/2026 3:31 AM,06/05/2026 3:57 AM,40.7158,74.0029° W,40.718138,-74.002847,23%,1
RIDE_004742,SCOOT_0105,USER_00266,2026-06-15 4:02:56,1781497976,40.709281,-74.009201,40.713871,-74.004894,14,1
RIDE_004743,SCOOT_0241,USER_01187,1781746597,2026-06-18 2:21:37,40.71329,-74.008063,40.717396,-74.010146,90,1
RIDE_004744,SCOOT_0284,USER_01022,2026-06-05 2:34:13,1780629493,40.762577,-73.9585,40.760068,-73.955973,38,4
RIDE_004745,SCOOT_0186,USER_00668,2026-06-06 13:48:47,2026-06-06 13:58:47,40.714882,-74.006158,40.711902,-74.008331,33,2
RIDE_004746,SCOOT_0370,USER_00379,06/21/2026 9:15 PM,2026-06-21 21:56:51,40.7140° N,-74.011693,40.71435,-74.01007,100,
RIDE_004747,SCOOT_0041,USER_00686,06/10/2026 7:12 AM,06/10/2026 7:31 AM,40.7258,-74.036767,40.729753,-74.031681,89,2
RIDE_004748,SCOOT_0176,USER_01472,2026-06-08 21:34:16,06/08/2026 9:54 PM,40.697403,-74.0653,40.696419,-74.065404,15,1
RIDE_004749,SCOOT_0104,USER_01404,1781776874,06/18/2026 10:42 AM,40.6946° N,-74.04406,40.695453,-74.044333,62,1
RIDE_004750,SCOOT_0345,USER_00007,1780838827,1780839907,40.7139,-74.007842,40.712846,-74.00957,45,five star
RIDE_004751,SCOOT_0046,USER_00289,2026-06-15 12:44:13,1781529073,40.720469,74.0001° W,40.722135,-73.996168,72,4
RIDE_004752,SCOOT_0290,USER_00513,1780835012,2026-06-07 12:59:32,40.7644,-73.982075,40.759853,-73.982861,8%,2
RIDE_004753,SCOOT_0384,USER_00366,1782155716,06/22/2026 7:38 PM,40.71146,-74.010532,40.707001,-74.009054,low,4
RIDE_004754,SCOOT_0101,USER_01456,06/23/2026 6:53 PM,06/23/2026 7:21 PM,40.714098,-74.01067,40.71186,-74.007186,24%,
RIDE_004755,SCOOT_0394,USER_00720,06/12/2026 10:07 PM,2026-06-12 22:22:58,40.713046,-73.931784,40.712477,-73.930265,99,five star
RIDE_004756,SCOOT_0144,USER_01112,2026-06-29 15:10:14,2026-06-29 15:36:14,40.6890° N,-74.006998,40.689484,-74.006308,60,4
RIDE_004757,SCOOT_0119,USER_00666,06/03/2026 7:29 AM,1780472833,40.7131° N,74.0046° W,40.719692,-73.996938,96,2
RIDE_004758,SCOOT_0359,USER_00297,2026-06-25 1:37:01,06/25/2026 2:05 AM,40.6764° N,-74.090865,40.678202,-74.090306,80,4
RIDE_004759,SCOOT_0185,USER_00860,2026-06-28 15:22:28,2026-06-28 15:37:28,40.734021,-74.000302,40.734197,-73.996916,ERROR,3
RIDE_004760,SCOOT_0059,USER_01293,06/23/2026 12:32 AM,1782175647,40.774276,73.9957° W,40.771826,-73.996048,77,5
RIDE_004761,SCOOT_0310,USER_00166,1780783444,2026-06-06 22:48:04,40.7634,-73.9821,40.764671,-73.979131,16,3
RIDE_004762,SCOOT_0278,USER_01030,2026-06-21 4:25:44,1782018464,40.723654,-74.032922,40.721097,-74.033364,21,1
RIDE_004763,SCOOT_0057,USER_00967,1781090297,06/10/2026 11:23 AM,40.7565° N,73.9752° W,40.757657,-73.969056,LOW,4
RIDE_004764,SCOOT_0015,USER_00542,2026-06-21 5:12:45,06/21/2026 5:37 AM,40.73967,-73.960305,40.746734,-73.962061,57%,5
RIDE_004765,SCOOT_0157,USER_01308,1781265125,1781267645,40.7157° N,-74.024898,40.715949,-74.027238,82,4
RIDE_004766,SCOOT_0235,USER_00087,1782818011,1782819871,40.727036,-74.005854,40.72423,-74.003332,100,3
RIDE_004767,SCOOT_0113,USER_00754,06/23/2026 5:58 AM,2026-06-23 6:13:20,40.761593,73.9664° W,40.75815,-73.965337,94,1
RIDE_004768,SCOOT_0360,USER_00541,06/17/2026 4:21 AM,06/17/2026 4:39 AM,40.716,73.9965° W,40.71219,-73.996592,88,2
RIDE_004769,SCOOT_0342,USER_01280,06/12/2026 5:27 AM,06/12/2026 5:46 AM,40.717712,-74.0015,40.716427,-74.005346,9,5
RIDE_004770,SCOOT_0283,USER_00581,2026-06-17 18:50:20,2026-06-17 19:13:20,40.752776,-73.98697,40.754116,-73.987285,24,5
RIDE_004771,SCOOT_0057,USER_00381,2026-06-12 20:24:00,1781297220,40.674135,74.0224° W,40.674556,-74.021108,58,5
RIDE_004772,SCOOT_0324,USER_00878,06/20/2026 6:20 PM,2026-06-20 19:05:56,40.6660° N,74.0365° W,40.661688,-74.037927,59%,
RIDE_004773,SCOOT_0221,USER_00387,2026-06-24 7:50:46,2026-06-24 8:02:46,40.715105,-74.0154,40.719884,-74.014857,46%,4
RIDE_004774,SCOOT_0379,USER_00771,06/05/2026 9:40 PM,06/05/2026 10:06 PM,40.785206,-74.003219,40.786717,-74.002964,61,5
RIDE_004775,SCOOT_0066,USER_00791,2026-06-07 18:05:19,2026-06-07 18:26:19,40.764754,-73.990376,40.766173,-73.987069,55,1
RIDE_004776,SCOOT_0321,USER_01130,2026-06-21 18:37:04,06/21/2026 7:09 PM,40.7701,-73.966355,40.764413,-73.964248,98,
RIDE_004777,SCOOT_0030,USER_00022,2026-06-14 12:05:15,06/14/2026 12:42 PM,40.720619,74.0110° W,40.720345,-74.008336,60,4
RIDE_004778,SCOOT_0046,USER_00977,06/08/2026 10:42 AM,06/08/2026 10:50 AM,40.7129° N,-74.00534,40.711753,-74.006624,4,3
RIDE_004779,SCOOT_0219,USER_00548,1780521984,06/03/2026 10:06 PM,40.712453,-74.005833,40.708909,-74.006031,LOW,1
RIDE_004780,SCOOT_0169,USER_01282,06/22/2026 9:23 AM,2026-06-22 9:29:22,40.814471,-73.979583,40.810759,-73.980037,54,three
RIDE_004781,SCOOT_0118,USER_00062,1781159905,06/11/2026 6:57 AM,40.6985° N,-74.032767,40.698925,-74.034898,71,
RIDE_004782,SCOOT_0181,USER_00261,06/29/2026 6:42 PM,2026-06-29 19:26:44,40.6880° N,73.9849° W,40.683406,-73.990156,88,1
RIDE_004783,SCOOT_0250,USER_00786,1780644483,1780645623,40.7155° N,-74.013723,40.712553,-74.019123,62%,2
RIDE_004784,SCOOT_0015,USER_00727,1781370080,06/13/2026 5:04 PM,40.739177,-73.959439,40.739514,-73.952263,8,3
RIDE_004785,SCOOT_0318,USER_00042,06/04/2026 3:12 AM,2026-06-04 3:49:28,40.7171,74.0097° W,40.713556,-74.001605,93%,4
RIDE_004786,SCOOT_0081,USER_00318,2026-06-09 7:21:35,2026-06-09 7:57:35,40.751851,-73.923413,40.752076,-73.922592,14,3
RIDE_004787,SCOOT_0069,USER_00788,1781134936,2026-06-10 23:50:16,40.7069,-74.0054,40.707085,-74.008084,54,5
RIDE_004788,SCOOT_0280,USER_00664,06/12/2026 7:38 PM,06/12/2026 7:55 PM,40.710646,-73.9999,40.71027,-73.993726,79%,5
RIDE_004789,SCOOT_0318,USER_00768,2026-06-14 0:58:45,1781400465,40.665686,-73.9984,40.661045,-74.002071,78,1
RIDE_004790,SCOOT_0131,USER_01264,06/16/2026 8:39 PM,2026-06-16 21:24:57,40.7448° N,73.9713° W,40.745636,-73.973332,33,5
RIDE_004791,SCOOT_0087,USER_00479,2026-06-07 0:10:48,06/07/2026 12:42 AM,40.7043,-73.938446,40.703487,-73.941795,93%,
RIDE_004792,SCOOT_0285,USER_00865,1780421355,2026-06-02 18:02:15,40.7139,-74.005182,40.712932,-74.004737,84%,2
RIDE_004793,SCOOT_0050,USER_01424,06/01/2026 2:43 AM,06/01/2026 2:50 AM,40.759999,-73.956002,40.757009,-73.957818,70,5
RIDE_004794,SCOOT_0162,USER_00472,2026-06-21 7:58:29,2026-06-21 8:31:29,40.770976,73.9614° W,40.775733,-73.958253,90,3
RIDE_004795,SCOOT_0004,USER_01164,2026-06-25 4:53:02,1782364682,40.7063° N,74.0368° W,40.710534,-74.032709,10,1
RIDE_004796,SCOOT_0001,USER_00015,06/09/2026 1:11 PM,2026-06-09 13:22:22,40.73546,-73.949576,40.734464,-73.945072,56,1
RIDE_004797,SCOOT_0260,USER_00756,06/18/2026 6:39 PM,2026-06-18 19:16:19,40.7728° N,-73.931627,40.775161,-73.926234,57,2
RIDE_004798,SCOOT_0103,USER_00294,2026-06-11 15:38:30,1781194710,40.7213° N,-73.927099,40.718416,-73.924567,10,4
RIDE_004799,SCOOT_0354,USER_00396,1781536150,2026-06-15 15:16:10,40.7185,-73.94006,40.719927,-73.937887,2,3
RIDE_004800,SCOOT_0295,USER_00562,1782491584,2026-06-26 17:18:04,40.710917,-74.003834,40.709777,-74.003487,45,3
RIDE_004801,SCOOT_0275,USER_00167,1780361021,1780363061,40.713498,-74.007409,40.713687,-74.008535,80,5
RIDE_004802,SCOOT_0342,USER_01184,1780599984,1780602084,40.711281,-74.001693,40.711807,-74.000652,88,
RIDE_004803,SCOOT_0245,USER_01465,1782825242,2026-06-30 13:37:02,40.753954,-73.962731,40.755545,-73.963926,60,4
RIDE_004804,SCOOT_0386,USER_01015,06/08/2026 4:46 AM,2026-06-08 5:12:07,40.7422,-74.033785,40.744554,-74.031646,71,2
RIDE_004805,SCOOT_0345,USER_00791,06/27/2026 4:37 AM,1782536014,40.772232,-73.9741,40.773884,-73.971471,56%,4
RIDE_004806,SCOOT_0149,USER_00808,2026-06-17 22:57:38,06/17/2026 11:11 PM,40.674682,-74.0385,40.674132,-74.041797,70,3
RIDE_004807,SCOOT_0320,USER_00158,1782518791,06/27/2026 12:49 AM,40.720443,-74.020087,40.71595,-74.021705,31%,1
RIDE_004808,SCOOT_0214,USER_00516,2026-06-22 8:21:13,2026-06-22 8:36:13,40.6732° N,-74.0239,40.673682,-74.019783,89,3
RIDE_004809,SCOOT_0208,USER_00442,06/28/2026 12:44 PM,2026-06-28 12:47:42,40.7101,-74.002503,40.718653,-74.001435,84,1
RIDE_004810,SCOOT_0132,USER_00903,1780500478,2026-06-03 16:12:58,40.723333,-73.99493,40.719067,-73.993172,29,1
RIDE_004811,SCOOT_0356,USER_01097,1780979586,06/09/2026 4:43 AM,40.714,-74.007039,40.711374,-74.004957,87,1
RIDE_004812,SCOOT_0006,USER_00899,1782388324,1782390064,40.7290° N,-73.943027,40.729294,-73.946697,65,5
RIDE_004813,SCOOT_0078,USER_00777,2026-06-26 5:07:25,2026-06-26 5:27:25,40.710744,74.0071° W,40.717981,-74.009766,ERROR,2
RIDE_004814,SCOOT_0378,USER_00666,1782596856,2026-06-27 22:17:36,40.7038° N,-74.0196,40.705273,-74.021122,56,1
RIDE_004815,SCOOT_0300,USER_00346,2026-06-23 1:18:12,2026-06-23 1:23:12,40.726119,-73.971906,40.725221,-73.973683,9,4
RIDE_004816,SCOOT_0221,USER_01035,06/04/2026 5:12 AM,1780551800,40.710645,-74.001261,40.709686,-74.004664,54,5
RIDE_004817,SCOOT_0341,USER_00668,1780939002,2026-06-08 17:27:42,40.7488° N,-73.984413,40.744749,-73.979535,11,2
RIDE_004818,SCOOT_0191,USER_01315,2026-06-18 3:20:06,1781755206,40.747952,-73.9066,40.749128,-73.912878,31,2
RIDE_004819,SCOOT_0276,USER_01024,2026-06-30 14:14:03,1782831183,40.7189° N,74.0095° W,40.716595,-74.008985,1%,1
RIDE_004820,SCOOT_0294,USER_00712,2026-06-23 13:49:52,06/23/2026 2:02 PM,40.775965,-73.9646,40.778683,-73.96557,88,1
RIDE_004821,SCOOT_0397,USER_00232,06/24/2026 6:28 PM,2026-06-24 18:35:21,40.751448,73.9786° W,40.751058,-73.975913,25,4
RIDE_004822,SCOOT_0198,USER_01324,2026-06-10 12:59:03,06/10/2026 1:03 PM,40.765502,-73.956173,40.757924,-73.955789,60,2
RIDE_004823,SCOOT_0067,USER_00639,2026-06-03 6:26:13,06/03/2026 6:50 AM,40.7124,-74.005328,40.710102,-74.009302,68,1
RIDE_004824,SCOOT_0024,USER_01399,2026-06-03 11:56:14,06/03/2026 12:09 PM,40.7147° N,-74.007425,40.716377,-74.009438,70,1
RIDE_004825,SCOOT_0189,USER_00893,06/13/2026 1:25 AM,06/13/2026 1:43 AM,40.7772,-73.947979,40.778109,-73.948619,60,4
RIDE_004826,SCOOT_0382,USER_00013,06/24/2026 10:57 PM,1782343084,40.765448,-73.977849,40.766164,-73.97472,99,3
RIDE_004827,SCOOT_0080,USER_01463,2026-06-07 18:01:57,2026-06-07 18:28:57,40.7185,-74.011,40.715355,-74.01335,N/A,3
RIDE_004828,SCOOT_0386,USER_00803,1782795312,06/30/2026 5:21 AM,40.70679,-74.006251,40.708591,-74.006315,10,2
RIDE_004829,SCOOT_0219,USER_00204,2026-06-24 7:22:41,1782286481,40.7107,-74.001494,40.711085,-74.000465,84%,3
RIDE_004830,SCOOT_0028,USER_01048,2026-06-26 22:53:16,06/26/2026 11:10 PM,40.717417,-74.006493,40.723598,-74.007836,54,5
RIDE_004831,SCOOT_0294,USER_01125,1780720345,2026-06-06 4:48:25,40.8014,-73.997095,40.802911,-73.999022,14,1
RIDE_004832,SCOOT_0043,USER_01291,2026-06-07 1:46:40,2026-06-07 2:21:40,40.722891,73.9976° W,40.723764,-73.999516,67,5
RIDE_004833,SCOOT_0337,USER_01360,1782079608,2026-06-21 22:44:48,40.724845,74.0219° W,40.729895,-74.024903,low,4
RIDE_004834,SCOOT_0128,USER_00757,2026-06-24 18:26:23,2026-06-24 19:09:23,40.7074° N,-74.0022,40.705643,-74.002216,67%,5
RIDE_004835,SCOOT_0209,USER_01140,06/17/2026 8:25 PM,1781728118,40.711511,74.0113° W,40.71128,-74.007456,56,4
RIDE_004836,SCOOT_0140,USER_01054,2026-06-16 20:42:42,2026-06-16 20:48:42,40.716813,-74.005073,40.720149,-74.008251,74,4
RIDE_004837,SCOOT_0079,USER_01312,1780966903,2026-06-09 1:41:43,40.711498,-74.004417,40.711107,-74.005157,48,2
RIDE_004838,SCOOT_0387,USER_00221,2026-06-09 20:11:09,06/09/2026 8:51 PM,40.7340° N,74.0271° W,40.736441,-74.026397,52,5
RIDE_004839,SCOOT_0276,USER_00517,06/11/2026 10:40 PM,06/11/2026 11:08 PM,40.716408,-74.0077,40.71427,-74.007729,100,3
RIDE_004840,SCOOT_0177,USER_01398,06/29/2026 12:23 PM,06/29/2026 12:43 PM,40.7162,-74.006926,40.718622,-74.009945,54,3
RIDE_004841,SCOOT_0157,USER_01352,1781489229,06/15/2026 2:42 AM,40.7548,73.9869° W,40.75845,-73.986279,12,3
RIDE_004842,SCOOT_0023,USER_00787,1781446185,2026-06-14 14:35:45,40.7241° N,-74.0715,40.724511,-74.070916,61%,2
RIDE_004843,SCOOT_0180,USER_01068,2026-06-04 3:29:31,2026-06-04 3:48:31,40.7252° N,-74.0223,40.730255,-74.022228,ERROR,
RIDE_004844,SCOOT_0377,USER_00556,1781182125,1781182965,40.7085,-74.006064,40.707512,-73.997714,37%,1
RIDE_004845,SCOOT_0067,USER_00886,1781808191,2026-06-18 19:04:11,40.727099,-74.007807,40.726763,-74.004954,41,5
RIDE_004846,SCOOT_0114,USER_00869,06/21/2026 7:46 AM,1782029797,40.7684° N,-74.043931,40.770306,-74.043847,low,1
RIDE_004847,SCOOT_0174,USER_00691,06/12/2026 10:25 PM,1781303417,40.662977,-74.026896,40.669716,-74.025225,ERROR,
RIDE_004848,SCOOT_0372,USER_00275,2026-06-26 1:04:55,1782436495,40.7526,-73.899118,40.750118,-73.90469,30,4
RIDE_004849,SCOOT_0064,USER_01390,1782150209,2026-06-22 18:04:29,40.7192,-74.013752,40.715115,-74.013987,3%,4
RIDE_004850,SCOOT_0362,USER_01285,1780374436,2026-06-02 4:51:16,40.775951,-73.980579,40.77359,-73.98125,LOW,5
RIDE_004851,SCOOT_0266,USER_00860,2026-06-30 12:14:56,2026-06-30 12:47:56,40.74851,-74.0066,40.748082,-74.010623,96,1
RIDE_004852,SCOOT_0371,USER_00525,2026-06-13 18:35:41,2026-06-13 18:49:41,40.719281,-74.040021,40.722319,-74.041248,73,4
RIDE_004853,SCOOT_0303,USER_00555,06/04/2026 8:00 PM,06/04/2026 8:07 PM,40.7019,74.0001° W,40.699342,-73.999275,100,1
RIDE_004854,SCOOT_0273,USER_01419,06/17/2026 6:10 AM,1781678841,40.698158,74.0171° W,40.699374,-74.02055,30,1
RIDE_004855,SCOOT_0095,USER_00919,2026-06-26 19:14:54,2026-06-26 19:42:54,40.7053,-73.9302,40.705233,-73.929729,59,2
RIDE_004856,SCOOT_0263,USER_00212,1781022878,06/09/2026 5:15 PM,40.7646° N,-73.984352,40.766377,-73.98406,32,4
RIDE_004857,SCOOT_0340,USER_01437,2026-06-22 5:16:47,1782105947,40.704771,-74.012992,40.710555,-74.012991,88,4
RIDE_004858,SCOOT_0125,USER_00754,1780307533,1780308073,40.716601,-74.0074,40.716427,-74.008743,51,2
RIDE_004859,SCOOT_0145,USER_00308,1781831486,06/19/2026 1:39 AM,40.722664,-74.004987,40.721059,-74.009942,65,1
RIDE_004860,SCOOT_0338,USER_00800,1780445294,06/03/2026 12:49 AM,40.739975,73.9913° W,40.742207,-73.988698,74,4
RIDE_004861,SCOOT_0399,USER_01442,06/22/2026 4:06 PM,1782146704,40.710949,-74.00331,40.709136,-74.006281,ERROR,1
RIDE_004862,SCOOT_0338,USER_01493,1782669537,06/28/2026 6:38 PM,40.7717° N,-73.9889,40.773245,-73.987631,low,4
RIDE_004863,SCOOT_0381,USER_00392,06/19/2026 6:37 PM,1781895330,40.743359,73.9663° W,40.741603,-73.967304,17,5
RIDE_004864,SCOOT_0354,USER_00396,1780524694,1780526134,40.69617,-73.99742,40.699731,-73.993384,33,4
RIDE_004865,SCOOT_0006,USER_00767,2026-06-24 6:28:56,2026-06-24 6:40:56,40.754616,73.9718° W,40.755953,-73.969897,85,5
RIDE_004866,SCOOT_0152,USER_00360,2026-06-19 12:03:35,2026-06-19 12:22:35,40.6952,73.9696° W,40.698017,-73.96673,29,1
RIDE_004867,SCOOT_0283,USER_00607,2026-06-28 10:21:00,2026-06-28 10:36:00,40.773,-73.957317,40.769887,-73.957734,N/A,5
RIDE_004868,SCOOT_0091,USER_00310,2026-06-27 1:09:33,2026-06-27 1:48:33,40.6731° N,-74.000499,40.672571,-74.00062,41%,1
RIDE_004869,SCOOT_0095,USER_00308,1780335540,1780336200,40.7176° N,74.0078° W,40.71686,-74.007762,50,
RIDE_004870,SCOOT_0031,USER_00796,2026-06-09 18:03:33,1781030853,40.7054° N,-74.007064,40.697983,-74.008821,25,1
RIDE_004871,SCOOT_0225,USER_01285,2026-06-18 11:14:33,1781781453,40.7232° N,-73.999855,40.721419,-73.999732,N/A,1
RIDE_004872,SCOOT_0063,USER_00451,2026-06-19 6:52:33,1781852793,40.7269,73.9857° W,40.735691,-73.980209,39,5
RIDE_004873,SCOOT_0386,USER_00783,06/02/2026 10:52 PM,2026-06-02 23:19:00,40.7495,-73.982497,40.746514,-73.984902,25,1
RIDE_004874,SCOOT_0191,USER_00127,06/09/2026 3:35 AM,2026-06-09 4:01:22,40.765244,-73.995998,40.767956,-73.991289,22%,5
RIDE_004875,SCOOT_0367,USER_01107,2026-06-03 0:55:43,1780448803,40.7141° N,74.0056° W,40.709088,-74.00335,73,2
RIDE_004876,SCOOT_0048,USER_00108,2026-06-11 18:28:10,2026-06-11 18:38:10,40.708225,-74.007672,40.711104,-74.004583,80%,
RIDE_004877,SCOOT_0339,USER_01107,2026-06-23 3:04:21,1782186321,40.6912,-73.996178,40.689072,-73.999772,65%,2
RIDE_004878,SCOOT_0311,USER_01101,1780483243,1780485883,40.7487° N,-74.009863,40.750753,-74.008679,80%,4
RIDE_004879,SCOOT_0375,USER_00234,06/28/2026 3:09 AM,06/28/2026 3:43 AM,40.7596° N,-74.0048,40.756025,-74.004628,14,2
RIDE_004880,SCOOT_0135,USER_01361,06/27/2026 3:50 PM,2026-06-27 16:21:17,40.7593,-73.9884,40.758414,-73.983313,low,4
RIDE_004881,SCOOT_0332,USER_01413,06/12/2026 1:51 PM,06/12/2026 2:03 PM,40.756921,-73.946286,40.760727,-73.941177,56,2
RIDE_004882,SCOOT_0353,USER_01497,06/22/2026 8:30 PM,06/22/2026 8:46 PM,40.6913° N,-73.994137,40.690015,-73.999127,N/A,4
RIDE_004883,SCOOT_0362,USER_00039,06/15/2026 10:31 PM,1781563254,40.736,-74.014674,40.732855,-74.015918,79,3
RIDE_004884,SCOOT_0233,USER_00090,06/04/2026 8:18 AM,2026-06-04 8:22:41,40.7096° N,-74.008775,40.70895,-74.003582,40%,5
RIDE_004885,SCOOT_0365,USER_01377,06/15/2026 7:11 AM,06/15/2026 7:15 AM,40.710135,73.9994° W,40.712681,-73.998174,15,1
RIDE_004886,SCOOT_0337,USER_00524,2026-06-29 4:58:07,2026-06-29 5:10:07,40.776362,73.9773° W,40.780221,-73.975626,50,5
RIDE_004887,SCOOT_0209,USER_00027,06/11/2026 2:12 AM,06/11/2026 2:21 AM,40.706141,74.0048° W,40.708493,-74.005682,15,1
RIDE_004888,SCOOT_0155,USER_01255,2026-06-10 12:05:58,06/10/2026 12:49 PM,40.751425,-73.9803,40.747292,-73.984908,N/A,4
RIDE_004889,SCOOT_0116,USER_00394,06/25/2026 4:47 PM,2026-06-25 16:56:09,40.6821° N,-73.992619,40.674588,-73.994619,29,3
RIDE_004890,SCOOT_0365,USER_00362,06/18/2026 10:50 AM,06/18/2026 11:06 AM,40.709737,-74.007129,40.704168,-74.005917,16,
RIDE_004891,SCOOT_0175,USER_01101,2026-06-30 1:49:07,06/30/2026 2:24 AM,40.707707,-74.00147,40.705842,-74.001757,25,1
RIDE_004892,SCOOT_0018,USER_00515,06/26/2026 1:02 PM,06/26/2026 1:32 PM,40.7128° N,-74.005023,40.712926,-74.006304,32,3
RIDE_004893,SCOOT_0191,USER_00574,1782730083,1782732783,40.6961° N,74.0352° W,40.693766,-74.033898,97,5
RIDE_004894,SCOOT_0299,USER_00602,2026-06-11 13:17:55,06/11/2026 1:37 PM,40.781834,-73.971382,40.784632,-73.970866,90,3
RIDE_004895,SCOOT_0080,USER_00898,06/29/2026 9:49 AM,2026-06-29 10:00:34,40.7091° N,-74.009239,40.710015,-74.00641,59,3
RIDE_004896,SCOOT_0334,USER_01381,1782856198,06/30/2026 10:18 PM,40.804118,73.9661° W,40.800607,-73.968365,39,5
RIDE_004897,SCOOT_0389,USER_00330,06/13/2026 10:22 AM,1781346583,40.77617,-73.9395,40.776313,-73.942369,93,5
RIDE_004898,SCOOT_0193,USER_00757,1781235807,06/12/2026 3:56 AM,40.7191° N,-74.003999,40.716737,-74.00698,14,4
RIDE_004899,SCOOT_0164,USER_01190,06/27/2026 1:25 PM,1782568364,40.714029,-74.0058,40.716525,-74.004182,87,2
RIDE_004900,SCOOT_0291,USER_00586,1782610113,2026-06-28 1:36:33,40.7117° N,74.0082° W,40.711262,-74.009827,97,4
RIDE_004901,SCOOT_0197,USER_00305,1782616827,06/28/2026 3:39 AM,40.7805,-73.970871,40.777802,-73.968979,93,5
RIDE_004902,SCOOT_0385,USER_00647,2026-06-12 17:16:42,06/12/2026 5:48 PM,40.7113,-74.0094,40.710263,-74.008641,N/A,4
RIDE_004903,SCOOT_0217,USER_01169,06/29/2026 4:51 PM,2026-06-29 17:19:31,40.713132,-74.004312,40.715827,-74.000397,15,
RIDE_004904,SCOOT_0103,USER_00867,2026-06-27 14:53:00,1782573900,40.70621,-74.0094,40.705402,-74.012401,20%,3
RIDE_004905,SCOOT_0036,USER_01024,06/20/2026 6:16 AM,2026-06-20 6:51:03,40.791937,-73.9458,40.793888,-73.943177,37%,3
RIDE_004906,SCOOT_0189,USER_00440,1782287486,2026-06-24 8:08:26,40.711119,-74.001479,40.706327,-74.001701,55,1
RIDE_004907,SCOOT_0313,USER_01477,1781093481,1781093781,40.7093° N,-74.004875,40.709097,-73.999034,85%,3
RIDE_004908,SCOOT_0343,USER_00760,06/29/2026 7:39 PM,06/29/2026 8:22 PM,40.766733,-73.98001,40.765932,-73.974982,64,5
RIDE_004909,SCOOT_0276,USER_00883,1782664019,2026-06-28 16:54:59,40.7127,-74.0047,40.712807,-74.005886,22,2
RIDE_004910,SCOOT_0235,USER_00475,1781332208,2026-06-13 6:42:08,40.70123,-74.027239,40.696587,-74.02619,44%,4
RIDE_004911,SCOOT_0365,USER_00914,1781920923,1781922543,40.779764,-73.978736,40.777603,-73.983064,86,3
RIDE_004912,SCOOT_0081,USER_00809,06/14/2026 2:44 AM,1781406193,40.7218° N,-74.0201,40.72372,-74.018974,54%,2
RIDE_004913,SCOOT_0045,USER_00933,1780547869,1780548769,40.7147,-74.005866,40.715864,-74.006224,35,5
RIDE_004914,SCOOT_0263,USER_00146,06/14/2026 9:51 AM,2026-06-14 10:28:45,40.700094,-74.02527,40.692939,-74.025813,44%,4
RIDE_004915,SCOOT_0005,USER_00697,06/18/2026 8:53 AM,2026-06-18 9:09:35,40.7788° N,73.9711° W,40.779471,-73.9733,98,4
RIDE_004916,SCOOT_0354,USER_00375,06/07/2026 9:02 AM,2026-06-07 9:46:44,40.7683° N,-73.988086,40.773072,-73.991029,8%,4
RIDE_004917,SCOOT_0226,USER_00735,06/10/2026 10:29 PM,06/10/2026 11:07 PM,40.746401,-73.9945,40.741954,-73.997357,70,5
RIDE_004918,SCOOT_0104,USER_00008,1781704850,2026-06-17 14:16:50,40.750464,-73.999944,40.738895,-73.996721,LOW,1
RIDE_004919,SCOOT_0011,USER_01055,06/13/2026 7:19 AM,06/13/2026 7:42 AM,40.706064,74.0036° W,40.706157,-73.997291,2,5
RIDE_004920,SCOOT_0370,USER_00110,1781741598,1781742978,40.8030° N,-73.981292,40.800933,-73.976784,47%,3
RIDE_004921,SCOOT_0343,USER_00577,06/06/2026 10:55 AM,1780745735,40.706897,74.0052° W,40.706503,-74.006266,73,3
RIDE_004922,SCOOT_0334,USER_00128,1782380090,1782381290,40.7142,74.0052° W,40.715586,-74.004825,95,2
RIDE_004923,SCOOT_0189,USER_01311,06/04/2026 9:32 PM,1780611182,40.7145° N,74.0056° W,40.712492,-74.005615,67,3
RIDE_004924,SCOOT_0046,USER_00944,06/13/2026 3:27 PM,2026-06-13 15:44:33,40.7341,-74.001308,40.733104,-74.001666,80,2
RIDE_004925,SCOOT_0059,USER_00675,1780902593,06/08/2026 7:24 AM,40.7496° N,-73.949672,40.748109,-73.949082,43,1
RIDE_004926,SCOOT_0135,USER_00399,2026-06-22 1:14:01,1782091921,40.713272,-74.008435,40.713493,-74.005426,52%,2
RIDE_004927,SCOOT_0218,USER_00006,1780925248,2026-06-08 13:58:28,40.7135,-74.005094,40.71143,-73.999187,9%,5
RIDE_004928,SCOOT_0353,USER_00671,1781374888,1781375728,40.7701° N,-74.004556,40.772713,-74.0049,33,3
RIDE_004929,SCOOT_0282,USER_01176,06/29/2026 8:29 AM,06/29/2026 8:39 AM,40.7423° N,-73.996611,40.747954,-73.995547,87,1
RIDE_004930,SCOOT_0209,USER_01436,06/14/2026 4:55 PM,2026-06-14 17:17:31,40.715,74.0053° W,40.715809,-74.001154,84,1
RIDE_004931,SCOOT_0351,USER_00336,2026-06-22 4:06:50,06/22/2026 4:32 AM,40.701083,-74.0379,40.703687,-74.036449,90,2
RIDE_004932,SCOOT_0305,USER_00087,2026-06-07 2:31:54,06/07/2026 2:45 AM,40.713232,-74.004117,40.71212,-74.004055,6,4
RIDE_004933,SCOOT_0141,USER_00280,1780835310,1780835550,40.712273,-74.008366,40.715841,-74.012603,44%,1
RIDE_004934,SCOOT_0034,USER_00640,06/10/2026 8:11 PM,06/10/2026 8:35 PM,40.805218,73.9680° W,40.799884,-73.968625,21,
RIDE_004935,SCOOT_0220,USER_00818,06/26/2026 8:58 AM,06/26/2026 9:41 AM,40.712126,-74.0044,40.709158,-74.004336,34%,4
RIDE_004936,SCOOT_0222,USER_00551,1781671269,1781673789,40.712316,-74.00895,40.709685,-74.006194,ERROR,3
RIDE_004937,SCOOT_0130,USER_00336,06/08/2026 6:28 PM,1780946028,40.706014,-74.004088,40.708406,-74.004744,95,3
RIDE_004938,SCOOT_0398,USER_00577,1781773008,06/18/2026 9:22 AM,40.749947,-73.94473,40.747833,-73.946535,70,
RIDE_004939,SCOOT_0015,USER_01466,1782146069,06/22/2026 5:14 PM,40.67929,-74.0212,40.683167,-74.025381,55,5
RIDE_004940,SCOOT_0005,USER_00060,06/15/2026 1:23 PM,1781530803,40.7507° N,-73.918822,40.755386,-73.917667,98,4
RIDE_004941,SCOOT_0154,USER_01295,06/28/2026 9:10 AM,06/28/2026 9:24 AM,40.699615,-73.9651,40.701712,-73.958361,68,5
RIDE_004942,SCOOT_0353,USER_00794,1780818739,06/07/2026 8:27 AM,40.7676,-73.982629,40.764052,-73.984372,81,
RIDE_004943,SCOOT_0129,USER_00713,1781633902,1781634202,40.707056,74.0069° W,40.709834,-74.006871,LOW,3
RIDE_004944,SCOOT_0089,USER_00199,06/26/2026 4:46 AM,1782451588,40.7169° N,-74.00465,40.715678,-74.004387,58,5
RIDE_004945,SCOOT_0195,USER_00135,1782066413,2026-06-21 19:05:53,40.714688,-74.005443,40.71514,-74.00775,52,3
RIDE_004946,SCOOT_0016,USER_00670,1781777447,2026-06-18 10:18:47,40.711068,-73.996966,40.714753,-74.001388,58%,1
RIDE_004947,SCOOT_0278,USER_00849,1781362719,1781363619,40.658761,-74.0073,40.661441,-74.008836,99,4
RIDE_004948,SCOOT_0327,USER_01386,06/11/2026 8:28 AM,06/11/2026 8:52 AM,40.726533,-74.0076,40.726044,-74.005339,19,1
RIDE_004949,SCOOT_0279,USER_01390,06/23/2026 6:03 AM,06/23/2026 6:23 AM,40.710672,74.0071° W,40.712683,-74.007241,N/A,1
RIDE_004950,SCOOT_0262,USER_00295,2026-06-12 2:24:53,2026-06-12 3:05:53,40.7871° N,-73.9541,40.788962,-73.954272,69,1
RIDE_004951,SCOOT_0229,USER_01451,06/30/2026 7:59 AM,06/30/2026 8:33 AM,40.7163,-74.00729,40.717146,-74.010039,66%,
RIDE_004952,SCOOT_0053,USER_00873,2026-06-08 5:32:47,2026-06-08 6:06:47,40.7336,-74.000188,40.739536,-73.993011,70,1
RIDE_004953,SCOOT_0138,USER_01372,1780662680,1780665020,40.7159,-74.005726,40.713015,-74.003012,48,
RIDE_004954,SCOOT_0334,USER_00952,06/30/2026 4:05 PM,2026-06-30 16:36:00,40.762206,-73.9747,40.767395,-73.977213,77,2
RIDE_004955,SCOOT_0019,USER_00268,1781706098,2026-06-17 14:31:38,40.709103,-74.006946,40.711566,-74.005281,99%,3
RIDE_004956,SCOOT_0331,USER_00626,2026-06-14 23:20:33,06/14/2026 11:25 PM,40.7127° N,73.9201° W,40.709083,-73.922582,82,3
RIDE_004957,SCOOT_0199,USER_00958,2026-06-02 18:32:05,1780426505,40.746591,73.9791° W,40.74926,-73.978209,79%,4
RIDE_004958,SCOOT_0345,USER_00629,1782130837,06/22/2026 12:50 PM,40.7659° N,-73.940144,40.765545,-73.936513,low,2
RIDE_004959,SCOOT_0326,USER_00613,06/27/2026 3:10 AM,2026-06-27 3:25:20,40.728782,-73.90532,40.730404,-73.912378,7,5
RIDE_004960,SCOOT_0293,USER_00262,1781087158,2026-06-10 11:03:58,40.771951,-73.967445,40.774805,-73.973178,46,1
RIDE_004961,SCOOT_0041,USER_00344,06/03/2026 11:29 AM,1780488155,40.7356° N,73.9798° W,40.733117,-73.974548,21,4
RIDE_004962,SCOOT_0078,USER_00135,06/01/2026 11:24 AM,2026-06-01 11:36:02,40.7487° N,-73.968731,40.750321,-73.967023,ERROR,3
RIDE_004963,SCOOT_0218,USER_00858,2026-06-21 4:35:21,2026-06-21 4:47:21,40.69946,74.0086° W,40.695222,-74.007385,20,1
RIDE_004964,SCOOT_0226,USER_00097,06/30/2026 12:45 PM,06/30/2026 1:04 PM,40.7116° N,74.0059° W,40.705409,-74.006868,25,1
RIDE_004965,SCOOT_0176,USER_01435,1780451494,1780453834,40.783703,-73.9494,40.785859,-73.953417,65,2
RIDE_004966,SCOOT_0317,USER_00219,2026-06-15 20:13:47,2026-06-15 20:32:47,40.8083° N,-73.95672,40.807936,-73.962795,72%,4
RIDE_004967,SCOOT_0062,USER_01083,2026-06-23 2:16:42,06/23/2026 2:49 AM,40.768,-73.9798,40.76901,-73.979638,12,5
RIDE_004968,SCOOT_0206,USER_00363,2026-06-21 15:37:54,06/21/2026 3:48 PM,40.718954,74.0065° W,40.718908,-74.001766,47,3
RIDE_004969,SCOOT_0222,USER_01057,2026-06-25 3:51:53,06/25/2026 3:54 AM,40.7352° N,73.9694° W,40.73464,-73.972421,6,3
RIDE_004970,SCOOT_0217,USER_00421,1781213557,1781213857,40.7306,-73.9214,40.734684,-73.916942,LOW,3
RIDE_004971,SCOOT_0071,USER_00486,1781837985,06/19/2026 3:05 AM,40.711621,-74.009949,40.710665,-74.013494,low,4
RIDE_004972,SCOOT_0320,USER_00264,2026-06-04 10:00:52,2026-06-04 10:33:52,40.7119° N,74.0074° W,40.714113,-74.013984,91,2
RIDE_004973,SCOOT_0367,USER_01044,2026-06-13 14:06:57,2026-06-13 14:46:57,40.7099,-74.0089,40.713427,-74.012244,19,3
RIDE_004974,SCOOT_0062,USER_01205,2026-06-27 18:10:44,06/27/2026 6:40 PM,40.713707,-74.006513,40.716836,-74.004725,11,2
RIDE_004975,SCOOT_0229,USER_01076,06/13/2026 6:57 PM,2026-06-13 19:34:31,40.7133° N,-74.0082,40.707728,-74.007477,55,3
RIDE_004976,SCOOT_0062,USER_01007,2026-06-30 19:03:05,06/30/2026 7:39 PM,40.69981,-74.075997,40.696109,-74.07524,93,5
RIDE_004977,SCOOT_0105,USER_01086,06/05/2026 7:11 AM,2026-06-05 7:22:51,40.719583,74.0258° W,40.717861,-74.031322,40,
RIDE_004978,SCOOT_0058,USER_00413,1781574494,2026-06-16 2:14:14,40.7167,74.0705° W,40.718372,-74.070602,46,3
RIDE_004979,SCOOT_0354,USER_00963,1781476409,2026-06-14 22:38:29,40.7742° N,74.0015° W,40.774376,-74.00664,N/A,1
RIDE_004980,SCOOT_0398,USER_00642,06/28/2026 3:34 AM,06/28/2026 4:07 AM,40.7443° N,73.9593° W,40.738974,-73.959958,2%,
RIDE_004981,SCOOT_0177,USER_00412,2026-06-25 11:03:41,1782386861,40.709426,-74.029566,40.707432,-74.034332,51,5
RIDE_004982,SCOOT_0149,USER_01330,06/15/2026 5:21 AM,06/15/2026 5:40 AM,40.7148,-74.000631,40.712851,-74.003041,76,1
RIDE_004983,SCOOT_0382,USER_00105,1782774710,2026-06-29 23:29:50,40.7023° N,73.9946° W,40.705988,-73.998287,N/A,3
RIDE_004984,SCOOT_0018,USER_00157,1780696440,06/05/2026 10:28 PM,40.718934,73.9212° W,40.718402,-73.920441,3%,3
RIDE_004985,SCOOT_0204,USER_00142,1780855159,06/07/2026 6:19 PM,40.692261,-73.999,40.695142,-73.998101,ERROR,3
RIDE_004986,SCOOT_0020,USER_01412,2026-06-01 12:02:55,1780317715,40.765417,-73.941735,40.764629,-73.941041,37,3
RIDE_004987,SCOOT_0198,USER_00155,2026-06-11 3:45:53,1781150993,40.709799,-73.983441,40.705946,-73.982504,21%,1
RIDE_004988,SCOOT_0285,USER_00197,1780358087,06/02/2026 12:20 AM,40.711303,-74.008324,40.711401,-74.011208,N/A,2
RIDE_004989,SCOOT_0186,USER_00595,06/15/2026 5:34 PM,06/15/2026 5:53 PM,40.708258,-74.016462,40.7135,-74.014795,10%,1
RIDE_004990,SCOOT_0001,USER_00084,1781144399,1781146139,40.7123° N,-74.008669,40.703705,-74.010854,50,4
RIDE_004991,SCOOT_0050,USER_01204,06/19/2026 4:34 PM,06/19/2026 4:53 PM,40.763217,73.9492° W,40.765144,-73.948681,63,4
RIDE_004992,SCOOT_0209,USER_01332,06/22/2026 7:43 PM,1782159647,40.738877,-74.012571,40.742133,-74.013724,45%,5
RIDE_004993,SCOOT_0012,USER_00836,2026-06-04 13:49:07,1780582327,40.6716,-74.064614,40.668384,-74.062637,27,2
RIDE_004994,SCOOT_0366,USER_00169,06/10/2026 2:37 PM,06/10/2026 2:51 PM,40.7098° N,-74.010132,40.71197,-74.009148,11,3
RIDE_004995,SCOOT_0393,USER_01146,06/24/2026 1:03 AM,2026-06-24 1:17:16,40.7321° N,73.9957° W,40.729793,-73.99552,40,2
RIDE_004996,SCOOT_0237,USER_00358,06/02/2026 8:24 AM,2026-06-02 8:31:26,40.7133° N,-74.009677,40.709987,-74.011719,11,4
RIDE_004997,SCOOT_0354,USER_00451,06/19/2026 11:29 PM,2026-06-20 0:13:46,40.720946,-74.007651,40.724645,-74.009057,29,
RIDE_004998,SCOOT_0109,USER_01076,2026-06-05 11:55:02,2026-06-05 12:06:02,40.7662° N,-73.9677,40.769035,-73.966487,low,4
RIDE_004999,SCOOT_0180,USER_00262,1781727992,06/17/2026 9:11 PM,40.718309,-74.004487,40.72345,-74.009346,96%,4